"input_order","e3_gene_symbol","ncbi_gene_id","uniprot_accession","e3_protein_class","major_e3_class","match_status","gnomad_symbol_matches","match_method","match_note","matched_gnomad_symbol","ensembl_gene_id","transcript_id","duplicated_gene_assignment","quality_status","quality_flags"
1,"AMFR","267","Q9UKV5","RING","RING","matched",1,"gene symbol checked fallback","E3 source has NCBI GeneID but no Ensembl gene ID; matched to one selected Ensembl protein-coding gnomAD row by symbol.","AMFR","ENSG00000159461","ENST00000290649",FALSE,"pass","none"
2,"ARK2C","494470","Q6ZSG1","RING","RING","unmatched",0,"unmatched","No selected Ensembl protein-coding gnomAD v4.1.1 gene matched this E3 symbol.",,,,FALSE,,
3,"BARD1","580","Q99728","RING","RING","matched",1,"gene symbol checked fallback","E3 source has NCBI GeneID but no Ensembl gene ID; matched to one selected Ensembl protein-coding gnomAD row by symbol.","BARD1","ENSG00000138376","ENST00000260947",FALSE,"pass","none"
4,"BFAR","51283","Q9NZS9","RING","RING","matched",1,"gene symbol checked fallback","E3 source has NCBI GeneID but no Ensembl gene ID; matched to one selected Ensembl protein-coding gnomAD row by symbol.","BFAR","ENSG00000103429","ENST00000261658",FALSE,"pass","none"
5,"BIRC2","329","Q13490","RING","RING","matched",1,"gene symbol checked fallback","E3 source has NCBI GeneID but no Ensembl gene ID; matched to one selected Ensembl protein-coding gnomAD row by symbol.","BIRC2","ENSG00000110330","ENST00000227758",FALSE,"pass","none"
6,"BIRC3","330","Q13489","RING","RING","matched",1,"gene symbol checked fallback","E3 source has NCBI GeneID but no Ensembl gene ID; matched to one selected Ensembl protein-coding gnomAD row by symbol.","BIRC3","ENSG00000023445","ENST00000263464",FALSE,"pass","none"
7,"BIRC7","79444","Q96CA5","RING","RING","matched",1,"gene symbol checked fallback","E3 source has NCBI GeneID but no Ensembl gene ID; matched to one selected Ensembl protein-coding gnomAD row by symbol.","BIRC7","ENSG00000101197","ENST00000217169",FALSE,"pass","none"
8,"BIRC8","112401","Q96P09","RING","RING","unmatched",0,"unmatched","No selected Ensembl protein-coding gnomAD v4.1.1 gene matched this E3 symbol.",,,,FALSE,,
9,"BMI1","648","P35226","RING","RING","matched",1,"gene symbol checked fallback","E3 source has NCBI GeneID but no Ensembl gene ID; matched to one selected Ensembl protein-coding gnomAD row by symbol.","BMI1","ENSG00000168283","ENST00000376663",FALSE,"pass","none"
10,"BRAP","8315","Q7Z569","RING","RING","matched",1,"gene symbol checked fallback","E3 source has NCBI GeneID but no Ensembl gene ID; matched to one selected Ensembl protein-coding gnomAD row by symbol.","BRAP","ENSG00000089234","ENST00000419234",FALSE,"pass","none"
11,"BRCA1","672","P38398","RING","RING","matched",1,"gene symbol checked fallback","E3 source has NCBI GeneID but no Ensembl gene ID; matched to one selected Ensembl protein-coding gnomAD row by symbol.","BRCA1","ENSG00000012048","ENST00000357654",FALSE,"pass","none"
12,"CBL","867","P22681","RING, Ubl E3","RING","matched",1,"gene symbol checked fallback","E3 source has NCBI GeneID but no Ensembl gene ID; matched to one selected Ensembl protein-coding gnomAD row by symbol.","CBL","ENSG00000110395","ENST00000264033",FALSE,"pass","none"
13,"CBLB","868","Q13191","RING","RING","matched",1,"gene symbol checked fallback","E3 source has NCBI GeneID but no Ensembl gene ID; matched to one selected Ensembl protein-coding gnomAD row by symbol.","CBLB","ENSG00000114423","ENST00000394030",FALSE,"pass","none"
14,"CBLC","23624","Q9ULV8","RING","RING","matched",1,"gene symbol checked fallback","E3 source has NCBI GeneID but no Ensembl gene ID; matched to one selected Ensembl protein-coding gnomAD row by symbol.","CBLC","ENSG00000142273","ENST00000647358",FALSE,"pass","none"
15,"CBLL1","79872","Q75N03","RING","RING","matched",1,"gene symbol checked fallback","E3 source has NCBI GeneID but no Ensembl gene ID; matched to one selected Ensembl protein-coding gnomAD row by symbol.","CBLL1","ENSG00000105879","ENST00000440859",FALSE,"pass","none"
16,"CBLL2","158506","Q8N7E2","RING","RING","matched",1,"gene symbol checked fallback","E3 source has NCBI GeneID but no Ensembl gene ID; matched to one selected Ensembl protein-coding gnomAD row by symbol.","CBLL2","ENSG00000175809","ENST00000323684",FALSE,"flagged","constraint_flags=[""no_exp_lof""]"
17,"CCNB1IP1","57820","Q9NPC3","RING","RING","matched",1,"gene symbol checked fallback","E3 source has NCBI GeneID but no Ensembl gene ID; matched to one selected Ensembl protein-coding gnomAD row by symbol.","CCNB1IP1","ENSG00000100814","ENST00000358932",FALSE,"pass","none"
18,"CGRRF1","10668","Q99675","RING","RING","matched",1,"gene symbol checked fallback","E3 source has NCBI GeneID but no Ensembl gene ID; matched to one selected Ensembl protein-coding gnomAD row by symbol.","CGRRF1","ENSG00000100532","ENST00000216420",FALSE,"pass","none"
19,"CHFR","55743","Q96EP1","RING","RING","matched",1,"gene symbol checked fallback","E3 source has NCBI GeneID but no Ensembl gene ID; matched to one selected Ensembl protein-coding gnomAD row by symbol.","CHFR","ENSG00000072609","ENST00000450056",FALSE,"pass","none"
20,"CNOT4","4850","O95628","RING","RING","matched",1,"gene symbol checked fallback","E3 source has NCBI GeneID but no Ensembl gene ID; matched to one selected Ensembl protein-coding gnomAD row by symbol.","CNOT4","ENSG00000080802","ENST00000541284",FALSE,"pass","none"
21,"COP1","64326","Q8NHY2","RING, CRL4 substrate receptor (DDB1-binding protein)","CRL4/DDB1","matched",1,"gene symbol checked fallback","E3 source has NCBI GeneID but no Ensembl gene ID; matched to one selected Ensembl protein-coding gnomAD row by symbol.","COP1","ENSG00000143207","ENST00000367669",FALSE,"pass","none"
22,"DCST1","149095","Q5T197","RING","RING","matched",1,"gene symbol checked fallback","E3 source has NCBI GeneID but no Ensembl gene ID; matched to one selected Ensembl protein-coding gnomAD row by symbol.","DCST1","ENSG00000163357","ENST00000295542",FALSE,"pass","none"
23,"DTX1","1840","Q86Y01","RING","RING","matched",1,"gene symbol checked fallback","E3 source has NCBI GeneID but no Ensembl gene ID; matched to one selected Ensembl protein-coding gnomAD row by symbol.","DTX1","ENSG00000135144","ENST00000548759",FALSE,"pass","none"
24,"DTX2","113878","Q86UW9","RING","RING","matched",1,"gene symbol checked fallback","E3 source has NCBI GeneID but no Ensembl gene ID; matched to one selected Ensembl protein-coding gnomAD row by symbol.","DTX2","ENSG00000091073","ENST00000430490",FALSE,"flagged","gene_flags=[""low_exome_mapping_quality""]"
25,"DTX3","196403","Q8N9I9","RING","RING","matched",1,"gene symbol checked fallback","E3 source has NCBI GeneID but no Ensembl gene ID; matched to one selected Ensembl protein-coding gnomAD row by symbol.","DTX3","ENSG00000178498","ENST00000337737",FALSE,"pass","none"
26,"DTX3L","151636","Q8TDB6","RING","RING","matched",1,"gene symbol checked fallback","E3 source has NCBI GeneID but no Ensembl gene ID; matched to one selected Ensembl protein-coding gnomAD row by symbol.","DTX3L","ENSG00000163840","ENST00000296161",FALSE,"pass","none"
27,"DTX4","23220","Q9Y2E6","RING","RING","matched",1,"gene symbol checked fallback","E3 source has NCBI GeneID but no Ensembl gene ID; matched to one selected Ensembl protein-coding gnomAD row by symbol.","DTX4","ENSG00000110042","ENST00000227451",FALSE,"pass","none"
28,"DZIP3","9666","Q86Y13","RING","RING","matched",1,"gene symbol checked fallback","E3 source has NCBI GeneID but no Ensembl gene ID; matched to one selected Ensembl protein-coding gnomAD row by symbol.","DZIP3","ENSG00000198919","ENST00000361582",FALSE,"pass","none"
29,"FANCL","55120","Q9NW38","RING","RING","matched",1,"gene symbol checked fallback","E3 source has NCBI GeneID but no Ensembl gene ID; matched to one selected Ensembl protein-coding gnomAD row by symbol.","FANCL","ENSG00000115392","ENST00000233741",FALSE,"pass","none"
30,"G2E3","55632","Q7L622","RING, HECT","HECT","matched",1,"gene symbol checked fallback","E3 source has NCBI GeneID but no Ensembl gene ID; matched to one selected Ensembl protein-coding gnomAD row by symbol.","G2E3","ENSG00000092140","ENST00000206595",FALSE,"pass","none"
31,"GTF2H2","2966","Q13888","RING","RING","matched",1,"gene symbol checked fallback","E3 source has NCBI GeneID but no Ensembl gene ID; matched to one selected Ensembl protein-coding gnomAD row by symbol.","GTF2H2","ENSG00000145736","ENST00000274400",FALSE,"flagged","gene_flags=[""low_exome_mapping_quality""]"
32,"HLTF","6596","Q14527","RING","RING","matched",1,"gene symbol checked fallback","E3 source has NCBI GeneID but no Ensembl gene ID; matched to one selected Ensembl protein-coding gnomAD row by symbol.","HLTF","ENSG00000071794","ENST00000310053",FALSE,"pass","none"
33,"IRF2BP1","26145","Q8IU81","RING","RING","matched",1,"gene symbol checked fallback","E3 source has NCBI GeneID but no Ensembl gene ID; matched to one selected Ensembl protein-coding gnomAD row by symbol.","IRF2BP1","ENSG00000170604","ENST00000302165",FALSE,"pass","none"
34,"IRF2BP2","359948","Q7Z5L9","RING","RING","matched",1,"gene symbol checked fallback","E3 source has NCBI GeneID but no Ensembl gene ID; matched to one selected Ensembl protein-coding gnomAD row by symbol.","IRF2BP2","ENSG00000168264","ENST00000366609",FALSE,"flagged","constraint_flags=[""outlier_syn""]"
35,"IRF2BPL","64207","Q9H1B7","RING","RING","matched",1,"gene symbol checked fallback","E3 source has NCBI GeneID but no Ensembl gene ID; matched to one selected Ensembl protein-coding gnomAD row by symbol.","IRF2BPL","ENSG00000119669","ENST00000238647",FALSE,"flagged","constraint_flags=[""outlier_syn""]"
36,"LNX1","84708","Q8TBB1","RING","RING","matched",1,"gene symbol checked fallback","E3 source has NCBI GeneID but no Ensembl gene ID; matched to one selected Ensembl protein-coding gnomAD row by symbol.","LNX1","ENSG00000072201","ENST00000263925",FALSE,"pass","none"
37,"LNX2","222484","Q8N448","RING","RING","matched",1,"gene symbol checked fallback","E3 source has NCBI GeneID but no Ensembl gene ID; matched to one selected Ensembl protein-coding gnomAD row by symbol.","LNX2","ENSG00000139517","ENST00000316334",FALSE,"pass","none"
38,"LOC122513141","122513141","A0A2R8Y4M4","RING","RING","unmatched",0,"unmatched","No selected Ensembl protein-coding gnomAD v4.1.1 gene matched this E3 symbol.",,,,FALSE,,
39,"LONRF1","91694","Q17RB8","RING","RING","matched",1,"gene symbol checked fallback","E3 source has NCBI GeneID but no Ensembl gene ID; matched to one selected Ensembl protein-coding gnomAD row by symbol.","LONRF1","ENSG00000154359","ENST00000398246",FALSE,"pass","none"
40,"LONRF2","164832","Q1L5Z9","RING","RING","matched",1,"gene symbol checked fallback","E3 source has NCBI GeneID but no Ensembl gene ID; matched to one selected Ensembl protein-coding gnomAD row by symbol.","LONRF2","ENSG00000170500","ENST00000393437",FALSE,"pass","none"
41,"LONRF3","79836","Q496Y0","RING","RING","matched",1,"gene symbol checked fallback","E3 source has NCBI GeneID but no Ensembl gene ID; matched to one selected Ensembl protein-coding gnomAD row by symbol.","LONRF3","ENSG00000175556","ENST00000371628",FALSE,"pass","none"
42,"LRSAM1","90678","Q6UWE0","RING","RING","matched",1,"gene symbol checked fallback","E3 source has NCBI GeneID but no Ensembl gene ID; matched to one selected Ensembl protein-coding gnomAD row by symbol.","LRSAM1","ENSG00000148356","ENST00000300417",FALSE,"pass","none"
43,"LTN1","26046","O94822","RING","RING","matched",1,"gene symbol checked fallback","E3 source has NCBI GeneID but no Ensembl gene ID; matched to one selected Ensembl protein-coding gnomAD row by symbol.","LTN1","ENSG00000198862","ENST00000361371",FALSE,"pass","none"
44,"MAP3K1","4214","Q13233","RING","RING","matched",1,"gene symbol checked fallback","E3 source has NCBI GeneID but no Ensembl gene ID; matched to one selected Ensembl protein-coding gnomAD row by symbol.","MAP3K1","ENSG00000095015","ENST00000399503",FALSE,"pass","none"
45,"MARCHF1","55016","Q8TCQ1","RING","RING","matched",1,"gene symbol checked fallback","E3 source has NCBI GeneID but no Ensembl gene ID; matched to one selected Ensembl protein-coding gnomAD row by symbol.","MARCHF1","ENSG00000145416","ENST00000514618",FALSE,"pass","none"
46,"MARCHF10","162333","Q8NA82","RING","RING","matched",1,"gene symbol checked fallback","E3 source has NCBI GeneID but no Ensembl gene ID; matched to one selected Ensembl protein-coding gnomAD row by symbol.","MARCHF10","ENSG00000173838","ENST00000311269",FALSE,"pass","none"
47,"MARCHF11","441061","A6NNE9","RING","RING","matched",1,"gene symbol checked fallback","E3 source has NCBI GeneID but no Ensembl gene ID; matched to one selected Ensembl protein-coding gnomAD row by symbol.","MARCHF11","ENSG00000183654","ENST00000332432",FALSE,"pass","none"
48,"MARCHF2","51257","Q9P0N8","RING","RING","matched",1,"gene symbol checked fallback","E3 source has NCBI GeneID but no Ensembl gene ID; matched to one selected Ensembl protein-coding gnomAD row by symbol.","MARCHF2","ENSG00000099785","ENST00000215555",FALSE,"pass","none"
49,"MARCHF3","115123","Q86UD3","RING","RING","matched",1,"gene symbol checked fallback","E3 source has NCBI GeneID but no Ensembl gene ID; matched to one selected Ensembl protein-coding gnomAD row by symbol.","MARCHF3","ENSG00000173926","ENST00000308660",FALSE,"pass","none"
50,"MARCHF4","57574","Q9P2E8","RING","RING","matched",1,"gene symbol checked fallback","E3 source has NCBI GeneID but no Ensembl gene ID; matched to one selected Ensembl protein-coding gnomAD row by symbol.","MARCHF4","ENSG00000144583","ENST00000273067",FALSE,"pass","none"
51,"MARCHF5","54708","Q9NX47","RING","RING","matched",1,"gene symbol checked fallback","E3 source has NCBI GeneID but no Ensembl gene ID; matched to one selected Ensembl protein-coding gnomAD row by symbol.","MARCHF5","ENSG00000198060","ENST00000358935",FALSE,"pass","none"
52,"MARCHF6","10299","O60337","RING","RING","matched",1,"gene symbol checked fallback","E3 source has NCBI GeneID but no Ensembl gene ID; matched to one selected Ensembl protein-coding gnomAD row by symbol.","MARCHF6","ENSG00000145495","ENST00000274140",FALSE,"pass","none"
53,"MARCHF7","64844","Q9H992","RING","RING","matched",1,"gene symbol checked fallback","E3 source has NCBI GeneID but no Ensembl gene ID; matched to one selected Ensembl protein-coding gnomAD row by symbol.","MARCHF7","ENSG00000136536","ENST00000409175",FALSE,"pass","none"
54,"MARCHF8","220972","Q5T0T0","RING","RING","matched",1,"gene symbol checked fallback","E3 source has NCBI GeneID but no Ensembl gene ID; matched to one selected Ensembl protein-coding gnomAD row by symbol.","MARCHF8","ENSG00000165406","ENST00000453424",FALSE,"pass","none"
55,"MARCHF9","92979","Q86YJ5","RING","RING","matched",1,"gene symbol checked fallback","E3 source has NCBI GeneID but no Ensembl gene ID; matched to one selected Ensembl protein-coding gnomAD row by symbol.","MARCHF9","ENSG00000139266","ENST00000266643",FALSE,"pass","none"
56,"MDM2","4193","Q00987","RING, Ubl E3","RING","matched",1,"gene symbol checked fallback","E3 source has NCBI GeneID but no Ensembl gene ID; matched to one selected Ensembl protein-coding gnomAD row by symbol.","MDM2","ENSG00000135679","ENST00000258149",FALSE,"pass","none"
57,"MDM4","4194","O15151","RING","RING","matched",1,"gene symbol checked fallback","E3 source has NCBI GeneID but no Ensembl gene ID; matched to one selected Ensembl protein-coding gnomAD row by symbol.","MDM4","ENSG00000198625","ENST00000367182",FALSE,"pass","none"
58,"MEX3A","92312","A1L020","RING","RING","matched",1,"gene symbol checked fallback","E3 source has NCBI GeneID but no Ensembl gene ID; matched to one selected Ensembl protein-coding gnomAD row by symbol.","MEX3A","ENSG00000254726","ENST00000532414",FALSE,"pass","none"
59,"MEX3B","84206","Q6ZN04","RING","RING","matched",1,"gene symbol checked fallback","E3 source has NCBI GeneID but no Ensembl gene ID; matched to one selected Ensembl protein-coding gnomAD row by symbol.","MEX3B","ENSG00000183496","ENST00000329713",FALSE,"pass","none"
60,"MEX3C","51320","Q5U5Q3","RING","RING","matched",1,"gene symbol checked fallback","E3 source has NCBI GeneID but no Ensembl gene ID; matched to one selected Ensembl protein-coding gnomAD row by symbol.","MEX3C","ENSG00000176624","ENST00000406189",FALSE,"pass","none"
61,"MEX3D","399664","Q86XN8","RING","RING","matched",1,"gene symbol checked fallback","E3 source has NCBI GeneID but no Ensembl gene ID; matched to one selected Ensembl protein-coding gnomAD row by symbol.","MEX3D","ENSG00000181588","ENST00000402693",FALSE,"pass","none"
62,"MGRN1","23295","O60291","RING","RING","matched",1,"gene symbol checked fallback","E3 source has NCBI GeneID but no Ensembl gene ID; matched to one selected Ensembl protein-coding gnomAD row by symbol.","MGRN1","ENSG00000102858","ENST00000262370",FALSE,"pass","none"
63,"MIB1","57534","Q86YT6","RING","RING","matched",1,"gene symbol checked fallback","E3 source has NCBI GeneID but no Ensembl gene ID; matched to one selected Ensembl protein-coding gnomAD row by symbol.","MIB1","ENSG00000101752","ENST00000261537",FALSE,"flagged","constraint_flags=[""outlier_lof""]"
64,"MIB2","142678","Q96AX9","RING","RING","matched",1,"gene symbol checked fallback","E3 source has NCBI GeneID but no Ensembl gene ID; matched to one selected Ensembl protein-coding gnomAD row by symbol.","MIB2","ENSG00000197530","ENST00000355826",FALSE,"pass","none"
65,"MID1","4281","O15344","RING","RING","matched",1,"gene symbol checked fallback","E3 source has NCBI GeneID but no Ensembl gene ID; matched to one selected Ensembl protein-coding gnomAD row by symbol.","MID1","ENSG00000101871","ENST00000317552",FALSE,"pass","none"
66,"MID2","11043","Q9UJV3","RING","RING","matched",1,"gene symbol checked fallback","E3 source has NCBI GeneID but no Ensembl gene ID; matched to one selected Ensembl protein-coding gnomAD row by symbol.","MID2","ENSG00000080561","ENST00000262843",FALSE,"pass","none"
67,"MKRN1","23608","Q9UHC7","RING","RING","matched",1,"gene symbol checked fallback","E3 source has NCBI GeneID but no Ensembl gene ID; matched to one selected Ensembl protein-coding gnomAD row by symbol.","MKRN1","ENSG00000133606","ENST00000255977",FALSE,"pass","none"
68,"MKRN2","23609","Q9H000","RING","RING","matched",1,"gene symbol checked fallback","E3 source has NCBI GeneID but no Ensembl gene ID; matched to one selected Ensembl protein-coding gnomAD row by symbol.","MKRN2","ENSG00000075975","ENST00000170447",FALSE,"pass","none"
69,"MKRN3","7681","Q13064","RING","RING","matched",1,"gene symbol checked fallback","E3 source has NCBI GeneID but no Ensembl gene ID; matched to one selected Ensembl protein-coding gnomAD row by symbol.","MKRN3","ENSG00000179455","ENST00000314520",FALSE,"flagged","constraint_flags=[""no_exp_lof""]"
70,"MNAT1","4331","P51948","RING","RING","matched",1,"gene symbol checked fallback","E3 source has NCBI GeneID but no Ensembl gene ID; matched to one selected Ensembl protein-coding gnomAD row by symbol.","MNAT1","ENSG00000020426","ENST00000261245",FALSE,"pass","none"
71,"MSL2","55167","Q9HCI7","RING","RING","matched",1,"gene symbol checked fallback","E3 source has NCBI GeneID but no Ensembl gene ID; matched to one selected Ensembl protein-coding gnomAD row by symbol.","MSL2","ENSG00000174579","ENST00000309993",FALSE,"pass","none"
72,"MUL1","79594","Q969V5","RING","RING","matched",1,"gene symbol checked fallback","E3 source has NCBI GeneID but no Ensembl gene ID; matched to one selected Ensembl protein-coding gnomAD row by symbol.","MUL1","ENSG00000090432","ENST00000264198",FALSE,"pass","none"
73,"MYLIP","29116","Q8WY64","RING","RING","matched",1,"gene symbol checked fallback","E3 source has NCBI GeneID but no Ensembl gene ID; matched to one selected Ensembl protein-coding gnomAD row by symbol.","MYLIP","ENSG00000007944","ENST00000356840",FALSE,"pass","none"
74,"NEURL1","9148","O76050","RING","RING","matched",1,"gene symbol checked fallback","E3 source has NCBI GeneID but no Ensembl gene ID; matched to one selected Ensembl protein-coding gnomAD row by symbol.","NEURL1","ENSG00000107954","ENST00000369780",FALSE,"pass","none"
75,"NEURL1B","54492","A8MQ27","RING","RING","matched",1,"gene symbol checked fallback","E3 source has NCBI GeneID but no Ensembl gene ID; matched to one selected Ensembl protein-coding gnomAD row by symbol.","NEURL1B","ENSG00000214357","ENST00000369800",FALSE,"pass","none"
76,"NEURL3","93082","Q96EH8","RING","RING","matched",1,"gene symbol checked fallback","E3 source has NCBI GeneID but no Ensembl gene ID; matched to one selected Ensembl protein-coding gnomAD row by symbol.","NEURL3","ENSG00000163121","ENST00000451794",FALSE,"pass","none"
77,"NFX1","4799","Q12986","RING","RING","matched",1,"gene symbol checked fallback","E3 source has NCBI GeneID but no Ensembl gene ID; matched to one selected Ensembl protein-coding gnomAD row by symbol.","NFX1","ENSG00000086102","ENST00000379540",FALSE,"pass","none"
78,"NFXL1","152518","Q6ZNB6","RING","RING","matched",1,"gene symbol checked fallback","E3 source has NCBI GeneID but no Ensembl gene ID; matched to one selected Ensembl protein-coding gnomAD row by symbol.","NFXL1","ENSG00000170448","ENST00000507489",FALSE,"pass","none"
79,"NHLRC1","378884","Q6VVB1","RING","RING","matched",1,"gene symbol checked fallback","E3 source has NCBI GeneID but no Ensembl gene ID; matched to one selected Ensembl protein-coding gnomAD row by symbol.","NHLRC1","ENSG00000187566","ENST00000340650",FALSE,"pass","none"
80,"NSMCE1","197370","Q8WV22","RING","RING","matched",1,"gene symbol checked fallback","E3 source has NCBI GeneID but no Ensembl gene ID; matched to one selected Ensembl protein-coding gnomAD row by symbol.","NSMCE1","ENSG00000169189","ENST00000361439",FALSE,"pass","none"
81,"OBI1","79596","Q5W0B1","RING","RING","matched",1,"gene symbol checked fallback","E3 source has NCBI GeneID but no Ensembl gene ID; matched to one selected Ensembl protein-coding gnomAD row by symbol.","OBI1","ENSG00000152193","ENST00000282003",FALSE,"pass","none"
82,"PCGF1","84759","Q9BSM1","RING","RING","matched",1,"gene symbol checked fallback","E3 source has NCBI GeneID but no Ensembl gene ID; matched to one selected Ensembl protein-coding gnomAD row by symbol.","PCGF1","ENSG00000115289","ENST00000233630",FALSE,"pass","none"
83,"PCGF2","7703","P35227","RING","RING","matched",1,"gene symbol checked fallback","E3 source has NCBI GeneID but no Ensembl gene ID; matched to one selected Ensembl protein-coding gnomAD row by symbol.","PCGF2","ENSG00000277258","ENST00000620225",FALSE,"pass","none"
84,"PCGF3","10336","Q3KNV8","RING","RING","matched",1,"gene symbol checked fallback","E3 source has NCBI GeneID but no Ensembl gene ID; matched to one selected Ensembl protein-coding gnomAD row by symbol.","PCGF3","ENSG00000185619","ENST00000362003",FALSE,"pass","none"
85,"PCGF5","84333","Q86SE9","RING","RING","matched",1,"gene symbol checked fallback","E3 source has NCBI GeneID but no Ensembl gene ID; matched to one selected Ensembl protein-coding gnomAD row by symbol.","PCGF5","ENSG00000180628","ENST00000336126",FALSE,"pass","none"
86,"PCGF6","84108","Q9BYE7","RING","RING","matched",1,"gene symbol checked fallback","E3 source has NCBI GeneID but no Ensembl gene ID; matched to one selected Ensembl protein-coding gnomAD row by symbol.","PCGF6","ENSG00000156374","ENST00000369847",FALSE,"pass","none"
87,"PDZRN3","23024","Q9UPQ7","RING","RING","matched",1,"gene symbol checked fallback","E3 source has NCBI GeneID but no Ensembl gene ID; matched to one selected Ensembl protein-coding gnomAD row by symbol.","PDZRN3","ENSG00000121440","ENST00000263666",FALSE,"pass","none"
88,"PDZRN4","29951","Q6ZMN7","RING","RING","matched",1,"gene symbol checked fallback","E3 source has NCBI GeneID but no Ensembl gene ID; matched to one selected Ensembl protein-coding gnomAD row by symbol.","PDZRN4","ENSG00000165966","ENST00000402685",FALSE,"pass","none"
89,"PEX10","5192","O60683","RING","RING","matched",1,"gene symbol checked fallback","E3 source has NCBI GeneID but no Ensembl gene ID; matched to one selected Ensembl protein-coding gnomAD row by symbol.","PEX10","ENSG00000157911","ENST00000447513",FALSE,"pass","none"
90,"PEX12","5193","O00623","RING","RING","matched",1,"gene symbol checked fallback","E3 source has NCBI GeneID but no Ensembl gene ID; matched to one selected Ensembl protein-coding gnomAD row by symbol.","PEX12","ENSG00000108733","ENST00000225873",FALSE,"pass","none"
91,"PEX2","5828","P28328","RING","RING","matched",1,"gene symbol checked fallback","E3 source has NCBI GeneID but no Ensembl gene ID; matched to one selected Ensembl protein-coding gnomAD row by symbol.","PEX2","ENSG00000164751","ENST00000357039",FALSE,"pass","none"
92,"PHF7","51533","Q9BWX1","RING","RING","matched",1,"gene symbol checked fallback","E3 source has NCBI GeneID but no Ensembl gene ID; matched to one selected Ensembl protein-coding gnomAD row by symbol.","PHF7","ENSG00000010318","ENST00000327906",FALSE,"pass","none"
93,"PHRF1","57661","Q9P1Y6","RING","RING","matched",1,"gene symbol checked fallback","E3 source has NCBI GeneID but no Ensembl gene ID; matched to one selected Ensembl protein-coding gnomAD row by symbol.","PHRF1","ENSG00000070047","ENST00000264555",FALSE,"pass","none"
94,"PJA1","64219","Q8NG27","RING","RING","matched",1,"gene symbol checked fallback","E3 source has NCBI GeneID but no Ensembl gene ID; matched to one selected Ensembl protein-coding gnomAD row by symbol.","PJA1","ENSG00000181191","ENST00000374571",FALSE,"pass","none"
95,"PJA2","9867","O43164","RING","RING","matched",1,"gene symbol checked fallback","E3 source has NCBI GeneID but no Ensembl gene ID; matched to one selected Ensembl protein-coding gnomAD row by symbol.","PJA2","ENSG00000198961","ENST00000361189",FALSE,"pass","none"
96,"PML","5371","P29590","RING","RING","matched",1,"gene symbol checked fallback","E3 source has NCBI GeneID but no Ensembl gene ID; matched to one selected Ensembl protein-coding gnomAD row by symbol.","PML","ENSG00000140464","ENST00000268058",FALSE,"pass","none"
97,"RAD18","56852","Q9NS91","RING","RING","matched",1,"gene symbol checked fallback","E3 source has NCBI GeneID but no Ensembl gene ID; matched to one selected Ensembl protein-coding gnomAD row by symbol.","RAD18","ENSG00000070950","ENST00000264926",FALSE,"pass","none"
98,"RAG1","5896","P15918","RING","RING","matched",1,"gene symbol checked fallback","E3 source has NCBI GeneID but no Ensembl gene ID; matched to one selected Ensembl protein-coding gnomAD row by symbol.","RAG1","ENSG00000166349","ENST00000299440",FALSE,"pass","none"
99,"RAPSN","5913","Q13702","RING","RING","matched",1,"gene symbol checked fallback","E3 source has NCBI GeneID but no Ensembl gene ID; matched to one selected Ensembl protein-coding gnomAD row by symbol.","RAPSN","ENSG00000165917","ENST00000298854",FALSE,"pass","none"
100,"RBBP6","5930","Q7Z6E9","RING","RING","matched",1,"gene symbol checked fallback","E3 source has NCBI GeneID but no Ensembl gene ID; matched to one selected Ensembl protein-coding gnomAD row by symbol.","RBBP6","ENSG00000122257","ENST00000319715",FALSE,"pass","none"
101,"RC3H1","149041","Q5TC82","RING","RING","matched",1,"gene symbol checked fallback","E3 source has NCBI GeneID but no Ensembl gene ID; matched to one selected Ensembl protein-coding gnomAD row by symbol.","RC3H1","ENSG00000135870","ENST00000367696",FALSE,"pass","none"
102,"RC3H2","54542","Q9HBD1","RING","RING","matched",1,"gene symbol checked fallback","E3 source has NCBI GeneID but no Ensembl gene ID; matched to one selected Ensembl protein-coding gnomAD row by symbol.","RC3H2","ENSG00000056586","ENST00000357244",FALSE,"pass","none"
103,"RCHY1","25898","Q96PM5","RING","RING","matched",1,"gene symbol checked fallback","E3 source has NCBI GeneID but no Ensembl gene ID; matched to one selected Ensembl protein-coding gnomAD row by symbol.","RCHY1","ENSG00000163743","ENST00000324439",FALSE,"pass","none"
104,"RFFL","117584","Q8WZ73","RING","RING","matched",1,"gene symbol checked fallback","E3 source has NCBI GeneID but no Ensembl gene ID; matched to one selected Ensembl protein-coding gnomAD row by symbol.","RFFL","ENSG00000092871","ENST00000394597",FALSE,"pass","none"
105,"RFPL1","5988","O75677","RING","RING","matched",1,"gene symbol checked fallback","E3 source has NCBI GeneID but no Ensembl gene ID; matched to one selected Ensembl protein-coding gnomAD row by symbol.","RFPL1","ENSG00000128250","ENST00000354373",FALSE,"pass","none"
106,"RFPL2","10739","O75678","RING","RING","matched",1,"gene symbol checked fallback","E3 source has NCBI GeneID but no Ensembl gene ID; matched to one selected Ensembl protein-coding gnomAD row by symbol.","RFPL2","ENSG00000128253","ENST00000652607",FALSE,"pass","none"
107,"RFPL3","10738","O75679","RING","RING","matched",1,"gene symbol checked fallback","E3 source has NCBI GeneID but no Ensembl gene ID; matched to one selected Ensembl protein-coding gnomAD row by symbol.","RFPL3","ENSG00000128276","ENST00000249007",FALSE,"pass","none"
108,"RFPL4A","342931","A6NLU0","RING","RING","matched",1,"gene symbol checked fallback","E3 source has NCBI GeneID but no Ensembl gene ID; matched to one selected Ensembl protein-coding gnomAD row by symbol.","RFPL4A","ENSG00000223638","ENST00000434937",FALSE,"flagged","gene_flags=[""low_exome_mapping_quality""]; constraint_flags=[""outlier_syn""]"
109,"RFPL4AL1","729974","F8VTS6","RING","RING","matched",1,"gene symbol checked fallback","E3 source has NCBI GeneID but no Ensembl gene ID; matched to one selected Ensembl protein-coding gnomAD row by symbol.","RFPL4AL1","ENSG00000229292","ENST00000341750",FALSE,"flagged","gene_flags=[""low_exome_mapping_quality""]; constraint_flags=[""outlier_syn""]"
110,"RFPL4B","442247","Q6ZWI9","RING","RING","matched",1,"gene symbol checked fallback","E3 source has NCBI GeneID but no Ensembl gene ID; matched to one selected Ensembl protein-coding gnomAD row by symbol.","RFPL4B","ENSG00000251258","ENST00000441065",FALSE,"flagged","constraint_flags=[""no_exp_lof""]"
111,"RFWD3","55159","Q6PCD5","RING","RING","matched",1,"gene symbol checked fallback","E3 source has NCBI GeneID but no Ensembl gene ID; matched to one selected Ensembl protein-coding gnomAD row by symbol.","RFWD3","ENSG00000168411","ENST00000361070",FALSE,"pass","none"
112,"RING1","6015","Q06587","RING","RING","matched",1,"gene symbol checked fallback","E3 source has NCBI GeneID but no Ensembl gene ID; matched to one selected Ensembl protein-coding gnomAD row by symbol.","RING1","ENSG00000204227","ENST00000374656",FALSE,"pass","none"
113,"RLIM","51132","Q9NVW2","RING","RING","matched",1,"gene symbol checked fallback","E3 source has NCBI GeneID but no Ensembl gene ID; matched to one selected Ensembl protein-coding gnomAD row by symbol.","RLIM","ENSG00000131263","ENST00000332687",FALSE,"pass","none"
114,"RNF10","9921","Q8N5U6","RING","RING","matched",1,"gene symbol checked fallback","E3 source has NCBI GeneID but no Ensembl gene ID; matched to one selected Ensembl protein-coding gnomAD row by symbol.","RNF10","ENSG00000022840","ENST00000325954",FALSE,"pass","none"
115,"RNF103","7844","O00237","RING","RING","matched",1,"gene symbol checked fallback","E3 source has NCBI GeneID but no Ensembl gene ID; matched to one selected Ensembl protein-coding gnomAD row by symbol.","RNF103","ENSG00000239305","ENST00000237455",FALSE,"pass","none"
116,"RNF11","26994","Q9Y3C5","RING","RING","matched",1,"gene symbol checked fallback","E3 source has NCBI GeneID but no Ensembl gene ID; matched to one selected Ensembl protein-coding gnomAD row by symbol.","RNF11","ENSG00000123091","ENST00000242719",FALSE,"pass","none"
117,"RNF111","54778","Q6ZNA4","RING","RING","matched",1,"gene symbol checked fallback","E3 source has NCBI GeneID but no Ensembl gene ID; matched to one selected Ensembl protein-coding gnomAD row by symbol.","RNF111","ENSG00000157450","ENST00000348370",FALSE,"pass","none"
118,"RNF112","7732","Q9ULX5","RING","RING","matched",1,"gene symbol checked fallback","E3 source has NCBI GeneID but no Ensembl gene ID; matched to one selected Ensembl protein-coding gnomAD row by symbol.","RNF112","ENSG00000128482","ENST00000461366",FALSE,"pass","none"
119,"RNF113A","7737","O15541","RING","RING","matched",1,"gene symbol checked fallback","E3 source has NCBI GeneID but no Ensembl gene ID; matched to one selected Ensembl protein-coding gnomAD row by symbol.","RNF113A","ENSG00000125352","ENST00000371442",FALSE,"flagged","constraint_flags=[""no_exp_lof""]"
120,"RNF113B","140432","Q8IZP6","RING","RING","matched",1,"gene symbol checked fallback","E3 source has NCBI GeneID but no Ensembl gene ID; matched to one selected Ensembl protein-coding gnomAD row by symbol.","RNF113B","ENSG00000139797","ENST00000267291",FALSE,"pass","none"
121,"RNF114","55905","Q9Y508","RING","RING","matched",1,"gene symbol checked fallback","E3 source has NCBI GeneID but no Ensembl gene ID; matched to one selected Ensembl protein-coding gnomAD row by symbol.","RNF114","ENSG00000124226","ENST00000244061",FALSE,"pass","none"
122,"RNF115","27246","Q9Y4L5","RING","RING","matched",1,"gene symbol checked fallback","E3 source has NCBI GeneID but no Ensembl gene ID; matched to one selected Ensembl protein-coding gnomAD row by symbol.","RNF115","ENSG00000265491","ENST00000582693",FALSE,"pass","none"
123,"RNF121","55298","Q9H920","RING","RING","matched",1,"gene symbol checked fallback","E3 source has NCBI GeneID but no Ensembl gene ID; matched to one selected Ensembl protein-coding gnomAD row by symbol.","RNF121","ENSG00000137522","ENST00000361756",FALSE,"pass","none"
124,"RNF122","79845","Q9H9V4","RING","RING","matched",1,"gene symbol checked fallback","E3 source has NCBI GeneID but no Ensembl gene ID; matched to one selected Ensembl protein-coding gnomAD row by symbol.","RNF122","ENSG00000133874","ENST00000256257",FALSE,"pass","none"
125,"RNF123","63891","Q5XPI4","RING","RING","matched",1,"gene symbol checked fallback","E3 source has NCBI GeneID but no Ensembl gene ID; matched to one selected Ensembl protein-coding gnomAD row by symbol.","RNF123","ENSG00000164068","ENST00000327697",FALSE,"pass","none"
126,"RNF125","54941","Q96EQ8","RING","RING","matched",1,"gene symbol checked fallback","E3 source has NCBI GeneID but no Ensembl gene ID; matched to one selected Ensembl protein-coding gnomAD row by symbol.","RNF125","ENSG00000101695","ENST00000217740",FALSE,"pass","none"
127,"RNF126","55658","Q9BV68","RING","RING","matched",1,"gene symbol checked fallback","E3 source has NCBI GeneID but no Ensembl gene ID; matched to one selected Ensembl protein-coding gnomAD row by symbol.","RNF126","ENSG00000070423","ENST00000292363",FALSE,"pass","none"
128,"RNF128","79589","Q8TEB7","RING","RING","matched",1,"gene symbol checked fallback","E3 source has NCBI GeneID but no Ensembl gene ID; matched to one selected Ensembl protein-coding gnomAD row by symbol.","RNF128","ENSG00000133135","ENST00000255499",FALSE,"pass","none"
129,"RNF13","11342","O43567","RING","RING","matched",1,"gene symbol checked fallback","E3 source has NCBI GeneID but no Ensembl gene ID; matched to one selected Ensembl protein-coding gnomAD row by symbol.","RNF13","ENSG00000082996","ENST00000392894",FALSE,"pass","none"
130,"RNF130","55819","Q86XS8","RING","RING","matched",1,"gene symbol checked fallback","E3 source has NCBI GeneID but no Ensembl gene ID; matched to one selected Ensembl protein-coding gnomAD row by symbol.","RNF130","ENSG00000113269","ENST00000521389",FALSE,"pass","none"
131,"RNF133","168433","Q8WVZ7","RING","RING","matched",1,"gene symbol checked fallback","E3 source has NCBI GeneID but no Ensembl gene ID; matched to one selected Ensembl protein-coding gnomAD row by symbol.","RNF133","ENSG00000188050","ENST00000340112",FALSE,"flagged","constraint_flags=[""no_exp_lof""]"
132,"RNF135","84282","Q8IUD6","RING","RING","matched",1,"gene symbol checked fallback","E3 source has NCBI GeneID but no Ensembl gene ID; matched to one selected Ensembl protein-coding gnomAD row by symbol.","RNF135","ENSG00000181481","ENST00000328381",FALSE,"pass","none"
133,"RNF138","51444","Q8WVD3","RING","RING","matched",1,"gene symbol checked fallback","E3 source has NCBI GeneID but no Ensembl gene ID; matched to one selected Ensembl protein-coding gnomAD row by symbol.","RNF138","ENSG00000134758","ENST00000261593",FALSE,"pass","none"
134,"RNF139","11236","Q8WU17","RING","RING","matched",1,"gene symbol checked fallback","E3 source has NCBI GeneID but no Ensembl gene ID; matched to one selected Ensembl protein-coding gnomAD row by symbol.","RNF139","ENSG00000170881","ENST00000303545",FALSE,"pass","none"
135,"RNF141","50862","Q8WVD5","RING","RING","matched",1,"gene symbol checked fallback","E3 source has NCBI GeneID but no Ensembl gene ID; matched to one selected Ensembl protein-coding gnomAD row by symbol.","RNF141","ENSG00000110315","ENST00000265981",FALSE,"pass","none"
136,"RNF145","153830","Q96MT1","RING","RING","matched",1,"gene symbol checked fallback","E3 source has NCBI GeneID but no Ensembl gene ID; matched to one selected Ensembl protein-coding gnomAD row by symbol.","RNF145","ENSG00000145860","ENST00000424310",FALSE,"pass","none"
137,"RNF146","81847","Q9NTX7","RING","RING","matched",1,"gene symbol checked fallback","E3 source has NCBI GeneID but no Ensembl gene ID; matched to one selected Ensembl protein-coding gnomAD row by symbol.","RNF146","ENSG00000118518","ENST00000368314",FALSE,"pass","none"
138,"RNF148","378925","Q8N7C7","RING","RING","matched",1,"gene symbol checked fallback","E3 source has NCBI GeneID but no Ensembl gene ID; matched to one selected Ensembl protein-coding gnomAD row by symbol.","RNF148","ENSG00000235631","ENST00000434824",FALSE,"pass","none"
139,"RNF149","284996","Q8NC42","RING","RING","matched",1,"gene symbol checked fallback","E3 source has NCBI GeneID but no Ensembl gene ID; matched to one selected Ensembl protein-coding gnomAD row by symbol.","RNF149","ENSG00000163162","ENST00000295317",FALSE,"pass","none"
140,"RNF150","57484","Q9ULK6","RING","RING","matched",1,"gene symbol checked fallback","E3 source has NCBI GeneID but no Ensembl gene ID; matched to one selected Ensembl protein-coding gnomAD row by symbol.","RNF150","ENSG00000170153","ENST00000515673",FALSE,"pass","none"
141,"RNF151","146310","Q2KHN1","RING","RING","matched",1,"gene symbol checked fallback","E3 source has NCBI GeneID but no Ensembl gene ID; matched to one selected Ensembl protein-coding gnomAD row by symbol.","RNF151","ENSG00000179580","ENST00000569714",FALSE,"pass","none"
142,"RNF152","220441","Q8N8N0","RING","RING","matched",1,"gene symbol checked fallback","E3 source has NCBI GeneID but no Ensembl gene ID; matched to one selected Ensembl protein-coding gnomAD row by symbol.","RNF152","ENSG00000176641","ENST00000312828",FALSE,"pass","none"
143,"RNF157","114804","Q96PX1","RING","RING","matched",1,"gene symbol checked fallback","E3 source has NCBI GeneID but no Ensembl gene ID; matched to one selected Ensembl protein-coding gnomAD row by symbol.","RNF157","ENSG00000141576","ENST00000269391",FALSE,"pass","none"
144,"RNF166","115992","Q96A37","RING","RING","matched",1,"gene symbol checked fallback","E3 source has NCBI GeneID but no Ensembl gene ID; matched to one selected Ensembl protein-coding gnomAD row by symbol.","RNF166","ENSG00000158717","ENST00000312838",FALSE,"pass","none"
145,"RNF167","26001","Q9H6Y7","RING","RING","matched",1,"gene symbol checked fallback","E3 source has NCBI GeneID but no Ensembl gene ID; matched to one selected Ensembl protein-coding gnomAD row by symbol.","RNF167","ENSG00000108523","ENST00000262482",FALSE,"pass","none"
146,"RNF168","165918","Q8IYW5","RING","RING","matched",1,"gene symbol checked fallback","E3 source has NCBI GeneID but no Ensembl gene ID; matched to one selected Ensembl protein-coding gnomAD row by symbol.","RNF168","ENSG00000163961","ENST00000318037",FALSE,"pass","none"
147,"RNF169","254225","Q8NCN4","RING","RING","matched",1,"gene symbol checked fallback","E3 source has NCBI GeneID but no Ensembl gene ID; matched to one selected Ensembl protein-coding gnomAD row by symbol.","RNF169","ENSG00000166439","ENST00000299563",FALSE,"pass","none"
148,"RNF17","56163","Q9BXT8","RING","RING","matched",1,"gene symbol checked fallback","E3 source has NCBI GeneID but no Ensembl gene ID; matched to one selected Ensembl protein-coding gnomAD row by symbol.","RNF17","ENSG00000132972","ENST00000255324",FALSE,"pass","none"
149,"RNF170","81790","Q96K19","RING","RING","matched",1,"gene symbol checked fallback","E3 source has NCBI GeneID but no Ensembl gene ID; matched to one selected Ensembl protein-coding gnomAD row by symbol.","RNF170","ENSG00000120925","ENST00000527424",FALSE,"pass","none"
150,"RNF175","285533","Q8N4F7","RING","RING","matched",1,"gene symbol checked fallback","E3 source has NCBI GeneID but no Ensembl gene ID; matched to one selected Ensembl protein-coding gnomAD row by symbol.","RNF175","ENSG00000145428","ENST00000347063",FALSE,"pass","none"
151,"RNF180","285671","Q86T96","RING","RING","matched",1,"gene symbol checked fallback","E3 source has NCBI GeneID but no Ensembl gene ID; matched to one selected Ensembl protein-coding gnomAD row by symbol.","RNF180","ENSG00000164197","ENST00000389100",FALSE,"pass","none"
152,"RNF181","51255","Q9P0P0","RING","RING","matched",1,"gene symbol checked fallback","E3 source has NCBI GeneID but no Ensembl gene ID; matched to one selected Ensembl protein-coding gnomAD row by symbol.","RNF181","ENSG00000168894","ENST00000306368",FALSE,"pass","none"
153,"RNF182","221687","Q8N6D2","RING","RING","matched",1,"gene symbol checked fallback","E3 source has NCBI GeneID but no Ensembl gene ID; matched to one selected Ensembl protein-coding gnomAD row by symbol.","RNF182","ENSG00000180537","ENST00000488300",FALSE,"pass","none"
154,"RNF183","138065","Q96D59","RING","RING","matched",1,"gene symbol checked fallback","E3 source has NCBI GeneID but no Ensembl gene ID; matched to one selected Ensembl protein-coding gnomAD row by symbol.","RNF183","ENSG00000165188","ENST00000489339",FALSE,"pass","none"
155,"RNF185","91445","Q96GF1","RING","RING","matched",1,"gene symbol checked fallback","E3 source has NCBI GeneID but no Ensembl gene ID; matched to one selected Ensembl protein-coding gnomAD row by symbol.","RNF185","ENSG00000138942","ENST00000326132",FALSE,"pass","none"
156,"RNF186","54546","Q9NXI6","RING","RING","matched",1,"gene symbol checked fallback","E3 source has NCBI GeneID but no Ensembl gene ID; matched to one selected Ensembl protein-coding gnomAD row by symbol.","RNF186","ENSG00000178828","ENST00000375121",FALSE,"flagged","constraint_flags=[""no_exp_lof""]"
157,"RNF187","149603","Q5TA31","RING","RING","matched",1,"gene symbol checked fallback","E3 source has NCBI GeneID but no Ensembl gene ID; matched to one selected Ensembl protein-coding gnomAD row by symbol.","RNF187","ENSG00000168159","ENST00000305943",FALSE,"pass","none"
158,"RNF2","6045","Q99496","RING","RING","matched",1,"gene symbol checked fallback","E3 source has NCBI GeneID but no Ensembl gene ID; matched to one selected Ensembl protein-coding gnomAD row by symbol.","RNF2","ENSG00000121481","ENST00000367510",FALSE,"pass","none"
159,"RNF20","56254","Q5VTR2","RING","RING","matched",1,"gene symbol checked fallback","E3 source has NCBI GeneID but no Ensembl gene ID; matched to one selected Ensembl protein-coding gnomAD row by symbol.","RNF20","ENSG00000155827","ENST00000389120",FALSE,"pass","none"
160,"RNF207","388591","Q6ZRF8","RING","RING","matched",1,"gene symbol checked fallback","E3 source has NCBI GeneID but no Ensembl gene ID; matched to one selected Ensembl protein-coding gnomAD row by symbol.","RNF207","ENSG00000158286","ENST00000377939",FALSE,"pass","none"
161,"RNF208","727800","Q9H0X6","RING","RING","matched",1,"gene symbol checked fallback","E3 source has NCBI GeneID but no Ensembl gene ID; matched to one selected Ensembl protein-coding gnomAD row by symbol.","RNF208","ENSG00000212864","ENST00000391553",FALSE,"pass","none"
162,"RNF212","285498","Q495C1","RING","RING","matched",1,"gene symbol checked fallback","E3 source has NCBI GeneID but no Ensembl gene ID; matched to one selected Ensembl protein-coding gnomAD row by symbol.","RNF212","ENSG00000178222","ENST00000433731",FALSE,"pass","none"
163,"RNF212B","100507650","A8MTL3","RING","RING","matched",1,"gene symbol checked fallback","E3 source has NCBI GeneID but no Ensembl gene ID; matched to one selected Ensembl protein-coding gnomAD row by symbol.","RNF212B","ENSG00000215277","ENST00000430154",FALSE,"pass","none"
164,"RNF213","57674","Q63HN8","RING, atypical E3 (RZ finger)","Atypical","matched",1,"gene symbol checked fallback","E3 source has NCBI GeneID but no Ensembl gene ID; matched to one selected Ensembl protein-coding gnomAD row by symbol.","RNF213","ENSG00000173821","ENST00000582970",FALSE,"pass","none"
165,"RNF214","257160","Q8ND24","RING","RING","matched",1,"gene symbol checked fallback","E3 source has NCBI GeneID but no Ensembl gene ID; matched to one selected Ensembl protein-coding gnomAD row by symbol.","RNF214","ENSG00000167257","ENST00000300650",FALSE,"pass","none"
166,"RNF215","200312","Q9Y6U7","RING","RING","matched",1,"gene symbol checked fallback","E3 source has NCBI GeneID but no Ensembl gene ID; matched to one selected Ensembl protein-coding gnomAD row by symbol.","RNF215","ENSG00000099999","ENST00000382363",FALSE,"pass","none"
167,"RNF220","55182","Q5VTB9","RING","RING","matched",1,"gene symbol checked fallback","E3 source has NCBI GeneID but no Ensembl gene ID; matched to one selected Ensembl protein-coding gnomAD row by symbol.","RNF220","ENSG00000187147","ENST00000361799",FALSE,"pass","none"
168,"RNF222","643904","A6NCQ9","RING","RING","matched",1,"gene symbol checked fallback","E3 source has NCBI GeneID but no Ensembl gene ID; matched to one selected Ensembl protein-coding gnomAD row by symbol.","RNF222","ENSG00000189051","ENST00000399398",FALSE,"pass","none"
169,"RNF223","401934","E7ERA6","RING","RING","matched",1,"gene symbol checked fallback","E3 source has NCBI GeneID but no Ensembl gene ID; matched to one selected Ensembl protein-coding gnomAD row by symbol.","RNF223","ENSG00000237330","ENST00000453464",FALSE,"pass","none"
170,"RNF224","643596","P0DH78","RING","RING","matched",1,"gene symbol checked fallback","E3 source has NCBI GeneID but no Ensembl gene ID; matched to one selected Ensembl protein-coding gnomAD row by symbol.","RNF224","ENSG00000233198","ENST00000445101",FALSE,"pass","none"
171,"RNF225","646862","M0QZC1","RING","RING","matched",1,"gene symbol checked fallback","E3 source has NCBI GeneID but no Ensembl gene ID; matched to one selected Ensembl protein-coding gnomAD row by symbol.","RNF225","ENSG00000269855","ENST00000601382",FALSE,"flagged","constraint_flags=[""no_exp_lof""]"
172,"RNF227","284023","A6NIN4","RING","RING","matched",1,"gene symbol checked fallback","E3 source has NCBI GeneID but no Ensembl gene ID; matched to one selected Ensembl protein-coding gnomAD row by symbol.","RNF227","ENSG00000179859","ENST00000324348",FALSE,"flagged","gene_flags=[""low_exome_coverage""]; constraint_flags=[""outlier_mis""]"
173,"RNF24","11237","Q9Y225","RING","RING","matched",1,"gene symbol checked fallback","E3 source has NCBI GeneID but no Ensembl gene ID; matched to one selected Ensembl protein-coding gnomAD row by symbol.","RNF24","ENSG00000101236","ENST00000358395",FALSE,"pass","none"
174,"RNF25","64320","Q96BH1","RING","RING","matched",1,"gene symbol checked fallback","E3 source has NCBI GeneID but no Ensembl gene ID; matched to one selected Ensembl protein-coding gnomAD row by symbol.","RNF25","ENSG00000163481","ENST00000295704",FALSE,"pass","none"
175,"RNF26","79102","Q9BY78","RING","RING","matched",1,"gene symbol checked fallback","E3 source has NCBI GeneID but no Ensembl gene ID; matched to one selected Ensembl protein-coding gnomAD row by symbol.","RNF26","ENSG00000173456","ENST00000311413",FALSE,"pass","none"
176,"RNF32","140545","Q9H0A6","RING","RING","matched",1,"gene symbol checked fallback","E3 source has NCBI GeneID but no Ensembl gene ID; matched to one selected Ensembl protein-coding gnomAD row by symbol.","RNF32","ENSG00000105982","ENST00000317955",FALSE,"pass","none"
177,"RNF34","80196","Q969K3","RING","RING","matched",1,"gene symbol checked fallback","E3 source has NCBI GeneID but no Ensembl gene ID; matched to one selected Ensembl protein-coding gnomAD row by symbol.","RNF34","ENSG00000170633","ENST00000361234",FALSE,"pass","none"
178,"RNF38","152006","Q9H0F5","RING","RING","matched",1,"gene symbol checked fallback","E3 source has NCBI GeneID but no Ensembl gene ID; matched to one selected Ensembl protein-coding gnomAD row by symbol.","RNF38","ENSG00000137075","ENST00000259605",FALSE,"pass","none"
179,"RNF39","80352","Q9H2S5","RING","RING","matched",1,"gene symbol checked fallback","E3 source has NCBI GeneID but no Ensembl gene ID; matched to one selected Ensembl protein-coding gnomAD row by symbol.","RNF39","ENSG00000204618","ENST00000244360",FALSE,"pass","none"
180,"RNF4","6047","P78317","RING","RING","matched",1,"gene symbol checked fallback","E3 source has NCBI GeneID but no Ensembl gene ID; matched to one selected Ensembl protein-coding gnomAD row by symbol.","RNF4","ENSG00000063978","ENST00000314289",FALSE,"pass","none"
181,"RNF40","9810","O75150","RING","RING","matched",1,"gene symbol checked fallback","E3 source has NCBI GeneID but no Ensembl gene ID; matched to one selected Ensembl protein-coding gnomAD row by symbol.","RNF40","ENSG00000103549","ENST00000324685",FALSE,"pass","none"
182,"RNF41","10193","Q9H4P4","RING","RING","matched",1,"gene symbol checked fallback","E3 source has NCBI GeneID but no Ensembl gene ID; matched to one selected Ensembl protein-coding gnomAD row by symbol.","RNF41","ENSG00000181852","ENST00000345093",FALSE,"pass","none"
183,"RNF43","54894","Q68DV7","RING","RING","matched",1,"gene symbol checked fallback","E3 source has NCBI GeneID but no Ensembl gene ID; matched to one selected Ensembl protein-coding gnomAD row by symbol.","RNF43","ENSG00000108375","ENST00000407977",FALSE,"pass","none"
184,"RNF44","22838","Q7L0R7","RING","RING","matched",1,"gene symbol checked fallback","E3 source has NCBI GeneID but no Ensembl gene ID; matched to one selected Ensembl protein-coding gnomAD row by symbol.","RNF44","ENSG00000146083","ENST00000274811",FALSE,"pass","none"
185,"RNF5","6048","Q99942","RING","RING","matched",1,"gene symbol checked fallback","E3 source has NCBI GeneID but no Ensembl gene ID; matched to one selected Ensembl protein-coding gnomAD row by symbol.","RNF5","ENSG00000204308","ENST00000375094",FALSE,"pass","none"
186,"RNF6","6049","Q9Y252","RING","RING","matched",1,"gene symbol checked fallback","E3 source has NCBI GeneID but no Ensembl gene ID; matched to one selected Ensembl protein-coding gnomAD row by symbol.","RNF6","ENSG00000127870","ENST00000381588",FALSE,"pass","none"
187,"RNF8","9025","O76064","RING","RING","matched",1,"gene symbol checked fallback","E3 source has NCBI GeneID but no Ensembl gene ID; matched to one selected Ensembl protein-coding gnomAD row by symbol.","RNF8","ENSG00000112130","ENST00000373479",FALSE,"pass","none"
188,"RNFT1","51136","Q5M7Z0","RING","RING","matched",1,"gene symbol checked fallback","E3 source has NCBI GeneID but no Ensembl gene ID; matched to one selected Ensembl protein-coding gnomAD row by symbol.","RNFT1","ENSG00000189050","ENST00000305783",FALSE,"pass","none"
189,"RNFT2","84900","Q96EX2","RING","RING","matched",1,"gene symbol checked fallback","E3 source has NCBI GeneID but no Ensembl gene ID; matched to one selected Ensembl protein-coding gnomAD row by symbol.","RNFT2","ENSG00000135119","ENST00000257575",FALSE,"pass","none"
190,"RSPRY1","89970","Q96DX4","RING","RING","matched",1,"gene symbol checked fallback","E3 source has NCBI GeneID but no Ensembl gene ID; matched to one selected Ensembl protein-coding gnomAD row by symbol.","RSPRY1","ENSG00000159579","ENST00000394420",FALSE,"pass","none"
191,"SCAF11","9169","Q99590","RING","RING","matched",1,"gene symbol checked fallback","E3 source has NCBI GeneID but no Ensembl gene ID; matched to one selected Ensembl protein-coding gnomAD row by symbol.","SCAF11","ENSG00000139218","ENST00000369367",FALSE,"pass","none"
192,"SH3RF1","57630","Q7Z6J0","RING","RING","matched",1,"gene symbol checked fallback","E3 source has NCBI GeneID but no Ensembl gene ID; matched to one selected Ensembl protein-coding gnomAD row by symbol.","SH3RF1","ENSG00000154447","ENST00000284637",FALSE,"pass","none"
193,"SH3RF2","153769","Q8TEC5","RING","RING","matched",1,"gene symbol checked fallback","E3 source has NCBI GeneID but no Ensembl gene ID; matched to one selected Ensembl protein-coding gnomAD row by symbol.","SH3RF2","ENSG00000156463","ENST00000359120",FALSE,"pass","none"
194,"SH3RF3","344558","Q8TEJ3","RING","RING","matched",1,"gene symbol checked fallback","E3 source has NCBI GeneID but no Ensembl gene ID; matched to one selected Ensembl protein-coding gnomAD row by symbol.","SH3RF3","ENSG00000172985","ENST00000309415",FALSE,"pass","none"
195,"SHPRH","257218","Q149N8","RING","RING","matched",1,"gene symbol checked fallback","E3 source has NCBI GeneID but no Ensembl gene ID; matched to one selected Ensembl protein-coding gnomAD row by symbol.","SHPRH","ENSG00000146414","ENST00000275233",FALSE,"pass","none"
196,"SIAH1","6477","Q8IUQ4","RING","RING","matched",1,"gene symbol checked fallback","E3 source has NCBI GeneID but no Ensembl gene ID; matched to one selected Ensembl protein-coding gnomAD row by symbol.","SIAH1","ENSG00000196470","ENST00000394725",FALSE,"pass","none"
197,"SIAH2","6478","O43255","RING","RING","matched",1,"gene symbol checked fallback","E3 source has NCBI GeneID but no Ensembl gene ID; matched to one selected Ensembl protein-coding gnomAD row by symbol.","SIAH2","ENSG00000181788","ENST00000312960",FALSE,"pass","none"
198,"SYVN1","84447","Q86TM6","RING","RING","matched",1,"gene symbol checked fallback","E3 source has NCBI GeneID but no Ensembl gene ID; matched to one selected Ensembl protein-coding gnomAD row by symbol.","SYVN1","ENSG00000162298","ENST00000377190",FALSE,"pass","none"
199,"TMEM129","92305","A0AVI4","RING","RING","matched",1,"gene symbol checked fallback","E3 source has NCBI GeneID but no Ensembl gene ID; matched to one selected Ensembl protein-coding gnomAD row by symbol.","TMEM129","ENSG00000168936","ENST00000382936",FALSE,"pass","none"
200,"TOPORS","10210","Q9NS56","RING","RING","matched",1,"gene symbol checked fallback","E3 source has NCBI GeneID but no Ensembl gene ID; matched to one selected Ensembl protein-coding gnomAD row by symbol.","TOPORS","ENSG00000197579","ENST00000360538",FALSE,"pass","none"
201,"TRAF2","7186","Q12933","RING","RING","matched",1,"gene symbol checked fallback","E3 source has NCBI GeneID but no Ensembl gene ID; matched to one selected Ensembl protein-coding gnomAD row by symbol.","TRAF2","ENSG00000127191","ENST00000247668",FALSE,"pass","none"
202,"TRAF3","7187","Q13114","RING","RING","matched",1,"gene symbol checked fallback","E3 source has NCBI GeneID but no Ensembl gene ID; matched to one selected Ensembl protein-coding gnomAD row by symbol.","TRAF3","ENSG00000131323","ENST00000392745",FALSE,"pass","none"
203,"TRAF4","9618","Q9BUZ4","RING","RING","matched",1,"gene symbol checked fallback","E3 source has NCBI GeneID but no Ensembl gene ID; matched to one selected Ensembl protein-coding gnomAD row by symbol.","TRAF4","ENSG00000076604","ENST00000262395",FALSE,"pass","none"
204,"TRAF5","7188","O00463","RING","RING","matched",1,"gene symbol checked fallback","E3 source has NCBI GeneID but no Ensembl gene ID; matched to one selected Ensembl protein-coding gnomAD row by symbol.","TRAF5","ENSG00000082512","ENST00000261464",FALSE,"pass","none"
205,"TRAF6","7189","Q9Y4K3","RING","RING","matched",1,"gene symbol checked fallback","E3 source has NCBI GeneID but no Ensembl gene ID; matched to one selected Ensembl protein-coding gnomAD row by symbol.","TRAF6","ENSG00000175104","ENST00000526995",FALSE,"pass","none"
206,"TRAF7","84231","Q6Q0C0","RING","RING","matched",1,"gene symbol checked fallback","E3 source has NCBI GeneID but no Ensembl gene ID; matched to one selected Ensembl protein-coding gnomAD row by symbol.","TRAF7","ENSG00000131653","ENST00000326181",FALSE,"pass","none"
207,"TRAIP","10293","Q9BWF2","RING","RING","matched",1,"gene symbol checked fallback","E3 source has NCBI GeneID but no Ensembl gene ID; matched to one selected Ensembl protein-coding gnomAD row by symbol.","TRAIP","ENSG00000183763","ENST00000331456",FALSE,"pass","none"
208,"TRIM10","10107","Q9UDY6","RING","RING","matched",1,"gene symbol checked fallback","E3 source has NCBI GeneID but no Ensembl gene ID; matched to one selected Ensembl protein-coding gnomAD row by symbol.","TRIM10","ENSG00000204613","ENST00000449742",FALSE,"pass","none"
209,"TRIM11","81559","Q96F44","RING","RING","matched",1,"gene symbol checked fallback","E3 source has NCBI GeneID but no Ensembl gene ID; matched to one selected Ensembl protein-coding gnomAD row by symbol.","TRIM11","ENSG00000154370","ENST00000284551",FALSE,"pass","none"
210,"TRIM13","10206","O60858","RING","RING","matched",1,"gene symbol checked fallback","E3 source has NCBI GeneID but no Ensembl gene ID; matched to one selected Ensembl protein-coding gnomAD row by symbol.","TRIM13","ENSG00000204977","ENST00000378182",FALSE,"pass","none"
211,"TRIM15","89870","Q9C019","RING","RING","matched",1,"gene symbol checked fallback","E3 source has NCBI GeneID but no Ensembl gene ID; matched to one selected Ensembl protein-coding gnomAD row by symbol.","TRIM15","ENSG00000204610","ENST00000376694",FALSE,"pass","none"
212,"TRIM17","51127","Q9Y577","RING","RING","matched",1,"gene symbol checked fallback","E3 source has NCBI GeneID but no Ensembl gene ID; matched to one selected Ensembl protein-coding gnomAD row by symbol.","TRIM17","ENSG00000162931","ENST00000366698",FALSE,"pass","none"
213,"TRIM2","23321","Q9C040","RING","RING","matched",1,"gene symbol checked fallback","E3 source has NCBI GeneID but no Ensembl gene ID; matched to one selected Ensembl protein-coding gnomAD row by symbol.","TRIM2","ENSG00000109654","ENST00000338700",FALSE,"pass","none"
214,"TRIM21","6737","P19474","RING","RING","matched",1,"gene symbol checked fallback","E3 source has NCBI GeneID but no Ensembl gene ID; matched to one selected Ensembl protein-coding gnomAD row by symbol.","TRIM21","ENSG00000132109","ENST00000254436",FALSE,"pass","none"
215,"TRIM22","10346","Q8IYM9","RING","RING","matched",1,"gene symbol checked fallback","E3 source has NCBI GeneID but no Ensembl gene ID; matched to one selected Ensembl protein-coding gnomAD row by symbol.","TRIM22","ENSG00000132274","ENST00000379965",FALSE,"pass","none"
216,"TRIM23","373","P36406","RING","RING","matched",1,"gene symbol checked fallback","E3 source has NCBI GeneID but no Ensembl gene ID; matched to one selected Ensembl protein-coding gnomAD row by symbol.","TRIM23","ENSG00000113595","ENST00000231524",FALSE,"pass","none"
217,"TRIM24","8805","O15164","RING","RING","matched",1,"gene symbol checked fallback","E3 source has NCBI GeneID but no Ensembl gene ID; matched to one selected Ensembl protein-coding gnomAD row by symbol.","TRIM24","ENSG00000122779","ENST00000343526",FALSE,"pass","none"
218,"TRIM25","7706","Q14258","RING, Ubl E3","RING","matched",1,"gene symbol checked fallback","E3 source has NCBI GeneID but no Ensembl gene ID; matched to one selected Ensembl protein-coding gnomAD row by symbol.","TRIM25","ENSG00000121060","ENST00000316881",FALSE,"pass","none"
219,"TRIM26","7726","Q12899","RING","RING","matched",1,"gene symbol checked fallback","E3 source has NCBI GeneID but no Ensembl gene ID; matched to one selected Ensembl protein-coding gnomAD row by symbol.","TRIM26","ENSG00000234127","ENST00000454678",FALSE,"pass","none"
220,"TRIM27","5987","P14373","RING","RING","matched",1,"gene symbol checked fallback","E3 source has NCBI GeneID but no Ensembl gene ID; matched to one selected Ensembl protein-coding gnomAD row by symbol.","TRIM27","ENSG00000204713","ENST00000377199",FALSE,"pass","none"
221,"TRIM28","10155","Q13263","RING, SUMO E3","RING","matched",1,"gene symbol checked fallback","E3 source has NCBI GeneID but no Ensembl gene ID; matched to one selected Ensembl protein-coding gnomAD row by symbol.","TRIM28","ENSG00000130726","ENST00000253024",FALSE,"pass","none"
222,"TRIM3","10612","O75382","RING","RING","matched",1,"gene symbol checked fallback","E3 source has NCBI GeneID but no Ensembl gene ID; matched to one selected Ensembl protein-coding gnomAD row by symbol.","TRIM3","ENSG00000110171","ENST00000345851",FALSE,"pass","none"
223,"TRIM31","11074","Q9BZY9","RING","RING","matched",1,"gene symbol checked fallback","E3 source has NCBI GeneID but no Ensembl gene ID; matched to one selected Ensembl protein-coding gnomAD row by symbol.","TRIM31","ENSG00000204616","ENST00000376734",FALSE,"pass","none"
224,"TRIM32","22954","Q13049","RING","RING","matched",1,"gene symbol checked fallback","E3 source has NCBI GeneID but no Ensembl gene ID; matched to one selected Ensembl protein-coding gnomAD row by symbol.","TRIM32","ENSG00000119401","ENST00000450136",FALSE,"pass","none"
225,"TRIM33","51592","Q9UPN9","RING","RING","matched",1,"gene symbol checked fallback","E3 source has NCBI GeneID but no Ensembl gene ID; matched to one selected Ensembl protein-coding gnomAD row by symbol.","TRIM33","ENSG00000197323","ENST00000358465",FALSE,"pass","none"
226,"TRIM34","53840","Q9BYJ4","RING","RING","matched",1,"gene symbol checked fallback","E3 source has NCBI GeneID but no Ensembl gene ID; matched to one selected Ensembl protein-coding gnomAD row by symbol.","TRIM34","ENSG00000258659","ENST00000429814",FALSE,"pass","none"
227,"TRIM35","23087","Q9UPQ4","RING","RING","matched",1,"gene symbol checked fallback","E3 source has NCBI GeneID but no Ensembl gene ID; matched to one selected Ensembl protein-coding gnomAD row by symbol.","TRIM35","ENSG00000104228","ENST00000305364",FALSE,"pass","none"
228,"TRIM36","55521","Q9NQ86","RING","RING","matched",1,"gene symbol checked fallback","E3 source has NCBI GeneID but no Ensembl gene ID; matched to one selected Ensembl protein-coding gnomAD row by symbol.","TRIM36","ENSG00000152503","ENST00000513154",FALSE,"pass","none"
229,"TRIM37","4591","O94972","RING","RING","matched",1,"gene symbol checked fallback","E3 source has NCBI GeneID but no Ensembl gene ID; matched to one selected Ensembl protein-coding gnomAD row by symbol.","TRIM37","ENSG00000108395","ENST00000262294",FALSE,"pass","none"
230,"TRIM38","10475","O00635","RING","RING","matched",1,"gene symbol checked fallback","E3 source has NCBI GeneID but no Ensembl gene ID; matched to one selected Ensembl protein-coding gnomAD row by symbol.","TRIM38","ENSG00000112343","ENST00000357085",FALSE,"pass","none"
231,"TRIM39","56658","Q9HCM9","RING","RING","matched",1,"gene symbol checked fallback","E3 source has NCBI GeneID but no Ensembl gene ID; matched to one selected Ensembl protein-coding gnomAD row by symbol.","TRIM39","ENSG00000204599","ENST00000396551",FALSE,"pass","none"
232,"TRIM4","89122","Q9C037","RING","RING","matched",1,"gene symbol checked fallback","E3 source has NCBI GeneID but no Ensembl gene ID; matched to one selected Ensembl protein-coding gnomAD row by symbol.","TRIM4","ENSG00000146833","ENST00000349062",FALSE,"pass","none"
233,"TRIM40","135644","Q6P9F5","RING","RING","matched",1,"gene symbol checked fallback","E3 source has NCBI GeneID but no Ensembl gene ID; matched to one selected Ensembl protein-coding gnomAD row by symbol.","TRIM40","ENSG00000204614","ENST00000396581",FALSE,"pass","none"
234,"TRIM41","90933","Q8WV44","RING","RING","matched",1,"gene symbol checked fallback","E3 source has NCBI GeneID but no Ensembl gene ID; matched to one selected Ensembl protein-coding gnomAD row by symbol.","TRIM41","ENSG00000146063","ENST00000315073",FALSE,"pass","none"
235,"TRIM42","287015","Q8IWZ5","RING","RING","matched",1,"gene symbol checked fallback","E3 source has NCBI GeneID but no Ensembl gene ID; matched to one selected Ensembl protein-coding gnomAD row by symbol.","TRIM42","ENSG00000155890","ENST00000286349",FALSE,"pass","none"
236,"TRIM43","129868","Q96BQ3","RING","RING","matched",1,"gene symbol checked fallback","E3 source has NCBI GeneID but no Ensembl gene ID; matched to one selected Ensembl protein-coding gnomAD row by symbol.","TRIM43","ENSG00000144015","ENST00000272395",FALSE,"flagged","gene_flags=[""low_exome_mapping_quality""]"
237,"TRIM43B","653192","A6NCK2","RING","RING","matched",1,"gene symbol checked fallback","E3 source has NCBI GeneID but no Ensembl gene ID; matched to one selected Ensembl protein-coding gnomAD row by symbol.","TRIM43B","ENSG00000144010","ENST00000639673",FALSE,"flagged","gene_flags=[""low_exome_mapping_quality""]"
238,"TRIM45","80263","Q9H8W5","RING","RING","matched",1,"gene symbol checked fallback","E3 source has NCBI GeneID but no Ensembl gene ID; matched to one selected Ensembl protein-coding gnomAD row by symbol.","TRIM45","ENSG00000134253","ENST00000256649",FALSE,"pass","none"
239,"TRIM46","80128","Q7Z4K8","RING","RING","matched",1,"gene symbol checked fallback","E3 source has NCBI GeneID but no Ensembl gene ID; matched to one selected Ensembl protein-coding gnomAD row by symbol.","TRIM46","ENSG00000163462","ENST00000334634",FALSE,"pass","none"
240,"TRIM47","91107","Q96LD4","RING","RING","matched",1,"gene symbol checked fallback","E3 source has NCBI GeneID but no Ensembl gene ID; matched to one selected Ensembl protein-coding gnomAD row by symbol.","TRIM47","ENSG00000132481","ENST00000254816",FALSE,"pass","none"
241,"TRIM48","79097","Q8IWZ4","RING","RING","matched",1,"gene symbol checked fallback","E3 source has NCBI GeneID but no Ensembl gene ID; matched to one selected Ensembl protein-coding gnomAD row by symbol.","TRIM48","ENSG00000150244","ENST00000417545",FALSE,"pass","none"
242,"TRIM49","57093","P0CI25","RING","RING","matched",1,"gene symbol checked fallback","E3 source has NCBI GeneID but no Ensembl gene ID; matched to one selected Ensembl protein-coding gnomAD row by symbol.","TRIM49","ENSG00000168930","ENST00000329758",FALSE,"flagged","gene_flags=[""low_exome_mapping_quality""]"
243,"TRIM49B","283116","A6NDI0","RING","RING","matched",1,"gene symbol checked fallback","E3 source has NCBI GeneID but no Ensembl gene ID; matched to one selected Ensembl protein-coding gnomAD row by symbol.","TRIM49B","ENSG00000182053","ENST00000332682",FALSE,"pass","none"
244,"TRIM49C","642612","P0CI26","RING","RING","matched",1,"gene symbol checked fallback","E3 source has NCBI GeneID but no Ensembl gene ID; matched to one selected Ensembl protein-coding gnomAD row by symbol.","TRIM49C","ENSG00000204449","ENST00000448984",FALSE,"flagged","gene_flags=[""low_exome_mapping_quality""]"
245,"TRIM49D1","399939","C9J1S8","RING","RING","matched",1,"gene symbol checked fallback","E3 source has NCBI GeneID but no Ensembl gene ID; matched to one selected Ensembl protein-coding gnomAD row by symbol.","TRIM49D1","ENSG00000223417","ENST00000420869",FALSE,"flagged","gene_flags=[""low_exome_coverage"",""low_exome_mapping_quality""]; constraint_flags=[""no_exp_lof"",""no_exp_mis"",""no_exp_syn""]"
246,"TRIM49D2","729384","C9J1S8","RING","RING","matched",1,"gene symbol checked fallback","E3 source has NCBI GeneID but no Ensembl gene ID; matched to one selected Ensembl protein-coding gnomAD row by symbol.","TRIM49D2","ENSG00000233802","ENST00000623787",FALSE,"flagged","gene_flags=[""low_exome_coverage"",""low_exome_mapping_quality""]; constraint_flags=[""no_exp_lof"",""no_exp_mis"",""no_exp_syn""]"
247,"TRIM5","85363","Q9C035","RING","RING","matched",1,"gene symbol checked fallback","E3 source has NCBI GeneID but no Ensembl gene ID; matched to one selected Ensembl protein-coding gnomAD row by symbol.","TRIM5","ENSG00000132256","ENST00000380034",FALSE,"pass","none"
248,"TRIM50","135892","Q86XT4","RING","RING","matched",1,"gene symbol checked fallback","E3 source has NCBI GeneID but no Ensembl gene ID; matched to one selected Ensembl protein-coding gnomAD row by symbol.","TRIM50","ENSG00000146755","ENST00000333149",FALSE,"pass","none"
249,"TRIM51","84767","Q9BSJ1","RING","RING","matched",1,"gene symbol checked fallback","E3 source has NCBI GeneID but no Ensembl gene ID; matched to one selected Ensembl protein-coding gnomAD row by symbol.","TRIM51","ENSG00000124900","ENST00000449290",FALSE,"pass","none"
250,"TRIM51G","120824","A0A3B3IT33","RING","RING","unmatched",0,"unmatched","No selected Ensembl protein-coding gnomAD v4.1.1 gene matched this E3 symbol.",,,,FALSE,,
251,"TRIM52","84851","Q96A61","RING","RING","matched",1,"gene symbol checked fallback","E3 source has NCBI GeneID but no Ensembl gene ID; matched to one selected Ensembl protein-coding gnomAD row by symbol.","TRIM52","ENSG00000183718","ENST00000688015",FALSE,"pass","none"
252,"TRIM54","57159","Q9BYV2","RING","RING","matched",1,"gene symbol checked fallback","E3 source has NCBI GeneID but no Ensembl gene ID; matched to one selected Ensembl protein-coding gnomAD row by symbol.","TRIM54","ENSG00000138100","ENST00000380075",FALSE,"pass","none"
253,"TRIM55","84675","Q9BYV6","RING","RING","matched",1,"gene symbol checked fallback","E3 source has NCBI GeneID but no Ensembl gene ID; matched to one selected Ensembl protein-coding gnomAD row by symbol.","TRIM55","ENSG00000147573","ENST00000315962",FALSE,"pass","none"
254,"TRIM56","81844","Q9BRZ2","RING","RING","matched",1,"gene symbol checked fallback","E3 source has NCBI GeneID but no Ensembl gene ID; matched to one selected Ensembl protein-coding gnomAD row by symbol.","TRIM56","ENSG00000169871","ENST00000306085",FALSE,"pass","none"
255,"TRIM58","25893","Q8NG06","RING","RING","matched",1,"gene symbol checked fallback","E3 source has NCBI GeneID but no Ensembl gene ID; matched to one selected Ensembl protein-coding gnomAD row by symbol.","TRIM58","ENSG00000162722","ENST00000366481",FALSE,"pass","none"
256,"TRIM59","286827","Q8IWR1","RING","RING","matched",1,"gene symbol checked fallback","E3 source has NCBI GeneID but no Ensembl gene ID; matched to one selected Ensembl protein-coding gnomAD row by symbol.","TRIM59","ENSG00000213186","ENST00000309784",FALSE,"pass","none"
257,"TRIM6","117854","Q9C030","RING","RING","matched",1,"gene symbol checked fallback","E3 source has NCBI GeneID but no Ensembl gene ID; matched to one selected Ensembl protein-coding gnomAD row by symbol.","TRIM6","ENSG00000121236","ENST00000380097",FALSE,"pass","none"
258,"TRIM60","166655","Q495X7","RING","RING","matched",1,"gene symbol checked fallback","E3 source has NCBI GeneID but no Ensembl gene ID; matched to one selected Ensembl protein-coding gnomAD row by symbol.","TRIM60","ENSG00000176979","ENST00000512596",FALSE,"flagged","constraint_flags=[""no_exp_lof""]"
259,"TRIM61","391712","Q5EBN2","RING","RING","matched",1,"gene symbol checked fallback","E3 source has NCBI GeneID but no Ensembl gene ID; matched to one selected Ensembl protein-coding gnomAD row by symbol.","TRIM61","ENSG00000183439","ENST00000329314",FALSE,"flagged","gene_flags=[""low_exome_mapping_quality""]"
260,"TRIM62","55223","Q9BVG3","RING","RING","matched",1,"gene symbol checked fallback","E3 source has NCBI GeneID but no Ensembl gene ID; matched to one selected Ensembl protein-coding gnomAD row by symbol.","TRIM62","ENSG00000116525","ENST00000291416",FALSE,"pass","none"
261,"TRIM63","84676","Q969Q1","RING","RING","matched",1,"gene symbol checked fallback","E3 source has NCBI GeneID but no Ensembl gene ID; matched to one selected Ensembl protein-coding gnomAD row by symbol.","TRIM63","ENSG00000158022","ENST00000374272",FALSE,"pass","none"
262,"TRIM64","120146","A6NGJ6","RING","RING","matched",1,"gene symbol checked fallback","E3 source has NCBI GeneID but no Ensembl gene ID; matched to one selected Ensembl protein-coding gnomAD row by symbol.","TRIM64","ENSG00000204450","ENST00000533122",FALSE,"flagged","gene_flags=[""low_exome_coverage"",""low_exome_mapping_quality""]"
263,"TRIM64B","642446","A6NI03","RING","RING","matched",1,"gene symbol checked fallback","E3 source has NCBI GeneID but no Ensembl gene ID; matched to one selected Ensembl protein-coding gnomAD row by symbol.","TRIM64B","ENSG00000189253","ENST00000329862",FALSE,"flagged","gene_flags=[""low_exome_mapping_quality""]; constraint_flags=[""no_exp_lof"",""outlier_syn""]"
264,"TRIM64C","646754","A6NLI5","RING","RING","matched",1,"gene symbol checked fallback","E3 source has NCBI GeneID but no Ensembl gene ID; matched to one selected Ensembl protein-coding gnomAD row by symbol.","TRIM64C","ENSG00000214891","ENST00000617704",FALSE,"pass","none"
265,"TRIM65","201292","Q6PJ69","RING","RING","matched",1,"gene symbol checked fallback","E3 source has NCBI GeneID but no Ensembl gene ID; matched to one selected Ensembl protein-coding gnomAD row by symbol.","TRIM65","ENSG00000141569","ENST00000269383",FALSE,"pass","none"
266,"TRIM67","440730","Q6ZTA4","RING","RING","matched",1,"gene symbol checked fallback","E3 source has NCBI GeneID but no Ensembl gene ID; matched to one selected Ensembl protein-coding gnomAD row by symbol.","TRIM67","ENSG00000119283","ENST00000366653",FALSE,"pass","none"
267,"TRIM68","55128","Q6AZZ1","RING","RING","matched",1,"gene symbol checked fallback","E3 source has NCBI GeneID but no Ensembl gene ID; matched to one selected Ensembl protein-coding gnomAD row by symbol.","TRIM68","ENSG00000167333","ENST00000300747",FALSE,"pass","none"
268,"TRIM69","140691","Q86WT6","RING","RING","matched",1,"gene symbol checked fallback","E3 source has NCBI GeneID but no Ensembl gene ID; matched to one selected Ensembl protein-coding gnomAD row by symbol.","TRIM69","ENSG00000185880","ENST00000329464",FALSE,"pass","none"
269,"TRIM7","81786","Q9C029","RING","RING","matched",1,"gene symbol checked fallback","E3 source has NCBI GeneID but no Ensembl gene ID; matched to one selected Ensembl protein-coding gnomAD row by symbol.","TRIM7","ENSG00000146054","ENST00000274773",FALSE,"pass","none"
270,"TRIM71","131405","Q2Q1W2","RING","RING","matched",1,"gene symbol checked fallback","E3 source has NCBI GeneID but no Ensembl gene ID; matched to one selected Ensembl protein-coding gnomAD row by symbol.","TRIM71","ENSG00000206557","ENST00000383763",FALSE,"pass","none"
271,"TRIM72","493829","Q6ZMU5","RING","RING","matched",1,"gene symbol checked fallback","E3 source has NCBI GeneID but no Ensembl gene ID; matched to one selected Ensembl protein-coding gnomAD row by symbol.","TRIM72","ENSG00000177238","ENST00000322122",FALSE,"pass","none"
272,"TRIM73","375593","Q86UV7","RING","RING","matched",1,"gene symbol checked fallback","E3 source has NCBI GeneID but no Ensembl gene ID; matched to one selected Ensembl protein-coding gnomAD row by symbol.","TRIM73","ENSG00000178809","ENST00000323819",FALSE,"flagged","gene_flags=[""low_exome_mapping_quality""]; constraint_flags=[""no_exp_lof"",""outlier_syn""]"
273,"TRIM74","378108","Q86UV6","RING","RING","matched",1,"gene symbol checked fallback","E3 source has NCBI GeneID but no Ensembl gene ID; matched to one selected Ensembl protein-coding gnomAD row by symbol.","TRIM74","ENSG00000155428","ENST00000285805",FALSE,"flagged","gene_flags=[""low_exome_mapping_quality""]"
274,"TRIM75","391714","A6NK02","RING","RING","unmatched",0,"unmatched","No selected Ensembl protein-coding gnomAD v4.1.1 gene matched this E3 symbol.",,,,FALSE,,
275,"TRIM77","390231","I1YAP6","RING","RING","matched",1,"gene symbol checked fallback","E3 source has NCBI GeneID but no Ensembl gene ID; matched to one selected Ensembl protein-coding gnomAD row by symbol.","TRIM77","ENSG00000214414","ENST00000398290",FALSE,"pass","none"
276,"TRIM8","81603","Q9BZR9","RING","RING","matched",1,"gene symbol checked fallback","E3 source has NCBI GeneID but no Ensembl gene ID; matched to one selected Ensembl protein-coding gnomAD row by symbol.","TRIM8","ENSG00000171206","ENST00000643721",FALSE,"pass","none"
277,"TRIM9","114088","Q9C026","RING","RING","matched",1,"gene symbol checked fallback","E3 source has NCBI GeneID but no Ensembl gene ID; matched to one selected Ensembl protein-coding gnomAD row by symbol.","TRIM9","ENSG00000100505","ENST00000684578",FALSE,"pass","none"
278,"TRIML1","339976","Q8N9V2","RING","RING","matched",1,"gene symbol checked fallback","E3 source has NCBI GeneID but no Ensembl gene ID; matched to one selected Ensembl protein-coding gnomAD row by symbol.","TRIML1","ENSG00000184108","ENST00000332517",FALSE,"pass","none"
279,"TTC3","7267","P53804","RING","RING","matched",1,"gene symbol checked fallback","E3 source has NCBI GeneID but no Ensembl gene ID; matched to one selected Ensembl protein-coding gnomAD row by symbol.","TTC3","ENSG00000182670","ENST00000355666",FALSE,"pass","none"
280,"UBOX5","22888","O94941","RING, degenerate RING (U-box)","Degenerate RING","matched",1,"gene symbol checked fallback","E3 source has NCBI GeneID but no Ensembl gene ID; matched to one selected Ensembl protein-coding gnomAD row by symbol.","UBOX5","ENSG00000185019","ENST00000217173",FALSE,"pass","none"
281,"UBR1","197131","Q8IWV7","RING","RING","matched",1,"gene symbol checked fallback","E3 source has NCBI GeneID but no Ensembl gene ID; matched to one selected Ensembl protein-coding gnomAD row by symbol.","UBR1","ENSG00000159459","ENST00000290650",FALSE,"pass","none"
282,"UBR2","23304","Q8IWV8","RING","RING","matched",1,"gene symbol checked fallback","E3 source has NCBI GeneID but no Ensembl gene ID; matched to one selected Ensembl protein-coding gnomAD row by symbol.","UBR2","ENSG00000024048","ENST00000372901",FALSE,"pass","none"
283,"UBR3","130507","Q6ZT12","RING","RING","matched",1,"gene symbol checked fallback","E3 source has NCBI GeneID but no Ensembl gene ID; matched to one selected Ensembl protein-coding gnomAD row by symbol.","UBR3","ENSG00000144357","ENST00000272793",FALSE,"pass","none"
284,"UHRF1","29128","Q96T88","RING","RING","matched",1,"gene symbol checked fallback","E3 source has NCBI GeneID but no Ensembl gene ID; matched to one selected Ensembl protein-coding gnomAD row by symbol.","UHRF1","ENSG00000276043","ENST00000650932",FALSE,"pass","none"
285,"UHRF2","115426","Q96PU4","RING","RING","matched",1,"gene symbol checked fallback","E3 source has NCBI GeneID but no Ensembl gene ID; matched to one selected Ensembl protein-coding gnomAD row by symbol.","UHRF2","ENSG00000147854","ENST00000276893",FALSE,"pass","none"
286,"UNK","85451","Q9C0B0","RING","RING","matched",1,"gene symbol checked fallback","E3 source has NCBI GeneID but no Ensembl gene ID; matched to one selected Ensembl protein-coding gnomAD row by symbol.","UNK","ENSG00000132478","ENST00000589666",FALSE,"pass","none"
287,"UNKL","64718","Q9H9P5","RING","RING","matched",1,"gene symbol checked fallback","E3 source has NCBI GeneID but no Ensembl gene ID; matched to one selected Ensembl protein-coding gnomAD row by symbol.","UNKL","ENSG00000059145","ENST00000389221",FALSE,"pass","none"
288,"VPS11","55823","Q9H270","RING","RING","matched",1,"gene symbol checked fallback","E3 source has NCBI GeneID but no Ensembl gene ID; matched to one selected Ensembl protein-coding gnomAD row by symbol.","VPS11","ENSG00000160695","ENST00000621676",FALSE,"pass","none"
289,"VPS18","57617","Q9P253","RING","RING","matched",1,"gene symbol checked fallback","E3 source has NCBI GeneID but no Ensembl gene ID; matched to one selected Ensembl protein-coding gnomAD row by symbol.","VPS18","ENSG00000104142","ENST00000220509",FALSE,"pass","none"
290,"VPS41","27072","P49754","RING","RING","matched",1,"gene symbol checked fallback","E3 source has NCBI GeneID but no Ensembl gene ID; matched to one selected Ensembl protein-coding gnomAD row by symbol.","VPS41","ENSG00000006715","ENST00000310301",FALSE,"pass","none"
291,"VPS8","23355","Q8N3P4","RING","RING","matched",1,"gene symbol checked fallback","E3 source has NCBI GeneID but no Ensembl gene ID; matched to one selected Ensembl protein-coding gnomAD row by symbol.","VPS8","ENSG00000156931","ENST00000625842",FALSE,"pass","none"
292,"XIAP","331","P98170","RING","RING","matched",1,"gene symbol checked fallback","E3 source has NCBI GeneID but no Ensembl gene ID; matched to one selected Ensembl protein-coding gnomAD row by symbol.","XIAP","ENSG00000101966","ENST00000371199",FALSE,"pass","none"
293,"ZFPL1","7542","O95159","RING","RING","matched",1,"gene symbol checked fallback","E3 source has NCBI GeneID but no Ensembl gene ID; matched to one selected Ensembl protein-coding gnomAD row by symbol.","ZFPL1","ENSG00000162300","ENST00000294258",FALSE,"pass","none"
294,"ZFTRAF1","50626","P0DTL6","RING","RING","unmatched",0,"unmatched","No selected Ensembl protein-coding gnomAD v4.1.1 gene matched this E3 symbol.",,,,FALSE,,
295,"ZNF598","90850","Q86UK7","RING","RING","matched",1,"gene symbol checked fallback","E3 source has NCBI GeneID but no Ensembl gene ID; matched to one selected Ensembl protein-coding gnomAD row by symbol.","ZNF598","ENSG00000167962","ENST00000562103",FALSE,"pass","none"
296,"ZNFX1","57169","Q9P2E3","Degenerate RING, atypical","Degenerate RING","matched",1,"gene symbol checked fallback","E3 source has NCBI GeneID but no Ensembl gene ID; matched to one selected Ensembl protein-coding gnomAD row by symbol.","ZNFX1","ENSG00000124201","ENST00000396105",FALSE,"pass","none"
297,"ZNRF1","84937","Q8ND25","RING","RING","matched",1,"gene symbol checked fallback","E3 source has NCBI GeneID but no Ensembl gene ID; matched to one selected Ensembl protein-coding gnomAD row by symbol.","ZNRF1","ENSG00000186187","ENST00000335325",FALSE,"pass","none"
298,"ZNRF2","223082","Q8NHG8","RING","RING","matched",1,"gene symbol checked fallback","E3 source has NCBI GeneID but no Ensembl gene ID; matched to one selected Ensembl protein-coding gnomAD row by symbol.","ZNRF2","ENSG00000180233","ENST00000323037",FALSE,"pass","none"
299,"ZNRF3","84133","Q9ULT6","RING","RING","matched",1,"gene symbol checked fallback","E3 source has NCBI GeneID but no Ensembl gene ID; matched to one selected Ensembl protein-coding gnomAD row by symbol.","ZNRF3","ENSG00000183579","ENST00000544604",FALSE,"pass","none"
300,"ZNRF4","148066","Q8WWF5","RING","RING","matched",1,"gene symbol checked fallback","E3 source has NCBI GeneID but no Ensembl gene ID; matched to one selected Ensembl protein-coding gnomAD row by symbol.","ZNRF4","ENSG00000105428","ENST00000222033",FALSE,"flagged","constraint_flags=[""no_exp_lof""]"
301,"ZSWIM2","151112","Q8NEG5","RING","RING","matched",1,"gene symbol checked fallback","E3 source has NCBI GeneID but no Ensembl gene ID; matched to one selected Ensembl protein-coding gnomAD row by symbol.","ZSWIM2","ENSG00000163012","ENST00000295131",FALSE,"pass","none"
302,"RNF228","122319436","A0A7I2V3R4","RING","RING","unmatched",0,"unmatched","No selected Ensembl protein-coding gnomAD v4.1.1 gene matched this E3 symbol.",,,,FALSE,,
303,"GTF2H2C","728340","Q6P1K8","RING","RING","matched",1,"gene symbol checked fallback","E3 source has NCBI GeneID but no Ensembl gene ID; matched to one selected Ensembl protein-coding gnomAD row by symbol.","GTF2H2C","ENSG00000183474","ENST00000380729",FALSE,"flagged","gene_flags=[""low_exome_mapping_quality""]"
304,"ANAPC11","51529","Q9NYG5","Degenerate RING","Degenerate RING","matched",1,"gene symbol checked fallback","E3 source has NCBI GeneID but no Ensembl gene ID; matched to one selected Ensembl protein-coding gnomAD row by symbol.","ANAPC11","ENSG00000141552","ENST00000344877",FALSE,"pass","none"
305,"EP300","2033","Q09472","Degenerate RING","Degenerate RING","matched",1,"gene symbol checked fallback","E3 source has NCBI GeneID but no Ensembl gene ID; matched to one selected Ensembl protein-coding gnomAD row by symbol.","EP300","ENSG00000100393","ENST00000263253",FALSE,"flagged","constraint_flags=[""outlier_syn""]"
306,"RBX1","9978","P62877","Degenerate RING, Ubl E3","Degenerate RING","matched",1,"gene symbol checked fallback","E3 source has NCBI GeneID but no Ensembl gene ID; matched to one selected Ensembl protein-coding gnomAD row by symbol.","RBX1","ENSG00000100387","ENST00000216225",FALSE,"flagged","constraint_flags=[""no_exp_lof""]"
307,"RNF7","9616","Q9UBF6","Degenerate RING","Degenerate RING","matched",1,"gene symbol checked fallback","E3 source has NCBI GeneID but no Ensembl gene ID; matched to one selected Ensembl protein-coding gnomAD row by symbol.","RNF7","ENSG00000114125","ENST00000273480",FALSE,"pass","none"
308,"PIAS1","8554","O75925","Degenerate RING (SP-RING), SUMO E3","Degenerate RING","matched",1,"gene symbol checked fallback","E3 source has NCBI GeneID but no Ensembl gene ID; matched to one selected Ensembl protein-coding gnomAD row by symbol.","PIAS1","ENSG00000033800","ENST00000249636",FALSE,"pass","none"
309,"PIAS2","9063","O75928","Degenerate RING (SP-RING), SUMO E3","Degenerate RING","matched",1,"gene symbol checked fallback","E3 source has NCBI GeneID but no Ensembl gene ID; matched to one selected Ensembl protein-coding gnomAD row by symbol.","PIAS2","ENSG00000078043","ENST00000585916",FALSE,"pass","none"
310,"PIAS3","10401","Q9Y6X2","Degenerate RING (SP-RING), SUMO E3","Degenerate RING","matched",1,"gene symbol checked fallback","E3 source has NCBI GeneID but no Ensembl gene ID; matched to one selected Ensembl protein-coding gnomAD row by symbol.","PIAS3","ENSG00000131788","ENST00000393045",FALSE,"pass","none"
311,"PIAS4","51588","Q8N2W9","Degenerate RING (SP-RING), SUMO E3","Degenerate RING","matched",1,"gene symbol checked fallback","E3 source has NCBI GeneID but no Ensembl gene ID; matched to one selected Ensembl protein-coding gnomAD row by symbol.","PIAS4","ENSG00000105229","ENST00000262971",FALSE,"pass","none"
312,"NSMCE2","286053","Q96MF7","Degenerate RING (SP-RING), SUMO E3","Degenerate RING","matched",1,"gene symbol checked fallback","E3 source has NCBI GeneID but no Ensembl gene ID; matched to one selected Ensembl protein-coding gnomAD row by symbol.","NSMCE2","ENSG00000156831","ENST00000287437",FALSE,"pass","none"
313,"ZMIZ1","57178","Q9ULJ6","Degenerate RING (SP-RING), SUMO E3","Degenerate RING","matched",1,"gene symbol checked fallback","E3 source has NCBI GeneID but no Ensembl gene ID; matched to one selected Ensembl protein-coding gnomAD row by symbol.","ZMIZ1","ENSG00000108175","ENST00000334512",FALSE,"pass","none"
314,"ZMIZ2","83637","Q8NF64","Degenerate RING (SP-RING), SUMO E3","Degenerate RING","matched",1,"gene symbol checked fallback","E3 source has NCBI GeneID but no Ensembl gene ID; matched to one selected Ensembl protein-coding gnomAD row by symbol.","ZMIZ2","ENSG00000122515","ENST00000309315",FALSE,"pass","none"
315,"MIOS","54468","Q9NXC5","Degenerate RING","Degenerate RING","matched",1,"gene symbol checked fallback","E3 source has NCBI GeneID but no Ensembl gene ID; matched to one selected Ensembl protein-coding gnomAD row by symbol.","MIOS","ENSG00000164654","ENST00000340080",FALSE,"pass","none"
316,"UBR4","23352","Q5T4S7","Degenerate RING","Degenerate RING","matched",1,"gene symbol checked fallback","E3 source has NCBI GeneID but no Ensembl gene ID; matched to one selected Ensembl protein-coding gnomAD row by symbol.","UBR4","ENSG00000127481","ENST00000375254",FALSE,"pass","none"
317,"PELI1","57162","Q96FA3","Degenerate RING","Degenerate RING","matched",1,"gene symbol checked fallback","E3 source has NCBI GeneID but no Ensembl gene ID; matched to one selected Ensembl protein-coding gnomAD row by symbol.","PELI1","ENSG00000197329","ENST00000358912",FALSE,"pass","none"
318,"PELI2","57161","Q9HAT8","Degenerate RING","Degenerate RING","matched",1,"gene symbol checked fallback","E3 source has NCBI GeneID but no Ensembl gene ID; matched to one selected Ensembl protein-coding gnomAD row by symbol.","PELI2","ENSG00000139946","ENST00000267460",FALSE,"pass","none"
319,"PELI3","246330","Q8N2H9","Degenerate RING","Degenerate RING","matched",1,"gene symbol checked fallback","E3 source has NCBI GeneID but no Ensembl gene ID; matched to one selected Ensembl protein-coding gnomAD row by symbol.","PELI3","ENSG00000174516","ENST00000320740",FALSE,"pass","none"
320,"RTF2","51507","Q9BY42","Degenerate RING","Degenerate RING","matched",1,"gene symbol checked fallback","E3 source has NCBI GeneID but no Ensembl gene ID; matched to one selected Ensembl protein-coding gnomAD row by symbol.","RTF2","ENSG00000022277","ENST00000357348",FALSE,"pass","none"
321,"RMND5A","64795","Q9H871","Degenerate RING","Degenerate RING","matched",1,"gene symbol checked fallback","E3 source has NCBI GeneID but no Ensembl gene ID; matched to one selected Ensembl protein-coding gnomAD row by symbol.","RMND5A","ENSG00000153561","ENST00000283632",FALSE,"pass","none"
322,"RMND5B","64777","Q96G75","Degenerate RING","Degenerate RING","matched",1,"gene symbol checked fallback","E3 source has NCBI GeneID but no Ensembl gene ID; matched to one selected Ensembl protein-coding gnomAD row by symbol.","RMND5B","ENSG00000145916","ENST00000313386",FALSE,"pass","none"
323,"WDR24","84219","Q96S15","Degenerate RING","Degenerate RING","matched",1,"gene symbol checked fallback","E3 source has NCBI GeneID but no Ensembl gene ID; matched to one selected Ensembl protein-coding gnomAD row by symbol.","WDR24","ENSG00000127580","ENST00000293883",FALSE,"pass","none"
324,"WDR59","79726","Q6PJI9","Degenerate RING","Degenerate RING","matched",1,"gene symbol checked fallback","E3 source has NCBI GeneID but no Ensembl gene ID; matched to one selected Ensembl protein-coding gnomAD row by symbol.","WDR59","ENSG00000103091","ENST00000262144",FALSE,"pass","none"
325,"MAEA","10296","Q7L5Y9","Degenerate RING (U-box)","Degenerate RING","matched",1,"gene symbol checked fallback","E3 source has NCBI GeneID but no Ensembl gene ID; matched to one selected Ensembl protein-coding gnomAD row by symbol.","MAEA","ENSG00000090316","ENST00000303400",FALSE,"pass","none"
326,"PRPF19","27339","Q9UMS4","Degenerate RING (U-box)","Degenerate RING","matched",1,"gene symbol checked fallback","E3 source has NCBI GeneID but no Ensembl gene ID; matched to one selected Ensembl protein-coding gnomAD row by symbol.","PRPF19","ENSG00000110107","ENST00000227524",FALSE,"pass","none"
327,"UBE4A","9354","Q14139","Degenerate RING (U-box)","Degenerate RING","matched",1,"gene symbol checked fallback","E3 source has NCBI GeneID but no Ensembl gene ID; matched to one selected Ensembl protein-coding gnomAD row by symbol.","UBE4A","ENSG00000110344","ENST00000252108",FALSE,"pass","none"
328,"UBE4B","10277","O95155","Degenerate RING (U-box)","Degenerate RING","matched",1,"gene symbol checked fallback","E3 source has NCBI GeneID but no Ensembl gene ID; matched to one selected Ensembl protein-coding gnomAD row by symbol.","UBE4B","ENSG00000130939","ENST00000343090",FALSE,"pass","none"
329,"WDSUB1","151525","Q8N9V3","Degenerate RING (U-box)","Degenerate RING","matched",1,"gene symbol checked fallback","E3 source has NCBI GeneID but no Ensembl gene ID; matched to one selected Ensembl protein-coding gnomAD row by symbol.","WDSUB1","ENSG00000196151","ENST00000359774",FALSE,"pass","none"
330,"NOSIP","51070","Q9Y314","Degenerate RING (U-box)","Degenerate RING","matched",1,"gene symbol checked fallback","E3 source has NCBI GeneID but no Ensembl gene ID; matched to one selected Ensembl protein-coding gnomAD row by symbol.","NOSIP","ENSG00000142546","ENST00000596358",FALSE,"pass","none"
331,"PPIL2","23759","Q13356","Degenerate RING (U-box)","Degenerate RING","matched",1,"gene symbol checked fallback","E3 source has NCBI GeneID but no Ensembl gene ID; matched to one selected Ensembl protein-coding gnomAD row by symbol.","PPIL2","ENSG00000100023","ENST00000398831",FALSE,"pass","none"
332,"STUB1","10273","Q9UNE7","Degenerate RING (U-box)","Degenerate RING","matched",1,"gene symbol checked fallback","E3 source has NCBI GeneID but no Ensembl gene ID; matched to one selected Ensembl protein-coding gnomAD row by symbol.","STUB1","ENSG00000103266","ENST00000219548",FALSE,"pass","none"
333,"ANKIB1","54467","Q9P2G1","RING-between-RING","RBR","matched",1,"gene symbol checked fallback","E3 source has NCBI GeneID but no Ensembl gene ID; matched to one selected Ensembl protein-coding gnomAD row by symbol.","ANKIB1","ENSG00000001629","ENST00000265742",FALSE,"pass","none"
334,"ARIH1","25820","Q9Y4X5","RING-between-RING, Ubl E3","RBR","matched",1,"gene symbol checked fallback","E3 source has NCBI GeneID but no Ensembl gene ID; matched to one selected Ensembl protein-coding gnomAD row by symbol.","ARIH1","ENSG00000166233","ENST00000379887",FALSE,"pass","none"
335,"ARIH2","10425","O95376","RING-between-RING","RBR","matched",1,"gene symbol checked fallback","E3 source has NCBI GeneID but no Ensembl gene ID; matched to one selected Ensembl protein-coding gnomAD row by symbol.","ARIH2","ENSG00000177479","ENST00000356401",FALSE,"pass","none"
336,"CUL9","23113","Q8IWT3","RING-between-RING","RBR","matched",1,"gene symbol checked fallback","E3 source has NCBI GeneID but no Ensembl gene ID; matched to one selected Ensembl protein-coding gnomAD row by symbol.","CUL9","ENSG00000112659","ENST00000252050",FALSE,"pass","none"
337,"PRKN","5071","O60260","RING-between-RING, Ubl E3","RBR","matched",1,"gene symbol checked fallback","E3 source has NCBI GeneID but no Ensembl gene ID; matched to one selected Ensembl protein-coding gnomAD row by symbol.","PRKN","ENSG00000185345","ENST00000366898",FALSE,"pass","none"
338,"RBCK1","10616","Q9BYM8","RING-between-RING","RBR","matched",1,"gene symbol checked fallback","E3 source has NCBI GeneID but no Ensembl gene ID; matched to one selected Ensembl protein-coding gnomAD row by symbol.","RBCK1","ENSG00000125826","ENST00000356286",FALSE,"pass","none"
339,"RNF14","9604","Q9UBS8","RING-between-RING","RBR","matched",1,"gene symbol checked fallback","E3 source has NCBI GeneID but no Ensembl gene ID; matched to one selected Ensembl protein-coding gnomAD row by symbol.","RNF14","ENSG00000013561","ENST00000394520",FALSE,"pass","none"
340,"RNF144A","9781","P50876","RING-between-RING","RBR","matched",1,"gene symbol checked fallback","E3 source has NCBI GeneID but no Ensembl gene ID; matched to one selected Ensembl protein-coding gnomAD row by symbol.","RNF144A","ENSG00000151692","ENST00000320892",FALSE,"pass","none"
341,"RNF144B","255488","Q7Z419","RING-between-RING","RBR","matched",1,"gene symbol checked fallback","E3 source has NCBI GeneID but no Ensembl gene ID; matched to one selected Ensembl protein-coding gnomAD row by symbol.","RNF144B","ENSG00000137393","ENST00000259939",FALSE,"pass","none"
342,"RNF19A","25897","Q9NV58","RING-between-RING","RBR","matched",1,"gene symbol checked fallback","E3 source has NCBI GeneID but no Ensembl gene ID; matched to one selected Ensembl protein-coding gnomAD row by symbol.","RNF19A","ENSG00000034677","ENST00000341084",FALSE,"pass","none"
343,"RNF19B","127544","Q6ZMZ0","RING-between-RING","RBR","matched",1,"gene symbol checked fallback","E3 source has NCBI GeneID but no Ensembl gene ID; matched to one selected Ensembl protein-coding gnomAD row by symbol.","RNF19B","ENSG00000116514","ENST00000235150",FALSE,"pass","none"
344,"RNF216","54476","Q9NWF9","RING-between-RING","RBR","matched",1,"gene symbol checked fallback","E3 source has NCBI GeneID but no Ensembl gene ID; matched to one selected Ensembl protein-coding gnomAD row by symbol.","RNF216","ENSG00000011275","ENST00000389902",FALSE,"pass","none"
345,"RNF217","154214","Q8TC41","RING-between-RING","RBR","matched",1,"gene symbol checked fallback","E3 source has NCBI GeneID but no Ensembl gene ID; matched to one selected Ensembl protein-coding gnomAD row by symbol.","RNF217","ENSG00000146373","ENST00000521654",FALSE,"pass","none"
346,"RNF31","55072","Q96EP0","RING-between-RING","RBR","matched",1,"gene symbol checked fallback","E3 source has NCBI GeneID but no Ensembl gene ID; matched to one selected Ensembl protein-coding gnomAD row by symbol.","RNF31","ENSG00000092098","ENST00000324103",FALSE,"pass","none"
347,"AREL1","9870","O15033","HECT E3 ligase","HECT","matched",1,"gene symbol checked fallback","E3 source has NCBI GeneID but no Ensembl gene ID; matched to one selected Ensembl protein-coding gnomAD row by symbol.","AREL1","ENSG00000119682","ENST00000356357",FALSE,"pass","none"
348,"HACE1","57531","Q8IYU2","HECT E3 ligase","HECT","matched",1,"gene symbol checked fallback","E3 source has NCBI GeneID but no Ensembl gene ID; matched to one selected Ensembl protein-coding gnomAD row by symbol.","HACE1","ENSG00000085382","ENST00000262903",FALSE,"pass","none"
349,"HECTD1","25831","Q9ULT8","HECT E3 ligase","HECT","matched",1,"gene symbol checked fallback","E3 source has NCBI GeneID but no Ensembl gene ID; matched to one selected Ensembl protein-coding gnomAD row by symbol.","HECTD1","ENSG00000092148","ENST00000399332",FALSE,"pass","none"
350,"HECTD2","143279","Q5U5R9","HECT E3 ligase","HECT","matched",1,"gene symbol checked fallback","E3 source has NCBI GeneID but no Ensembl gene ID; matched to one selected Ensembl protein-coding gnomAD row by symbol.","HECTD2","ENSG00000165338","ENST00000298068",FALSE,"pass","none"
351,"HECTD3","79654","Q5T447","HECT E3 ligase","HECT","matched",1,"gene symbol checked fallback","E3 source has NCBI GeneID but no Ensembl gene ID; matched to one selected Ensembl protein-coding gnomAD row by symbol.","HECTD3","ENSG00000126107","ENST00000372172",FALSE,"pass","none"
352,"HECTD4","283450","Q9Y4D8","HECT E3 ligase","HECT","matched",1,"gene symbol checked fallback","E3 source has NCBI GeneID but no Ensembl gene ID; matched to one selected Ensembl protein-coding gnomAD row by symbol.","HECTD4","ENSG00000173064","ENST00000682272",FALSE,"pass","none"
353,"HECW1","23072","Q76N89","HECT E3 ligase","HECT","matched",1,"gene symbol checked fallback","E3 source has NCBI GeneID but no Ensembl gene ID; matched to one selected Ensembl protein-coding gnomAD row by symbol.","HECW1","ENSG00000002746","ENST00000395891",FALSE,"pass","none"
354,"HECW2","57520","Q9P2P5","HECT E3 ligase","HECT","matched",1,"gene symbol checked fallback","E3 source has NCBI GeneID but no Ensembl gene ID; matched to one selected Ensembl protein-coding gnomAD row by symbol.","HECW2","ENSG00000138411","ENST00000644978",FALSE,"pass","none"
355,"HERC1","8925","Q15751","HECT E3 ligase","HECT","matched",1,"gene symbol checked fallback","E3 source has NCBI GeneID but no Ensembl gene ID; matched to one selected Ensembl protein-coding gnomAD row by symbol.","HERC1","ENSG00000103657","ENST00000443617",FALSE,"pass","none"
356,"HERC2","8924","O95714","HECT E3 ligase","HECT","matched",1,"gene symbol checked fallback","E3 source has NCBI GeneID but no Ensembl gene ID; matched to one selected Ensembl protein-coding gnomAD row by symbol.","HERC2","ENSG00000128731","ENST00000261609",FALSE,"pass","none"
357,"HERC3","8916","Q15034","HECT E3 ligase","HECT","matched",1,"gene symbol checked fallback","E3 source has NCBI GeneID but no Ensembl gene ID; matched to one selected Ensembl protein-coding gnomAD row by symbol.","HERC3","ENSG00000138641","ENST00000402738",FALSE,"pass","none"
358,"HERC4","26091","Q5GLZ8","HECT E3 ligase","HECT","matched",1,"gene symbol checked fallback","E3 source has NCBI GeneID but no Ensembl gene ID; matched to one selected Ensembl protein-coding gnomAD row by symbol.","HERC4","ENSG00000148634","ENST00000373700",FALSE,"pass","none"
359,"HERC5","51191","Q9UII4","HECT E3 ligase, Ubl E3","HECT","matched",1,"gene symbol checked fallback","E3 source has NCBI GeneID but no Ensembl gene ID; matched to one selected Ensembl protein-coding gnomAD row by symbol.","HERC5","ENSG00000138646","ENST00000264350",FALSE,"pass","none"
360,"HERC6","55008","Q8IVU3","HECT E3 ligase","HECT","matched",1,"gene symbol checked fallback","E3 source has NCBI GeneID but no Ensembl gene ID; matched to one selected Ensembl protein-coding gnomAD row by symbol.","HERC6","ENSG00000138642","ENST00000264346",FALSE,"pass","none"
361,"HUWE1","10075","Q7Z6Z7","HECT E3 ligase","HECT","matched",1,"gene symbol checked fallback","E3 source has NCBI GeneID but no Ensembl gene ID; matched to one selected Ensembl protein-coding gnomAD row by symbol.","HUWE1","ENSG00000086758","ENST00000262854",FALSE,"pass","none"
362,"ITCH","83737","Q96J02","HECT E3 ligase","HECT","matched",1,"gene symbol checked fallback","E3 source has NCBI GeneID but no Ensembl gene ID; matched to one selected Ensembl protein-coding gnomAD row by symbol.","ITCH","ENSG00000078747","ENST00000374864",FALSE,"pass","none"
363,"NEDD4","4734","P46934","HECT E3 ligase","HECT","matched",1,"gene symbol checked fallback","E3 source has NCBI GeneID but no Ensembl gene ID; matched to one selected Ensembl protein-coding gnomAD row by symbol.","NEDD4","ENSG00000069869","ENST00000435532",FALSE,"pass","none"
364,"NEDD4L","23327","Q96PU5","HECT E3 ligase","HECT","matched",1,"gene symbol checked fallback","E3 source has NCBI GeneID but no Ensembl gene ID; matched to one selected Ensembl protein-coding gnomAD row by symbol.","NEDD4L","ENSG00000049759","ENST00000400345",FALSE,"pass","none"
365,"SMURF1","57154","Q9HCE7","HECT E3 ligase","HECT","matched",1,"gene symbol checked fallback","E3 source has NCBI GeneID but no Ensembl gene ID; matched to one selected Ensembl protein-coding gnomAD row by symbol.","SMURF1","ENSG00000198742","ENST00000361368",FALSE,"pass","none"
366,"SMURF2","64750","Q9HAU4","HECT E3 ligase","HECT","matched",1,"gene symbol checked fallback","E3 source has NCBI GeneID but no Ensembl gene ID; matched to one selected Ensembl protein-coding gnomAD row by symbol.","SMURF2","ENSG00000108854","ENST00000262435",FALSE,"pass","none"
367,"TRIP12","9320","Q14669","HECT E3 ligase","HECT","matched",1,"gene symbol checked fallback","E3 source has NCBI GeneID but no Ensembl gene ID; matched to one selected Ensembl protein-coding gnomAD row by symbol.","TRIP12","ENSG00000153827","ENST00000675903",FALSE,"pass","none"
368,"UBE3A","7337","Q05086","HECT E3 ligase","HECT","matched",1,"gene symbol checked fallback","E3 source has NCBI GeneID but no Ensembl gene ID; matched to one selected Ensembl protein-coding gnomAD row by symbol.","UBE3A","ENSG00000114062","ENST00000648336",FALSE,"pass","none"
369,"UBE3B","89910","Q7Z3V4","HECT E3 ligase","HECT","matched",1,"gene symbol checked fallback","E3 source has NCBI GeneID but no Ensembl gene ID; matched to one selected Ensembl protein-coding gnomAD row by symbol.","UBE3B","ENSG00000151148","ENST00000342494",FALSE,"pass","none"
370,"UBE3C","9690","Q15386","HECT E3 ligase","HECT","matched",1,"gene symbol checked fallback","E3 source has NCBI GeneID but no Ensembl gene ID; matched to one selected Ensembl protein-coding gnomAD row by symbol.","UBE3C","ENSG00000009335","ENST00000348165",FALSE,"pass","none"
371,"UBR5","51366","O95071","HECT E3 ligase","HECT","matched",1,"gene symbol checked fallback","E3 source has NCBI GeneID but no Ensembl gene ID; matched to one selected Ensembl protein-coding gnomAD row by symbol.","UBR5","ENSG00000104517","ENST00000520539",FALSE,"pass","none"
372,"WWP1","11059","Q9H0M0","HECT E3 ligase","HECT","matched",1,"gene symbol checked fallback","E3 source has NCBI GeneID but no Ensembl gene ID; matched to one selected Ensembl protein-coding gnomAD row by symbol.","WWP1","ENSG00000123124","ENST00000517970",FALSE,"pass","none"
373,"WWP2","11060","O00308","HECT E3 ligase","HECT","matched",1,"gene symbol checked fallback","E3 source has NCBI GeneID but no Ensembl gene ID; matched to one selected Ensembl protein-coding gnomAD row by symbol.","WWP2","ENSG00000198373","ENST00000359154",FALSE,"pass","none"
374,"BTRC","8945","Q9Y297","CRL1 substrate receptor (F-box protein)","CRL1/F-box","matched",1,"gene symbol checked fallback","E3 source has NCBI GeneID but no Ensembl gene ID; matched to one selected Ensembl protein-coding gnomAD row by symbol.","BTRC","ENSG00000166167","ENST00000370187",FALSE,"pass","none"
375,"CCNF","899","P41002","CRL1 substrate receptor (F-box protein)","CRL1/F-box","matched",1,"gene symbol checked fallback","E3 source has NCBI GeneID but no Ensembl gene ID; matched to one selected Ensembl protein-coding gnomAD row by symbol.","CCNF","ENSG00000162063","ENST00000397066",FALSE,"pass","none"
376,"ECT2L","345930","Q008S8","CRL1 substrate receptor (F-box protein)","CRL1/F-box","matched",1,"gene symbol checked fallback","E3 source has NCBI GeneID but no Ensembl gene ID; matched to one selected Ensembl protein-coding gnomAD row by symbol.","ECT2L","ENSG00000203734","ENST00000541398",FALSE,"pass","none"
377,"FBH1","84893","Q8NFZ0","CRL1 substrate receptor (F-box protein)","CRL1/F-box","matched",1,"gene symbol checked fallback","E3 source has NCBI GeneID but no Ensembl gene ID; matched to one selected Ensembl protein-coding gnomAD row by symbol.","FBH1","ENSG00000134452","ENST00000362091",FALSE,"pass","none"
378,"FBXL2","25827","Q9UKC9","CRL1 substrate receptor (F-box protein)","CRL1/F-box","matched",1,"gene symbol checked fallback","E3 source has NCBI GeneID but no Ensembl gene ID; matched to one selected Ensembl protein-coding gnomAD row by symbol.","FBXL2","ENSG00000153558","ENST00000484457",FALSE,"pass","none"
379,"FBXL3","26224","Q9UKT7","CRL1 substrate receptor (F-box protein)","CRL1/F-box","matched",1,"gene symbol checked fallback","E3 source has NCBI GeneID but no Ensembl gene ID; matched to one selected Ensembl protein-coding gnomAD row by symbol.","FBXL3","ENSG00000005812","ENST00000355619",FALSE,"pass","none"
380,"FBXL12","54850","Q9NXK8","CRL1 substrate receptor (F-box protein)","CRL1/F-box","matched",1,"gene symbol checked fallback","E3 source has NCBI GeneID but no Ensembl gene ID; matched to one selected Ensembl protein-coding gnomAD row by symbol.","FBXL12","ENSG00000127452","ENST00000247977",FALSE,"pass","none"
381,"FBXL13","222235","Q8NEE6","CRL1 substrate receptor (F-box protein)","CRL1/F-box","matched",1,"gene symbol checked fallback","E3 source has NCBI GeneID but no Ensembl gene ID; matched to one selected Ensembl protein-coding gnomAD row by symbol.","FBXL13","ENSG00000161040","ENST00000313221",FALSE,"pass","none"
382,"FBXL14","144699","Q8N1E6","CRL1 substrate receptor (F-box protein)","CRL1/F-box","matched",1,"gene symbol checked fallback","E3 source has NCBI GeneID but no Ensembl gene ID; matched to one selected Ensembl protein-coding gnomAD row by symbol.","FBXL14","ENSG00000171823","ENST00000339235",FALSE,"pass","none"
383,"FBXL15","79176","Q9H469","CRL1 substrate receptor (F-box protein)","CRL1/F-box","matched",1,"gene symbol checked fallback","E3 source has NCBI GeneID but no Ensembl gene ID; matched to one selected Ensembl protein-coding gnomAD row by symbol.","FBXL15","ENSG00000107872","ENST00000369956",FALSE,"pass","none"
384,"FBXL16","146330","Q8N461","CRL1 substrate receptor (F-box protein)","CRL1/F-box","matched",1,"gene symbol checked fallback","E3 source has NCBI GeneID but no Ensembl gene ID; matched to one selected Ensembl protein-coding gnomAD row by symbol.","FBXL16","ENSG00000127585","ENST00000397621",FALSE,"pass","none"
385,"FBXL17","64839","Q9UF56","CRL1 substrate receptor (F-box protein)","CRL1/F-box","matched",1,"gene symbol checked fallback","E3 source has NCBI GeneID but no Ensembl gene ID; matched to one selected Ensembl protein-coding gnomAD row by symbol.","FBXL17","ENSG00000145743","ENST00000542267",FALSE,"pass","none"
386,"FBXL18","80028","Q96ME1","CRL1 substrate receptor (F-box protein)","CRL1/F-box","matched",1,"gene symbol checked fallback","E3 source has NCBI GeneID but no Ensembl gene ID; matched to one selected Ensembl protein-coding gnomAD row by symbol.","FBXL18","ENSG00000155034","ENST00000382368",FALSE,"pass","none"
387,"FBXL19","54620","Q6PCT2","CRL1 substrate receptor (F-box protein)","CRL1/F-box","matched",1,"gene symbol checked fallback","E3 source has NCBI GeneID but no Ensembl gene ID; matched to one selected Ensembl protein-coding gnomAD row by symbol.","FBXL19","ENSG00000099364","ENST00000338343",FALSE,"pass","none"
388,"FBXL20","84961","Q96IG2","CRL1 substrate receptor (F-box protein)","CRL1/F-box","matched",1,"gene symbol checked fallback","E3 source has NCBI GeneID but no Ensembl gene ID; matched to one selected Ensembl protein-coding gnomAD row by symbol.","FBXL20","ENSG00000108306","ENST00000264658",FALSE,"pass","none"
389,"FBXL22","283807","Q6P050","CRL1 substrate receptor (F-box protein)","CRL1/F-box","matched",1,"gene symbol checked fallback","E3 source has NCBI GeneID but no Ensembl gene ID; matched to one selected Ensembl protein-coding gnomAD row by symbol.","FBXL22","ENSG00000197361","ENST00000638704",FALSE,"pass","none"
390,"FBXL4","26235","Q9UKA2","CRL1 substrate receptor (F-box protein)","CRL1/F-box","matched",1,"gene symbol checked fallback","E3 source has NCBI GeneID but no Ensembl gene ID; matched to one selected Ensembl protein-coding gnomAD row by symbol.","FBXL4","ENSG00000112234","ENST00000369244",FALSE,"pass","none"
391,"FBXL5","26234","Q9UKA1","CRL1 substrate receptor (F-box protein)","CRL1/F-box","matched",1,"gene symbol checked fallback","E3 source has NCBI GeneID but no Ensembl gene ID; matched to one selected Ensembl protein-coding gnomAD row by symbol.","FBXL5","ENSG00000118564","ENST00000341285",FALSE,"pass","none"
392,"FBXL6","26233","Q8N531","CRL1 substrate receptor (F-box protein)","CRL1/F-box","matched",1,"gene symbol checked fallback","E3 source has NCBI GeneID but no Ensembl gene ID; matched to one selected Ensembl protein-coding gnomAD row by symbol.","FBXL6","ENSG00000182325","ENST00000331890",FALSE,"pass","none"
393,"FBXL7","23194","Q9UJT9","CRL1 substrate receptor (F-box protein)","CRL1/F-box","matched",1,"gene symbol checked fallback","E3 source has NCBI GeneID but no Ensembl gene ID; matched to one selected Ensembl protein-coding gnomAD row by symbol.","FBXL7","ENSG00000183580","ENST00000504595",FALSE,"pass","none"
394,"FBXL8","55336","Q96CD0","CRL1 substrate receptor (F-box protein)","CRL1/F-box","matched",1,"gene symbol checked fallback","E3 source has NCBI GeneID but no Ensembl gene ID; matched to one selected Ensembl protein-coding gnomAD row by symbol.","FBXL8","ENSG00000135722","ENST00000258200",FALSE,"pass","none"
395,"FBXO10","26267","Q9UK96","CRL1 substrate receptor (F-box protein)","CRL1/F-box","matched",1,"gene symbol checked fallback","E3 source has NCBI GeneID but no Ensembl gene ID; matched to one selected Ensembl protein-coding gnomAD row by symbol.","FBXO10","ENSG00000147912","ENST00000432825",FALSE,"pass","none"
396,"FBXO11","80204","Q86XK2","CRL1 substrate receptor (F-box protein)","CRL1/F-box","matched",1,"gene symbol checked fallback","E3 source has NCBI GeneID but no Ensembl gene ID; matched to one selected Ensembl protein-coding gnomAD row by symbol.","FBXO11","ENSG00000138081","ENST00000403359",FALSE,"pass","none"
397,"FBXO15","201456","Q8NCQ5","CRL1 substrate receptor (F-box protein)","CRL1/F-box","matched",1,"gene symbol checked fallback","E3 source has NCBI GeneID but no Ensembl gene ID; matched to one selected Ensembl protein-coding gnomAD row by symbol.","FBXO15","ENSG00000141665","ENST00000419743",FALSE,"pass","none"
398,"FBXO16","157574","Q8IX29","CRL1 substrate receptor (F-box protein)","CRL1/F-box","matched",1,"gene symbol checked fallback","E3 source has NCBI GeneID but no Ensembl gene ID; matched to one selected Ensembl protein-coding gnomAD row by symbol.","FBXO16","ENSG00000214050","ENST00000380254",FALSE,"pass","none"
399,"FBXO17","115290","Q96EF6","CRL1 substrate receptor (F-box protein)","CRL1/F-box","matched",1,"gene symbol checked fallback","E3 source has NCBI GeneID but no Ensembl gene ID; matched to one selected Ensembl protein-coding gnomAD row by symbol.","FBXO17","ENSG00000269190","ENST00000292852",FALSE,"pass","none"
400,"FBXO2","26232","Q9UK22","CRL1 substrate receptor (F-box protein)","CRL1/F-box","matched",1,"gene symbol checked fallback","E3 source has NCBI GeneID but no Ensembl gene ID; matched to one selected Ensembl protein-coding gnomAD row by symbol.","FBXO2","ENSG00000116661","ENST00000354287",FALSE,"pass","none"
401,"FBXO21","23014","O94952","CRL1 substrate receptor (F-box protein)","CRL1/F-box","matched",1,"gene symbol checked fallback","E3 source has NCBI GeneID but no Ensembl gene ID; matched to one selected Ensembl protein-coding gnomAD row by symbol.","FBXO21","ENSG00000135108","ENST00000622495",FALSE,"pass","none"
402,"FBXO22","26263","Q8NEZ5","CRL1 substrate receptor (F-box protein)","CRL1/F-box","matched",1,"gene symbol checked fallback","E3 source has NCBI GeneID but no Ensembl gene ID; matched to one selected Ensembl protein-coding gnomAD row by symbol.","FBXO22","ENSG00000167196","ENST00000308275",FALSE,"pass","none"
403,"FBXO24","26261","O75426","CRL1 substrate receptor (F-box protein)","CRL1/F-box","matched",1,"gene symbol checked fallback","E3 source has NCBI GeneID but no Ensembl gene ID; matched to one selected Ensembl protein-coding gnomAD row by symbol.","FBXO24","ENSG00000106336","ENST00000241071",FALSE,"pass","none"
404,"FBXO25","26260","Q8TCJ0","CRL1 substrate receptor (F-box protein)","CRL1/F-box","matched",1,"gene symbol checked fallback","E3 source has NCBI GeneID but no Ensembl gene ID; matched to one selected Ensembl protein-coding gnomAD row by symbol.","FBXO25","ENSG00000147364","ENST00000350302",FALSE,"pass","none"
405,"FBXO27","126433","Q8NI29","CRL1 substrate receptor (F-box protein)","CRL1/F-box","matched",1,"gene symbol checked fallback","E3 source has NCBI GeneID but no Ensembl gene ID; matched to one selected Ensembl protein-coding gnomAD row by symbol.","FBXO27","ENSG00000161243","ENST00000292853",FALSE,"pass","none"
406,"FBXO28","23219","Q9NVF7","CRL1 substrate receptor (F-box protein)","CRL1/F-box","matched",1,"gene symbol checked fallback","E3 source has NCBI GeneID but no Ensembl gene ID; matched to one selected Ensembl protein-coding gnomAD row by symbol.","FBXO28","ENSG00000143756","ENST00000366862",FALSE,"pass","none"
407,"FBXO3","26273","Q9UK99","CRL1 substrate receptor (F-box protein)","CRL1/F-box","matched",1,"gene symbol checked fallback","E3 source has NCBI GeneID but no Ensembl gene ID; matched to one selected Ensembl protein-coding gnomAD row by symbol.","FBXO3","ENSG00000110429","ENST00000265651",FALSE,"pass","none"
408,"FBXO30","84085","Q8TB52","CRL1 substrate receptor (F-box protein)","CRL1/F-box","matched",1,"gene symbol checked fallback","E3 source has NCBI GeneID but no Ensembl gene ID; matched to one selected Ensembl protein-coding gnomAD row by symbol.","FBXO30","ENSG00000118496","ENST00000237281",FALSE,"pass","none"
409,"FBXO31","79791","Q5XUX0","CRL1 substrate receptor (F-box protein)","CRL1/F-box","matched",1,"gene symbol checked fallback","E3 source has NCBI GeneID but no Ensembl gene ID; matched to one selected Ensembl protein-coding gnomAD row by symbol.","FBXO31","ENSG00000103264","ENST00000311635",FALSE,"pass","none"
410,"FBXO32","114907","Q969P5","CRL1 substrate receptor (F-box protein)","CRL1/F-box","matched",1,"gene symbol checked fallback","E3 source has NCBI GeneID but no Ensembl gene ID; matched to one selected Ensembl protein-coding gnomAD row by symbol.","FBXO32","ENSG00000156804","ENST00000517956",FALSE,"pass","none"
411,"FBXO33","254170","Q7Z6M2","CRL1 substrate receptor (F-box protein)","CRL1/F-box","matched",1,"gene symbol checked fallback","E3 source has NCBI GeneID but no Ensembl gene ID; matched to one selected Ensembl protein-coding gnomAD row by symbol.","FBXO33","ENSG00000165355","ENST00000298097",FALSE,"pass","none"
412,"FBXO34","55030","Q9NWN3","CRL1 substrate receptor (F-box protein)","CRL1/F-box","matched",1,"gene symbol checked fallback","E3 source has NCBI GeneID but no Ensembl gene ID; matched to one selected Ensembl protein-coding gnomAD row by symbol.","FBXO34","ENSG00000178974","ENST00000313833",FALSE,"pass","none"
413,"FBXO36","130888","Q8NEA4","CRL1 substrate receptor (F-box protein)","CRL1/F-box","matched",1,"gene symbol checked fallback","E3 source has NCBI GeneID but no Ensembl gene ID; matched to one selected Ensembl protein-coding gnomAD row by symbol.","FBXO36","ENSG00000153832","ENST00000283946",FALSE,"pass","none"
414,"FBXO38","81545","Q6PIJ6","CRL1 substrate receptor (F-box protein)","CRL1/F-box","matched",1,"gene symbol checked fallback","E3 source has NCBI GeneID but no Ensembl gene ID; matched to one selected Ensembl protein-coding gnomAD row by symbol.","FBXO38","ENSG00000145868","ENST00000340253",FALSE,"pass","none"
415,"FBXO39","162517","Q8N4B4","CRL1 substrate receptor (F-box protein)","CRL1/F-box","matched",1,"gene symbol checked fallback","E3 source has NCBI GeneID but no Ensembl gene ID; matched to one selected Ensembl protein-coding gnomAD row by symbol.","FBXO39","ENSG00000177294","ENST00000321535",FALSE,"pass","none"
416,"FBXO4","26272","Q9UKT5","CRL1 substrate receptor (F-box protein)","CRL1/F-box","matched",1,"gene symbol checked fallback","E3 source has NCBI GeneID but no Ensembl gene ID; matched to one selected Ensembl protein-coding gnomAD row by symbol.","FBXO4","ENSG00000151876","ENST00000281623",FALSE,"pass","none"
417,"FBXO40","51725","Q9UH90","CRL1 substrate receptor (F-box protein)","CRL1/F-box","matched",1,"gene symbol checked fallback","E3 source has NCBI GeneID but no Ensembl gene ID; matched to one selected Ensembl protein-coding gnomAD row by symbol.","FBXO40","ENSG00000163833","ENST00000338040",FALSE,"pass","none"
418,"FBXO41","150726","Q8TF61","CRL1 substrate receptor (F-box protein)","CRL1/F-box","matched",1,"gene symbol checked fallback","E3 source has NCBI GeneID but no Ensembl gene ID; matched to one selected Ensembl protein-coding gnomAD row by symbol.","FBXO41","ENSG00000163013","ENST00000520530",FALSE,"pass","none"
419,"FBXO42","54455","Q6P3S6","CRL1 substrate receptor (F-box protein)","CRL1/F-box","matched",1,"gene symbol checked fallback","E3 source has NCBI GeneID but no Ensembl gene ID; matched to one selected Ensembl protein-coding gnomAD row by symbol.","FBXO42","ENSG00000037637","ENST00000375592",FALSE,"pass","none"
420,"FBXO43","286151","Q4G163","CRL1 substrate receptor (F-box protein)","CRL1/F-box","matched",1,"gene symbol checked fallback","E3 source has NCBI GeneID but no Ensembl gene ID; matched to one selected Ensembl protein-coding gnomAD row by symbol.","FBXO43","ENSG00000156509","ENST00000428847",FALSE,"pass","none"
421,"FBXO44","93611","Q9H4M3","CRL1 substrate receptor (F-box protein)","CRL1/F-box","matched",1,"gene symbol checked fallback","E3 source has NCBI GeneID but no Ensembl gene ID; matched to one selected Ensembl protein-coding gnomAD row by symbol.","FBXO44","ENSG00000132879","ENST00000251547",FALSE,"pass","none"
422,"FBXO45","200933","P0C2W1","CRL1 substrate receptor (F-box protein)","CRL1/F-box","matched",1,"gene symbol checked fallback","E3 source has NCBI GeneID but no Ensembl gene ID; matched to one selected Ensembl protein-coding gnomAD row by symbol.","FBXO45","ENSG00000174013","ENST00000311630",FALSE,"pass","none"
423,"FBXO46","23403","Q6PJ61","CRL1 substrate receptor (F-box protein)","CRL1/F-box","matched",1,"gene symbol checked fallback","E3 source has NCBI GeneID but no Ensembl gene ID; matched to one selected Ensembl protein-coding gnomAD row by symbol.","FBXO46","ENSG00000177051","ENST00000317683",FALSE,"pass","none"
424,"FBXO47","494188","Q5MNV8","CRL1 substrate receptor (F-box protein)","CRL1/F-box","matched",1,"gene symbol checked fallback","E3 source has NCBI GeneID but no Ensembl gene ID; matched to one selected Ensembl protein-coding gnomAD row by symbol.","FBXO47","ENSG00000204952","ENST00000378079",FALSE,"pass","none"
425,"FBXO48","554251","Q5FWF7","CRL1 substrate receptor (F-box protein)","CRL1/F-box","matched",1,"gene symbol checked fallback","E3 source has NCBI GeneID but no Ensembl gene ID; matched to one selected Ensembl protein-coding gnomAD row by symbol.","FBXO48","ENSG00000204923","ENST00000377957",FALSE,"pass","none"
426,"FBXO5","26271","Q9UKT4","CRL1 substrate receptor (F-box protein)","CRL1/F-box","matched",1,"gene symbol checked fallback","E3 source has NCBI GeneID but no Ensembl gene ID; matched to one selected Ensembl protein-coding gnomAD row by symbol.","FBXO5","ENSG00000112029","ENST00000229758",FALSE,"pass","none"
427,"FBXO6","26270","Q9NRD1","CRL1 substrate receptor (F-box protein)","CRL1/F-box","matched",1,"gene symbol checked fallback","E3 source has NCBI GeneID but no Ensembl gene ID; matched to one selected Ensembl protein-coding gnomAD row by symbol.","FBXO6","ENSG00000116663","ENST00000376753",FALSE,"pass","none"
428,"FBXO7","25793","Q9Y3I1","CRL1 substrate receptor (F-box protein)","CRL1/F-box","matched",1,"gene symbol checked fallback","E3 source has NCBI GeneID but no Ensembl gene ID; matched to one selected Ensembl protein-coding gnomAD row by symbol.","FBXO7","ENSG00000100225","ENST00000266087",FALSE,"pass","none"
429,"FBXO8","26269","Q9NRD0","CRL1 substrate receptor (F-box protein)","CRL1/F-box","matched",1,"gene symbol checked fallback","E3 source has NCBI GeneID but no Ensembl gene ID; matched to one selected Ensembl protein-coding gnomAD row by symbol.","FBXO8","ENSG00000164117","ENST00000393674",FALSE,"pass","none"
430,"FBXO9","26268","Q9UK97","CRL1 substrate receptor (F-box protein)","CRL1/F-box","matched",1,"gene symbol checked fallback","E3 source has NCBI GeneID but no Ensembl gene ID; matched to one selected Ensembl protein-coding gnomAD row by symbol.","FBXO9","ENSG00000112146","ENST00000323557",FALSE,"pass","none"
431,"FBXW10","10517","Q5XX13","CRL1 substrate receptor (F-box protein)","CRL1/F-box","matched",1,"gene symbol checked fallback","E3 source has NCBI GeneID but no Ensembl gene ID; matched to one selected Ensembl protein-coding gnomAD row by symbol.","FBXW10","ENSG00000171931","ENST00000395665",FALSE,"flagged","gene_flags=[""low_exome_mapping_quality""]; constraint_flags=[""outlier_syn""]"
432,"FBXW10B","374286","O95170","CRL1 substrate receptor (F-box protein)","CRL1/F-box","unmatched",0,"unmatched","No selected Ensembl protein-coding gnomAD v4.1.1 gene matched this E3 symbol.",,,,FALSE,,
433,"FBXW11","23291","Q9UKB1","CRL1 substrate receptor (F-box protein)","CRL1/F-box","matched",1,"gene symbol checked fallback","E3 source has NCBI GeneID but no Ensembl gene ID; matched to one selected Ensembl protein-coding gnomAD row by symbol.","FBXW11","ENSG00000072803","ENST00000517395",FALSE,"pass","none"
434,"FBXW12","285231","Q6X9E4","CRL1 substrate receptor (F-box protein)","CRL1/F-box","matched",1,"gene symbol checked fallback","E3 source has NCBI GeneID but no Ensembl gene ID; matched to one selected Ensembl protein-coding gnomAD row by symbol.","FBXW12","ENSG00000164049","ENST00000296438",FALSE,"pass","none"
435,"FBXW2","26190","Q9UKT8","CRL1 substrate receptor (F-box protein)","CRL1/F-box","matched",1,"gene symbol checked fallback","E3 source has NCBI GeneID but no Ensembl gene ID; matched to one selected Ensembl protein-coding gnomAD row by symbol.","FBXW2","ENSG00000119402","ENST00000608872",FALSE,"pass","none"
436,"FBXW4","6468","P57775","CRL1 substrate receptor (F-box protein)","CRL1/F-box","matched",1,"gene symbol checked fallback","E3 source has NCBI GeneID but no Ensembl gene ID; matched to one selected Ensembl protein-coding gnomAD row by symbol.","FBXW4","ENSG00000107829","ENST00000331272",FALSE,"pass","none"
437,"FBXW5","54461","Q969U6","CRL1 substrate receptor (F-box protein), CRL4 substrate receptor (DDB1-binding protein)","CRL1/F-box","matched",1,"gene symbol checked fallback","E3 source has NCBI GeneID but no Ensembl gene ID; matched to one selected Ensembl protein-coding gnomAD row by symbol.","FBXW5","ENSG00000159069","ENST00000325285",FALSE,"flagged","constraint_flags=[""outlier_mis"",""outlier_syn""]"
438,"FBXW7","55294","Q969H0","CRL1 substrate receptor (F-box protein)","CRL1/F-box","matched",1,"gene symbol checked fallback","E3 source has NCBI GeneID but no Ensembl gene ID; matched to one selected Ensembl protein-coding gnomAD row by symbol.","FBXW7","ENSG00000109670","ENST00000281708",FALSE,"pass","none"
439,"FBXW8","26259","Q8N3Y1","CRL1 substrate receptor (F-box protein)","CRL1/F-box","matched",1,"gene symbol checked fallback","E3 source has NCBI GeneID but no Ensembl gene ID; matched to one selected Ensembl protein-coding gnomAD row by symbol.","FBXW8","ENSG00000174989","ENST00000652555",FALSE,"pass","none"
440,"FBXW9","84261","Q5XUX1","CRL1 substrate receptor (F-box protein)","CRL1/F-box","matched",1,"gene symbol checked fallback","E3 source has NCBI GeneID but no Ensembl gene ID; matched to one selected Ensembl protein-coding gnomAD row by symbol.","FBXW9","ENSG00000132004","ENST00000393261",FALSE,"pass","none"
441,"KDM2A","22992","Q9Y2K7","CRL1 substrate receptor (F-box protein)","CRL1/F-box","matched",1,"gene symbol checked fallback","E3 source has NCBI GeneID but no Ensembl gene ID; matched to one selected Ensembl protein-coding gnomAD row by symbol.","KDM2A","ENSG00000173120","ENST00000529006",FALSE,"pass","none"
442,"KDM2B","84678","Q8NHM5","CRL1 substrate receptor (F-box protein)","CRL1/F-box","matched",1,"gene symbol checked fallback","E3 source has NCBI GeneID but no Ensembl gene ID; matched to one selected Ensembl protein-coding gnomAD row by symbol.","KDM2B","ENSG00000089094","ENST00000377071",FALSE,"pass","none"
443,"LMO7","4008","Q8WWI1","CRL1 substrate receptor (F-box protein)","CRL1/F-box","matched",1,"gene symbol checked fallback","E3 source has NCBI GeneID but no Ensembl gene ID; matched to one selected Ensembl protein-coding gnomAD row by symbol.","LMO7","ENSG00000136153","ENST00000377534",FALSE,"pass","none"
444,"NCCRP1","342897","Q6ZVX7","CRL1 substrate receptor (F-box protein)","CRL1/F-box","matched",1,"gene symbol checked fallback","E3 source has NCBI GeneID but no Ensembl gene ID; matched to one selected Ensembl protein-coding gnomAD row by symbol.","NCCRP1","ENSG00000188505","ENST00000339852",FALSE,"pass","none"
445,"SKP2","6502","Q13309","CRL1 substrate receptor (F-box protein)","CRL1/F-box","matched",1,"gene symbol checked fallback","E3 source has NCBI GeneID but no Ensembl gene ID; matched to one selected Ensembl protein-coding gnomAD row by symbol.","SKP2","ENSG00000145604","ENST00000274255",FALSE,"pass","none"
446,"ZC3HC1","51530","Q86WB0","CRL1 substrate receptor (F-box protein)","CRL1/F-box","matched",1,"gene symbol checked fallback","E3 source has NCBI GeneID but no Ensembl gene ID; matched to one selected Ensembl protein-coding gnomAD row by symbol.","ZC3HC1","ENSG00000091732","ENST00000358303",FALSE,"pass","none"
447,"APPBP2","10513","Q92624","CRL2 substrate receptor (BC-CUL2-box)","CRL2","matched",1,"gene symbol checked fallback","E3 source has NCBI GeneID but no Ensembl gene ID; matched to one selected Ensembl protein-coding gnomAD row by symbol.","APPBP2","ENSG00000062725","ENST00000083182",FALSE,"pass","none"
448,"AMN1","196394","Q8IY45","CRL2 substrate receptor (BC-CUL2-box), CRL5 substrate receptor (BC-CUL5-box)","CRL2","matched",1,"gene symbol checked fallback","E3 source has NCBI GeneID but no Ensembl gene ID; matched to one selected Ensembl protein-coding gnomAD row by symbol.","AMN1","ENSG00000151743","ENST00000281471",FALSE,"pass","none"
449,"ANKRD61","100310846","A6NGH8","CRL2 substrate receptor (BC-CUL2-box), CRL5 substrate receptor (BC-CUL5-box)","CRL2","matched",1,"gene symbol checked fallback","E3 source has NCBI GeneID but no Ensembl gene ID; matched to one selected Ensembl protein-coding gnomAD row by symbol.","ANKRD61","ENSG00000157999","ENST00000409061",FALSE,"pass","none"
450,"ASB2","51676","Q96Q27","CRL2 substrate receptor (BC-CUL2-box), CRL5 substrate receptor (BC-CUL5-box)","CRL2","matched",1,"gene symbol checked fallback","E3 source has NCBI GeneID but no Ensembl gene ID; matched to one selected Ensembl protein-coding gnomAD row by symbol.","ASB2","ENSG00000100628","ENST00000555019",FALSE,"pass","none"
451,"ASB4","51666","Q9Y574","CRL2 substrate receptor (BC-CUL2-box), CRL5 substrate receptor (BC-CUL5-box)","CRL2","matched",1,"gene symbol checked fallback","E3 source has NCBI GeneID but no Ensembl gene ID; matched to one selected Ensembl protein-coding gnomAD row by symbol.","ASB4","ENSG00000005981","ENST00000325885",FALSE,"pass","none"
452,"CISH","1154","Q9NSE2","CRL2 substrate receptor (BC-CUL2-box), CRL5 substrate receptor (BC-CUL5-box)","CRL2","matched",1,"gene symbol checked fallback","E3 source has NCBI GeneID but no Ensembl gene ID; matched to one selected Ensembl protein-coding gnomAD row by symbol.","CISH","ENSG00000114737","ENST00000348721",FALSE,"pass","none"
453,"FEM1A","55527","Q9BSK4","CRL2 substrate receptor (BC-CUL2-box), CRL5 substrate receptor (BC-CUL5-box)","CRL2","matched",1,"gene symbol checked fallback","E3 source has NCBI GeneID but no Ensembl gene ID; matched to one selected Ensembl protein-coding gnomAD row by symbol.","FEM1A","ENSG00000141965","ENST00000269856",FALSE,"pass","none"
454,"FEM1B","10116","Q9UK73","CRL2 substrate receptor (BC-CUL2-box), CRL5 substrate receptor (BC-CUL5-box)","CRL2","matched",1,"gene symbol checked fallback","E3 source has NCBI GeneID but no Ensembl gene ID; matched to one selected Ensembl protein-coding gnomAD row by symbol.","FEM1B","ENSG00000169018","ENST00000306917",FALSE,"pass","none"
455,"FEM1C","56929","Q96JP0","CRL2 substrate receptor (BC-CUL2-box), CRL5 substrate receptor (BC-CUL5-box)","CRL2","matched",1,"gene symbol checked fallback","E3 source has NCBI GeneID but no Ensembl gene ID; matched to one selected Ensembl protein-coding gnomAD row by symbol.","FEM1C","ENSG00000145780","ENST00000274457",FALSE,"pass","none"
456,"KLHDC1","122773","Q8N7A1","CRL2 substrate receptor (BC-CUL2-box), CRL5 substrate receptor (BC-CUL5-box)","CRL2","matched",1,"gene symbol checked fallback","E3 source has NCBI GeneID but no Ensembl gene ID; matched to one selected Ensembl protein-coding gnomAD row by symbol.","KLHDC1","ENSG00000197776","ENST00000359332",FALSE,"pass","none"
457,"KLHDC10","23008","Q6PID8","CRL2 substrate receptor (BC-CUL2-box)","CRL2","matched",1,"gene symbol checked fallback","E3 source has NCBI GeneID but no Ensembl gene ID; matched to one selected Ensembl protein-coding gnomAD row by symbol.","KLHDC10","ENSG00000128607","ENST00000335420",FALSE,"pass","none"
458,"KLHDC2","23588","Q9Y2U9","CRL2 substrate receptor (BC-CUL2-box), CRL5 substrate receptor (BC-CUL5-box)","CRL2","matched",1,"gene symbol checked fallback","E3 source has NCBI GeneID but no Ensembl gene ID; matched to one selected Ensembl protein-coding gnomAD row by symbol.","KLHDC2","ENSG00000165516","ENST00000298307",FALSE,"pass","none"
459,"KLHDC3","116138","Q9BQ90","CRL2 substrate receptor (BC-CUL2-box), CRL5 substrate receptor (BC-CUL5-box)","CRL2","matched",1,"gene symbol checked fallback","E3 source has NCBI GeneID but no Ensembl gene ID; matched to one selected Ensembl protein-coding gnomAD row by symbol.","KLHDC3","ENSG00000124702","ENST00000326974",FALSE,"pass","none"
460,"LRR1","122769","Q96L50","CRL2 substrate receptor (BC-CUL2-box), CRL5 substrate receptor (BC-CUL5-box)","CRL2","matched",1,"gene symbol checked fallback","E3 source has NCBI GeneID but no Ensembl gene ID; matched to one selected Ensembl protein-coding gnomAD row by symbol.","LRR1","ENSG00000165501","ENST00000298288",FALSE,"pass","none"
461,"LRRC14","9684","Q15048","CRL2 substrate receptor (BC-CUL2-box)","CRL2","matched",1,"gene symbol checked fallback","E3 source has NCBI GeneID but no Ensembl gene ID; matched to one selected Ensembl protein-coding gnomAD row by symbol.","LRRC14","ENSG00000160959","ENST00000292524",FALSE,"pass","none"
462,"LRRC28","123355","Q86X40","CRL2 substrate receptor (BC-CUL2-box), CRL5 substrate receptor (BC-CUL5-box)","CRL2","matched",1,"gene symbol checked fallback","E3 source has NCBI GeneID but no Ensembl gene ID; matched to one selected Ensembl protein-coding gnomAD row by symbol.","LRRC28","ENSG00000168904","ENST00000301981",FALSE,"pass","none"
463,"LRRC42","115353","Q9Y546","CRL2 substrate receptor (BC-CUL2-box)","CRL2","matched",1,"gene symbol checked fallback","E3 source has NCBI GeneID but no Ensembl gene ID; matched to one selected Ensembl protein-coding gnomAD row by symbol.","LRRC42","ENSG00000116212","ENST00000371370",FALSE,"pass","none"
464,"LRRC58","116064","Q96CX6","CRL2 substrate receptor (BC-CUL2-box), CRL5 substrate receptor (BC-CUL5-box)","CRL2","matched",1,"gene symbol checked fallback","E3 source has NCBI GeneID but no Ensembl gene ID; matched to one selected Ensembl protein-coding gnomAD row by symbol.","LRRC58","ENSG00000163428","ENST00000295628",FALSE,"pass","none"
465,"MED8","112950","Q96G25","CRL2 substrate receptor (BC-CUL2-box)","CRL2","matched",1,"gene symbol checked fallback","E3 source has NCBI GeneID but no Ensembl gene ID; matched to one selected Ensembl protein-coding gnomAD row by symbol.","MED8","ENSG00000159479","ENST00000372457",FALSE,"pass","none"
466,"NRBP1","29959","Q9UHY1","CRL2 substrate receptor (BC-CUL2-box)","CRL2","matched",1,"gene symbol checked fallback","E3 source has NCBI GeneID but no Ensembl gene ID; matched to one selected Ensembl protein-coding gnomAD row by symbol.","NRBP1","ENSG00000115216","ENST00000379852",FALSE,"pass","none"
467,"PCMTD2","55251","Q9NV79","CRL2 substrate receptor (BC-CUL2-box), CRL5 substrate receptor (BC-CUL5-box)","CRL2","matched",1,"gene symbol checked fallback","E3 source has NCBI GeneID but no Ensembl gene ID; matched to one selected Ensembl protein-coding gnomAD row by symbol.","PCMTD2","ENSG00000203880","ENST00000308824",FALSE,"pass","none"
468,"PRAME","23532","P78395","CRL2 substrate receptor (BC-CUL2-box)","CRL2","matched",1,"gene symbol checked fallback","E3 source has NCBI GeneID but no Ensembl gene ID; matched to one selected Ensembl protein-coding gnomAD row by symbol.","PRAME","ENSG00000185686","ENST00000405655",FALSE,"pass","none"
469,"PRAMEF12","390999","O95522","CRL2 substrate receptor (BC-CUL2-box)","CRL2","matched",1,"gene symbol checked fallback","E3 source has NCBI GeneID but no Ensembl gene ID; matched to one selected Ensembl protein-coding gnomAD row by symbol.","PRAMEF12","ENSG00000116726","ENST00000357726",FALSE,"pass","none"
470,"PRAMEF17","391004","Q5VTA0","CRL2 substrate receptor (BC-CUL2-box)","CRL2","matched",1,"gene symbol checked fallback","E3 source has NCBI GeneID but no Ensembl gene ID; matched to one selected Ensembl protein-coding gnomAD row by symbol.","PRAMEF17","ENSG00000204479","ENST00000376098",FALSE,"pass","none"
471,"PRAMEF9","343070","P0DUQ2","CRL2 substrate receptor (BC-CUL2-box)","CRL2","matched",1,"gene symbol checked fallback","E3 source has NCBI GeneID but no Ensembl gene ID; matched to one selected Ensembl protein-coding gnomAD row by symbol.","PRAMEF9","ENSG00000204505","ENST00000415919",FALSE,"flagged","gene_flags=[""low_exome_mapping_quality""]; constraint_flags=[""outlier_syn""]"
472,"SOCS1","8651","O15524","CRL2 substrate receptor (BC-CUL2-box), CRL5 substrate receptor (BC-CUL5-box)","CRL2","matched",1,"gene symbol checked fallback","E3 source has NCBI GeneID but no Ensembl gene ID; matched to one selected Ensembl protein-coding gnomAD row by symbol.","SOCS1","ENSG00000185338","ENST00000332029",FALSE,"pass","none"
473,"VHL","7428","P40337","CRL2 substrate receptor (BC-CUL2-box)","CRL2","matched",1,"gene symbol checked fallback","E3 source has NCBI GeneID but no Ensembl gene ID; matched to one selected Ensembl protein-coding gnomAD row by symbol.","VHL","ENSG00000134086","ENST00000256474",FALSE,"pass","none"
474,"ZER1","10444","Q7Z7L7","CRL2 substrate receptor (BC-CUL2-box)","CRL2","matched",1,"gene symbol checked fallback","E3 source has NCBI GeneID but no Ensembl gene ID; matched to one selected Ensembl protein-coding gnomAD row by symbol.","ZER1","ENSG00000160445","ENST00000291900",FALSE,"pass","none"
475,"ZSWIM4","65249","Q9H7M6","CRL2 substrate receptor (BC-CUL2-box)","CRL2","matched",1,"gene symbol checked fallback","E3 source has NCBI GeneID but no Ensembl gene ID; matched to one selected Ensembl protein-coding gnomAD row by symbol.","ZSWIM4","ENSG00000132003","ENST00000590508",FALSE,"pass","none"
476,"ZSWIM5","57643","Q9P217","CRL2 substrate receptor (BC-CUL2-box)","CRL2","matched",1,"gene symbol checked fallback","E3 source has NCBI GeneID but no Ensembl gene ID; matched to one selected Ensembl protein-coding gnomAD row by symbol.","ZSWIM5","ENSG00000162415","ENST00000359600",FALSE,"pass","none"
477,"ZSWIM6","57688","Q9HCJ5","CRL2 substrate receptor (BC-CUL2-box)","CRL2","matched",1,"gene symbol checked fallback","E3 source has NCBI GeneID but no Ensembl gene ID; matched to one selected Ensembl protein-coding gnomAD row by symbol.","ZSWIM6","ENSG00000130449","ENST00000252744",FALSE,"pass","none"
478,"ZSWIM8","23053","A7E2V4","CRL2 substrate receptor (BC-CUL2-box), CRL3 substrate receptor","CRL2","matched",1,"gene symbol checked fallback","E3 source has NCBI GeneID but no Ensembl gene ID; matched to one selected Ensembl protein-coding gnomAD row by symbol.","ZSWIM8","ENSG00000214655","ENST00000604729",FALSE,"pass","none"
479,"ZYG11A","440590","Q6WRX3","CRL2 substrate receptor (BC-CUL2-box)","CRL2","matched",1,"gene symbol checked fallback","E3 source has NCBI GeneID but no Ensembl gene ID; matched to one selected Ensembl protein-coding gnomAD row by symbol.","ZYG11A","ENSG00000203995","ENST00000371528",FALSE,"pass","none"
480,"ZYG11B","79699","Q9C0D3","CRL2 substrate receptor (BC-CUL2-box)","CRL2","matched",1,"gene symbol checked fallback","E3 source has NCBI GeneID but no Ensembl gene ID; matched to one selected Ensembl protein-coding gnomAD row by symbol.","ZYG11B","ENSG00000162378","ENST00000294353",FALSE,"pass","none"
481,"ABTB1","80325","Q969K4","CRL3 substrate receptor (BTB protein)","CRL3/BTB","matched",1,"gene symbol checked fallback","E3 source has NCBI GeneID but no Ensembl gene ID; matched to one selected Ensembl protein-coding gnomAD row by symbol.","ABTB1","ENSG00000114626","ENST00000232744",FALSE,"pass","none"
482,"ABTB2","25841","Q8N961","CRL3 substrate receptor (BTB protein)","CRL3/BTB","matched",1,"gene symbol checked fallback","E3 source has NCBI GeneID but no Ensembl gene ID; matched to one selected Ensembl protein-coding gnomAD row by symbol.","ABTB2","ENSG00000166016","ENST00000435224",FALSE,"pass","none"
483,"ABTB3","121551","A6QL63","CRL3 substrate receptor (BTB protein)","CRL3/BTB","unmatched",0,"unmatched","No selected Ensembl protein-coding gnomAD v4.1.1 gene matched this E3 symbol.",,,,FALSE,,
484,"ANKFY1","51479","Q9P2R3","CRL3 substrate receptor (BTB protein)","CRL3/BTB","matched",1,"gene symbol checked fallback","E3 source has NCBI GeneID but no Ensembl gene ID; matched to one selected Ensembl protein-coding gnomAD row by symbol.","ANKFY1","ENSG00000185722","ENST00000341657",FALSE,"pass","none"
485,"ARMC5","79798","Q96C12","CRL3 substrate receptor (BTB protein)","CRL3/BTB","matched",1,"gene symbol checked fallback","E3 source has NCBI GeneID but no Ensembl gene ID; matched to one selected Ensembl protein-coding gnomAD row by symbol.","ARMC5","ENSG00000140691","ENST00000268314",FALSE,"pass","none"
486,"BTBD1","53339","Q9H0C5","CRL3 substrate receptor (BTB protein)","CRL3/BTB","matched",1,"gene symbol checked fallback","E3 source has NCBI GeneID but no Ensembl gene ID; matched to one selected Ensembl protein-coding gnomAD row by symbol.","BTBD1","ENSG00000064726","ENST00000261721",FALSE,"pass","none"
487,"BTBD10","84280","Q9BSF8","CRL3 substrate receptor (BTB protein)","CRL3/BTB","matched",1,"gene symbol checked fallback","E3 source has NCBI GeneID but no Ensembl gene ID; matched to one selected Ensembl protein-coding gnomAD row by symbol.","BTBD10","ENSG00000148925","ENST00000278174",FALSE,"pass","none"
488,"BTBD16","118663","Q32M84","CRL3 substrate receptor (BTB protein)","CRL3/BTB","matched",1,"gene symbol checked fallback","E3 source has NCBI GeneID but no Ensembl gene ID; matched to one selected Ensembl protein-coding gnomAD row by symbol.","BTBD16","ENSG00000138152","ENST00000260723",FALSE,"pass","none"
489,"BTBD17","388419","A6NE02","CRL3 substrate receptor (BTB protein)","CRL3/BTB","matched",1,"gene symbol checked fallback","E3 source has NCBI GeneID but no Ensembl gene ID; matched to one selected Ensembl protein-coding gnomAD row by symbol.","BTBD17","ENSG00000204347","ENST00000375366",FALSE,"pass","none"
490,"BTBD18","643376","B2RXH4","CRL3 substrate receptor (BTB protein)","CRL3/BTB","matched",1,"gene symbol checked fallback","E3 source has NCBI GeneID but no Ensembl gene ID; matched to one selected Ensembl protein-coding gnomAD row by symbol.","BTBD18","ENSG00000233436","ENST00000422652",FALSE,"flagged","constraint_flags=[""no_exp_lof""]"
491,"BTBD19","149478","C9JJ37","CRL3 substrate receptor (BTB protein)","CRL3/BTB","matched",1,"gene symbol checked fallback","E3 source has NCBI GeneID but no Ensembl gene ID; matched to one selected Ensembl protein-coding gnomAD row by symbol.","BTBD19","ENSG00000222009","ENST00000450269",FALSE,"pass","none"
492,"BTBD2","55643","Q9BX70","CRL3 substrate receptor (BTB protein)","CRL3/BTB","matched",1,"gene symbol checked fallback","E3 source has NCBI GeneID but no Ensembl gene ID; matched to one selected Ensembl protein-coding gnomAD row by symbol.","BTBD2","ENSG00000133243","ENST00000255608",FALSE,"pass","none"
493,"BTBD3","22903","Q9Y2F9","CRL3 substrate receptor (BTB protein)","CRL3/BTB","matched",1,"gene symbol checked fallback","E3 source has NCBI GeneID but no Ensembl gene ID; matched to one selected Ensembl protein-coding gnomAD row by symbol.","BTBD3","ENSG00000132640","ENST00000378226",FALSE,"pass","none"
494,"BTBD6","90135","Q96KE9","CRL3 substrate receptor (BTB protein)","CRL3/BTB","matched",1,"gene symbol checked fallback","E3 source has NCBI GeneID but no Ensembl gene ID; matched to one selected Ensembl protein-coding gnomAD row by symbol.","BTBD6","ENSG00000184887","ENST00000392554",FALSE,"pass","none"
495,"BTBD7","55727","Q9P203","CRL3 substrate receptor (BTB protein)","CRL3/BTB","matched",1,"gene symbol checked fallback","E3 source has NCBI GeneID but no Ensembl gene ID; matched to one selected Ensembl protein-coding gnomAD row by symbol.","BTBD7","ENSG00000011114","ENST00000334746",FALSE,"pass","none"
496,"BTBD8","284697","Q5XKL5","CRL3 substrate receptor (BTB protein)","CRL3/BTB","matched",1,"gene symbol checked fallback","E3 source has NCBI GeneID but no Ensembl gene ID; matched to one selected Ensembl protein-coding gnomAD row by symbol.","BTBD8","ENSG00000189195","ENST00000636805",FALSE,"pass","none"
497,"BTBD9","114781","Q96Q07","CRL3 substrate receptor (BTB protein)","CRL3/BTB","matched",1,"gene symbol checked fallback","E3 source has NCBI GeneID but no Ensembl gene ID; matched to one selected Ensembl protein-coding gnomAD row by symbol.","BTBD9","ENSG00000183826","ENST00000481247",FALSE,"pass","none"
498,"CCIN","881","Q13939","CRL3 substrate receptor (BTB protein)","CRL3/BTB","matched",1,"gene symbol checked fallback","E3 source has NCBI GeneID but no Ensembl gene ID; matched to one selected Ensembl protein-coding gnomAD row by symbol.","CCIN","ENSG00000185972","ENST00000335119",FALSE,"pass","none"
499,"ENC1","8507","O14682","CRL3 substrate receptor (BTB protein)","CRL3/BTB","matched",1,"gene symbol checked fallback","E3 source has NCBI GeneID but no Ensembl gene ID; matched to one selected Ensembl protein-coding gnomAD row by symbol.","ENC1","ENSG00000171617","ENST00000302351",FALSE,"pass","none"
500,"GAN","8139","Q9H2C0","CRL3 substrate receptor (BTB protein)","CRL3/BTB","matched",1,"gene symbol checked fallback","E3 source has NCBI GeneID but no Ensembl gene ID; matched to one selected Ensembl protein-coding gnomAD row by symbol.","GAN","ENSG00000261609","ENST00000648994",FALSE,"pass","none"
501,"GMCL1","64395","Q96IK5","CRL3 substrate receptor (BTB protein)","CRL3/BTB","matched",1,"gene symbol checked fallback","E3 source has NCBI GeneID but no Ensembl gene ID; matched to one selected Ensembl protein-coding gnomAD row by symbol.","GMCL1","ENSG00000087338","ENST00000282570",FALSE,"pass","none"
502,"GMCL2","64396","Q8NEA9","CRL3 substrate receptor (BTB protein)","CRL3/BTB","matched",1,"gene symbol checked fallback","E3 source has NCBI GeneID but no Ensembl gene ID; matched to one selected Ensembl protein-coding gnomAD row by symbol.","GMCL2","ENSG00000244234","ENST00000463439",FALSE,"pass","none"
503,"IBTK","25998","Q9P2D0","CRL3 substrate receptor (BTB protein)","CRL3/BTB","matched",1,"gene symbol checked fallback","E3 source has NCBI GeneID but no Ensembl gene ID; matched to one selected Ensembl protein-coding gnomAD row by symbol.","IBTK","ENSG00000005700","ENST00000306270",FALSE,"pass","none"
504,"IPP","3652","Q9Y573","CRL3 substrate receptor (BTB protein)","CRL3/BTB","matched",1,"gene symbol checked fallback","E3 source has NCBI GeneID but no Ensembl gene ID; matched to one selected Ensembl protein-coding gnomAD row by symbol.","IPP","ENSG00000197429","ENST00000396478",FALSE,"pass","none"
505,"IVNS1ABP","10625","Q9Y6Y0","CRL3 substrate receptor (BTB protein)","CRL3/BTB","matched",1,"gene symbol checked fallback","E3 source has NCBI GeneID but no Ensembl gene ID; matched to one selected Ensembl protein-coding gnomAD row by symbol.","IVNS1ABP","ENSG00000116679","ENST00000367498",FALSE,"pass","none"
506,"KBTBD11","9920","O94819","CRL3 substrate receptor (BTB protein)","CRL3/BTB","matched",1,"gene symbol checked fallback","E3 source has NCBI GeneID but no Ensembl gene ID; matched to one selected Ensembl protein-coding gnomAD row by symbol.","KBTBD11","ENSG00000176595","ENST00000320248",FALSE,"flagged","constraint_flags=[""no_exp_lof"",""outlier_mis"",""outlier_syn""]"
507,"KBTBD12","166348","Q3ZCT8","CRL3 substrate receptor (BTB protein)","CRL3/BTB","matched",1,"gene symbol checked fallback","E3 source has NCBI GeneID but no Ensembl gene ID; matched to one selected Ensembl protein-coding gnomAD row by symbol.","KBTBD12","ENSG00000187715","ENST00000405109",FALSE,"pass","none"
508,"KBTBD13","390594","C9JR72","CRL3 substrate receptor (BTB protein)","CRL3/BTB","matched",1,"gene symbol checked fallback","E3 source has NCBI GeneID but no Ensembl gene ID; matched to one selected Ensembl protein-coding gnomAD row by symbol.","KBTBD13","ENSG00000234438","ENST00000432196",FALSE,"flagged","constraint_flags=[""outlier_mis""]"
509,"KBTBD2","25948","Q8IY47","CRL3 substrate receptor (BTB protein)","CRL3/BTB","matched",1,"gene symbol checked fallback","E3 source has NCBI GeneID but no Ensembl gene ID; matched to one selected Ensembl protein-coding gnomAD row by symbol.","KBTBD2","ENSG00000170852","ENST00000304056",FALSE,"pass","none"
510,"KBTBD3","143879","Q8NAB2","CRL3 substrate receptor (BTB protein)","CRL3/BTB","matched",1,"gene symbol checked fallback","E3 source has NCBI GeneID but no Ensembl gene ID; matched to one selected Ensembl protein-coding gnomAD row by symbol.","KBTBD3","ENSG00000182359","ENST00000531837",FALSE,"pass","none"
511,"KBTBD4","55709","Q9NVX7","CRL3 substrate receptor (BTB protein)","CRL3/BTB","matched",1,"gene symbol checked fallback","E3 source has NCBI GeneID but no Ensembl gene ID; matched to one selected Ensembl protein-coding gnomAD row by symbol.","KBTBD4","ENSG00000123444","ENST00000430070",FALSE,"pass","none"
512,"KBTBD6","89890","Q86V97","CRL3 substrate receptor (BTB protein)","CRL3/BTB","matched",1,"gene symbol checked fallback","E3 source has NCBI GeneID but no Ensembl gene ID; matched to one selected Ensembl protein-coding gnomAD row by symbol.","KBTBD6","ENSG00000165572","ENST00000379485",FALSE,"pass","none"
513,"KBTBD7","84078","Q8WVZ9","CRL3 substrate receptor (BTB protein)","CRL3/BTB","matched",1,"gene symbol checked fallback","E3 source has NCBI GeneID but no Ensembl gene ID; matched to one selected Ensembl protein-coding gnomAD row by symbol.","KBTBD7","ENSG00000120696","ENST00000379483",FALSE,"pass","none"
514,"KBTBD8","84541","Q8NFY9","CRL3 substrate receptor (BTB protein)","CRL3/BTB","matched",1,"gene symbol checked fallback","E3 source has NCBI GeneID but no Ensembl gene ID; matched to one selected Ensembl protein-coding gnomAD row by symbol.","KBTBD8","ENSG00000163376","ENST00000417314",FALSE,"pass","none"
515,"KCTD10","83892","Q9H3F6","CRL3 substrate receptor (BTB protein)","CRL3/BTB","matched",1,"gene symbol checked fallback","E3 source has NCBI GeneID but no Ensembl gene ID; matched to one selected Ensembl protein-coding gnomAD row by symbol.","KCTD10","ENSG00000110906","ENST00000228495",FALSE,"pass","none"
516,"KCTD11","147040","Q693B1","CRL3 substrate receptor (BTB protein)","CRL3/BTB","matched",1,"gene symbol checked fallback","E3 source has NCBI GeneID but no Ensembl gene ID; matched to one selected Ensembl protein-coding gnomAD row by symbol.","KCTD11","ENSG00000213859","ENST00000333751",FALSE,"pass","none"
517,"KCTD12","115207","Q96CX2","CRL3 substrate receptor (BTB protein)","CRL3/BTB","matched",1,"gene symbol checked fallback","E3 source has NCBI GeneID but no Ensembl gene ID; matched to one selected Ensembl protein-coding gnomAD row by symbol.","KCTD12","ENSG00000178695","ENST00000377474",FALSE,"pass","none"
518,"KCTD13","253980","Q8WZ19","CRL3 substrate receptor (BTB protein)","CRL3/BTB","matched",1,"gene symbol checked fallback","E3 source has NCBI GeneID but no Ensembl gene ID; matched to one selected Ensembl protein-coding gnomAD row by symbol.","KCTD13","ENSG00000174943","ENST00000568000",FALSE,"pass","none"
519,"KCTD17","79734","Q8N5Z5","CRL3 substrate receptor (BTB protein)","CRL3/BTB","matched",1,"gene symbol checked fallback","E3 source has NCBI GeneID but no Ensembl gene ID; matched to one selected Ensembl protein-coding gnomAD row by symbol.","KCTD17","ENSG00000100379","ENST00000403888",FALSE,"pass","none"
520,"KCTD18","130535","Q6PI47","CRL3 substrate receptor (BTB protein)","CRL3/BTB","matched",1,"gene symbol checked fallback","E3 source has NCBI GeneID but no Ensembl gene ID; matched to one selected Ensembl protein-coding gnomAD row by symbol.","KCTD18","ENSG00000155729","ENST00000359878",FALSE,"pass","none"
521,"KCTD2","23510","Q14681","CRL3 substrate receptor (BTB protein)","CRL3/BTB","matched",1,"gene symbol checked fallback","E3 source has NCBI GeneID but no Ensembl gene ID; matched to one selected Ensembl protein-coding gnomAD row by symbol.","KCTD2","ENSG00000180901","ENST00000322444",FALSE,"pass","none"
522,"KCTD20","222658","Q7Z5Y7","CRL3 substrate receptor (BTB protein)","CRL3/BTB","matched",1,"gene symbol checked fallback","E3 source has NCBI GeneID but no Ensembl gene ID; matched to one selected Ensembl protein-coding gnomAD row by symbol.","KCTD20","ENSG00000112078","ENST00000373731",FALSE,"pass","none"
523,"KCTD21","283219","Q4G0X4","CRL3 substrate receptor (BTB protein)","CRL3/BTB","matched",1,"gene symbol checked fallback","E3 source has NCBI GeneID but no Ensembl gene ID; matched to one selected Ensembl protein-coding gnomAD row by symbol.","KCTD21","ENSG00000188997","ENST00000340067",FALSE,"pass","none"
524,"KCTD3","51133","Q9Y597","CRL3 substrate receptor (BTB protein)","CRL3/BTB","matched",1,"gene symbol checked fallback","E3 source has NCBI GeneID but no Ensembl gene ID; matched to one selected Ensembl protein-coding gnomAD row by symbol.","KCTD3","ENSG00000136636","ENST00000259154",FALSE,"pass","none"
525,"KCTD5","54442","Q9NXV2","CRL3 substrate receptor (BTB protein)","CRL3/BTB","matched",1,"gene symbol checked fallback","E3 source has NCBI GeneID but no Ensembl gene ID; matched to one selected Ensembl protein-coding gnomAD row by symbol.","KCTD5","ENSG00000167977","ENST00000301738",FALSE,"pass","none"
526,"KCTD6","200845","Q8NC69","CRL3 substrate receptor (BTB protein)","CRL3/BTB","matched",1,"gene symbol checked fallback","E3 source has NCBI GeneID but no Ensembl gene ID; matched to one selected Ensembl protein-coding gnomAD row by symbol.","KCTD6","ENSG00000168301","ENST00000404589",FALSE,"pass","none"
527,"KCTD7","154881","Q96MP8","CRL3 substrate receptor (BTB protein)","CRL3/BTB","matched",1,"gene symbol checked fallback","E3 source has NCBI GeneID but no Ensembl gene ID; matched to one selected Ensembl protein-coding gnomAD row by symbol.","KCTD7","ENSG00000243335","ENST00000639828",FALSE,"pass","none"
528,"KCTD9","54793","Q7L273","CRL3 substrate receptor (BTB protein)","CRL3/BTB","matched",1,"gene symbol checked fallback","E3 source has NCBI GeneID but no Ensembl gene ID; matched to one selected Ensembl protein-coding gnomAD row by symbol.","KCTD9","ENSG00000104756","ENST00000221200",FALSE,"pass","none"
529,"KEAP1","9817","Q14145","CRL3 substrate receptor (BTB protein)","CRL3/BTB","matched",1,"gene symbol checked fallback","E3 source has NCBI GeneID but no Ensembl gene ID; matched to one selected Ensembl protein-coding gnomAD row by symbol.","KEAP1","ENSG00000079999","ENST00000171111",FALSE,"pass","none"
530,"KLHL1","57626","Q9NR64","CRL3 substrate receptor (BTB protein)","CRL3/BTB","matched",1,"gene symbol checked fallback","E3 source has NCBI GeneID but no Ensembl gene ID; matched to one selected Ensembl protein-coding gnomAD row by symbol.","KLHL1","ENSG00000150361","ENST00000377844",FALSE,"pass","none"
531,"KLHL10","317719","Q6JEL2","CRL3 substrate receptor (BTB protein)","CRL3/BTB","matched",1,"gene symbol checked fallback","E3 source has NCBI GeneID but no Ensembl gene ID; matched to one selected Ensembl protein-coding gnomAD row by symbol.","KLHL10","ENSG00000161594","ENST00000293303",FALSE,"pass","none"
532,"KLHL11","55175","Q9NVR0","CRL3 substrate receptor (BTB protein)","CRL3/BTB","matched",1,"gene symbol checked fallback","E3 source has NCBI GeneID but no Ensembl gene ID; matched to one selected Ensembl protein-coding gnomAD row by symbol.","KLHL11","ENSG00000178502","ENST00000319121",FALSE,"pass","none"
533,"KLHL12","59349","Q53G59","CRL3 substrate receptor (BTB protein)","CRL3/BTB","matched",1,"gene symbol checked fallback","E3 source has NCBI GeneID but no Ensembl gene ID; matched to one selected Ensembl protein-coding gnomAD row by symbol.","KLHL12","ENSG00000117153","ENST00000367261",FALSE,"pass","none"
534,"KLHL13","90293","Q9P2N7","CRL3 substrate receptor (BTB protein)","CRL3/BTB","matched",1,"gene symbol checked fallback","E3 source has NCBI GeneID but no Ensembl gene ID; matched to one selected Ensembl protein-coding gnomAD row by symbol.","KLHL13","ENSG00000003096","ENST00000262820",FALSE,"pass","none"
535,"KLHL14","57565","Q9P2G3","CRL3 substrate receptor (BTB protein)","CRL3/BTB","matched",1,"gene symbol checked fallback","E3 source has NCBI GeneID but no Ensembl gene ID; matched to one selected Ensembl protein-coding gnomAD row by symbol.","KLHL14","ENSG00000197705","ENST00000359358",FALSE,"pass","none"
536,"KLHL15","80311","Q96M94","CRL3 substrate receptor (BTB protein)","CRL3/BTB","matched",1,"gene symbol checked fallback","E3 source has NCBI GeneID but no Ensembl gene ID; matched to one selected Ensembl protein-coding gnomAD row by symbol.","KLHL15","ENSG00000174010","ENST00000328046",FALSE,"pass","none"
537,"KLHL17","339451","Q6TDP4","CRL3 substrate receptor (BTB protein)","CRL3/BTB","matched",1,"gene symbol checked fallback","E3 source has NCBI GeneID but no Ensembl gene ID; matched to one selected Ensembl protein-coding gnomAD row by symbol.","KLHL17","ENSG00000187961","ENST00000338591",FALSE,"flagged","constraint_flags=[""outlier_syn""]"
538,"KLHL18","23276","O94889","CRL3 substrate receptor (BTB protein)","CRL3/BTB","matched",1,"gene symbol checked fallback","E3 source has NCBI GeneID but no Ensembl gene ID; matched to one selected Ensembl protein-coding gnomAD row by symbol.","KLHL18","ENSG00000114648","ENST00000232766",FALSE,"pass","none"
539,"KLHL2","11275","O95198","CRL3 substrate receptor (BTB protein)","CRL3/BTB","matched",1,"gene symbol checked fallback","E3 source has NCBI GeneID but no Ensembl gene ID; matched to one selected Ensembl protein-coding gnomAD row by symbol.","KLHL2","ENSG00000109466","ENST00000226725",FALSE,"pass","none"
540,"KLHL20","27252","Q9Y2M5","CRL3 substrate receptor (BTB protein)","CRL3/BTB","matched",1,"gene symbol checked fallback","E3 source has NCBI GeneID but no Ensembl gene ID; matched to one selected Ensembl protein-coding gnomAD row by symbol.","KLHL20","ENSG00000076321","ENST00000209884",FALSE,"pass","none"
541,"KLHL21","9903","Q9UJP4","CRL3 substrate receptor (BTB protein)","CRL3/BTB","matched",1,"gene symbol checked fallback","E3 source has NCBI GeneID but no Ensembl gene ID; matched to one selected Ensembl protein-coding gnomAD row by symbol.","KLHL21","ENSG00000162413","ENST00000377658",FALSE,"pass","none"
542,"KLHL22","84861","Q53GT1","CRL3 substrate receptor (BTB protein)","CRL3/BTB","matched",1,"gene symbol checked fallback","E3 source has NCBI GeneID but no Ensembl gene ID; matched to one selected Ensembl protein-coding gnomAD row by symbol.","KLHL22","ENSG00000099910","ENST00000328879",FALSE,"pass","none"
543,"KLHL23","151230","Q8NBE8","CRL3 substrate receptor (BTB protein)","CRL3/BTB","matched",1,"gene symbol checked fallback","E3 source has NCBI GeneID but no Ensembl gene ID; matched to one selected Ensembl protein-coding gnomAD row by symbol.","KLHL23","ENSG00000213160","ENST00000392647",FALSE,"pass","none"
544,"KLHL24","54800","Q6TFL4","CRL3 substrate receptor (BTB protein)","CRL3/BTB","matched",1,"gene symbol checked fallback","E3 source has NCBI GeneID but no Ensembl gene ID; matched to one selected Ensembl protein-coding gnomAD row by symbol.","KLHL24","ENSG00000114796","ENST00000242810",FALSE,"pass","none"
545,"KLHL25","64410","Q9H0H3","CRL3 substrate receptor (BTB protein)","CRL3/BTB","matched",1,"gene symbol checked fallback","E3 source has NCBI GeneID but no Ensembl gene ID; matched to one selected Ensembl protein-coding gnomAD row by symbol.","KLHL25","ENSG00000183655","ENST00000337975",FALSE,"pass","none"
546,"KLHL26","55295","Q53HC5","CRL3 substrate receptor (BTB protein)","CRL3/BTB","matched",1,"gene symbol checked fallback","E3 source has NCBI GeneID but no Ensembl gene ID; matched to one selected Ensembl protein-coding gnomAD row by symbol.","KLHL26","ENSG00000167487","ENST00000300976",FALSE,"pass","none"
547,"KLHL28","54813","Q9NXS3","CRL3 substrate receptor (BTB protein)","CRL3/BTB","matched",1,"gene symbol checked fallback","E3 source has NCBI GeneID but no Ensembl gene ID; matched to one selected Ensembl protein-coding gnomAD row by symbol.","KLHL28","ENSG00000179454","ENST00000396128",FALSE,"pass","none"
548,"KLHL29","114818","Q96CT2","CRL3 substrate receptor (BTB protein)","CRL3/BTB","matched",1,"gene symbol checked fallback","E3 source has NCBI GeneID but no Ensembl gene ID; matched to one selected Ensembl protein-coding gnomAD row by symbol.","KLHL29","ENSG00000119771","ENST00000486442",FALSE,"pass","none"
549,"KLHL3","26249","Q9UH77","CRL3 substrate receptor (BTB protein)","CRL3/BTB","matched",1,"gene symbol checked fallback","E3 source has NCBI GeneID but no Ensembl gene ID; matched to one selected Ensembl protein-coding gnomAD row by symbol.","KLHL3","ENSG00000146021","ENST00000309755",FALSE,"pass","none"
550,"KLHL30","377007","Q0D2K2","CRL3 substrate receptor (BTB protein)","CRL3/BTB","matched",1,"gene symbol checked fallback","E3 source has NCBI GeneID but no Ensembl gene ID; matched to one selected Ensembl protein-coding gnomAD row by symbol.","KLHL30","ENSG00000168427","ENST00000409223",FALSE,"pass","none"
551,"KLHL31","401265","Q9H511","CRL3 substrate receptor (BTB protein)","CRL3/BTB","matched",1,"gene symbol checked fallback","E3 source has NCBI GeneID but no Ensembl gene ID; matched to one selected Ensembl protein-coding gnomAD row by symbol.","KLHL31","ENSG00000124743","ENST00000370905",FALSE,"pass","none"
552,"KLHL32","114792","Q96NJ5","CRL3 substrate receptor (BTB protein)","CRL3/BTB","matched",1,"gene symbol checked fallback","E3 source has NCBI GeneID but no Ensembl gene ID; matched to one selected Ensembl protein-coding gnomAD row by symbol.","KLHL32","ENSG00000186231","ENST00000369261",FALSE,"pass","none"
553,"KLHL33","123103","A6NCF5","CRL3 substrate receptor (BTB protein)","CRL3/BTB","matched",1,"gene symbol checked fallback","E3 source has NCBI GeneID but no Ensembl gene ID; matched to one selected Ensembl protein-coding gnomAD row by symbol.","KLHL33","ENSG00000185271","ENST00000636854",FALSE,"pass","none"
554,"KLHL34","257240","Q8N239","CRL3 substrate receptor (BTB protein)","CRL3/BTB","matched",1,"gene symbol checked fallback","E3 source has NCBI GeneID but no Ensembl gene ID; matched to one selected Ensembl protein-coding gnomAD row by symbol.","KLHL34","ENSG00000185915","ENST00000379499",FALSE,"pass","none"
555,"KLHL35","283212","Q6PF15","CRL3 substrate receptor (BTB protein)","CRL3/BTB","matched",1,"gene symbol checked fallback","E3 source has NCBI GeneID but no Ensembl gene ID; matched to one selected Ensembl protein-coding gnomAD row by symbol.","KLHL35","ENSG00000149243","ENST00000539798",FALSE,"pass","none"
556,"KLHL36","79786","Q8N4N3","CRL3 substrate receptor (BTB protein)","CRL3/BTB","matched",1,"gene symbol checked fallback","E3 source has NCBI GeneID but no Ensembl gene ID; matched to one selected Ensembl protein-coding gnomAD row by symbol.","KLHL36","ENSG00000135686","ENST00000564996",FALSE,"pass","none"
557,"KLHL38","340359","Q2WGJ6","CRL3 substrate receptor (BTB protein)","CRL3/BTB","matched",1,"gene symbol checked fallback","E3 source has NCBI GeneID but no Ensembl gene ID; matched to one selected Ensembl protein-coding gnomAD row by symbol.","KLHL38","ENSG00000175946","ENST00000684634",FALSE,"pass","none"
558,"KLHL4","56062","Q9C0H6","CRL3 substrate receptor (BTB protein)","CRL3/BTB","matched",1,"gene symbol checked fallback","E3 source has NCBI GeneID but no Ensembl gene ID; matched to one selected Ensembl protein-coding gnomAD row by symbol.","KLHL4","ENSG00000102271","ENST00000373119",FALSE,"pass","none"
559,"KLHL40","131377","Q2TBA0","CRL3 substrate receptor (BTB protein)","CRL3/BTB","matched",1,"gene symbol checked fallback","E3 source has NCBI GeneID but no Ensembl gene ID; matched to one selected Ensembl protein-coding gnomAD row by symbol.","KLHL40","ENSG00000157119","ENST00000287777",FALSE,"pass","none"
560,"KLHL41","10324","O60662","CRL3 substrate receptor (BTB protein)","CRL3/BTB","matched",1,"gene symbol checked fallback","E3 source has NCBI GeneID but no Ensembl gene ID; matched to one selected Ensembl protein-coding gnomAD row by symbol.","KLHL41","ENSG00000239474","ENST00000284669",FALSE,"pass","none"
561,"KLHL42","57542","Q9P2K6","CRL3 substrate receptor (BTB protein)","CRL3/BTB","matched",1,"gene symbol checked fallback","E3 source has NCBI GeneID but no Ensembl gene ID; matched to one selected Ensembl protein-coding gnomAD row by symbol.","KLHL42","ENSG00000087448","ENST00000381271",FALSE,"pass","none"
562,"KLHL5","51088","Q96PQ7","CRL3 substrate receptor (BTB protein)","CRL3/BTB","matched",1,"gene symbol checked fallback","E3 source has NCBI GeneID but no Ensembl gene ID; matched to one selected Ensembl protein-coding gnomAD row by symbol.","KLHL5","ENSG00000109790","ENST00000504108",FALSE,"pass","none"
563,"KLHL6","89857","Q8WZ60","CRL3 substrate receptor (BTB protein)","CRL3/BTB","matched",1,"gene symbol checked fallback","E3 source has NCBI GeneID but no Ensembl gene ID; matched to one selected Ensembl protein-coding gnomAD row by symbol.","KLHL6","ENSG00000172578","ENST00000341319",FALSE,"pass","none"
564,"KLHL7","55975","Q8IXQ5","CRL3 substrate receptor (BTB protein)","CRL3/BTB","matched",1,"gene symbol checked fallback","E3 source has NCBI GeneID but no Ensembl gene ID; matched to one selected Ensembl protein-coding gnomAD row by symbol.","KLHL7","ENSG00000122550","ENST00000339077",FALSE,"pass","none"
565,"KLHL8","57563","Q9P2G9","CRL3 substrate receptor (BTB protein)","CRL3/BTB","matched",1,"gene symbol checked fallback","E3 source has NCBI GeneID but no Ensembl gene ID; matched to one selected Ensembl protein-coding gnomAD row by symbol.","KLHL8","ENSG00000145332","ENST00000273963",FALSE,"pass","none"
566,"KLHL9","55958","Q9P2J3","CRL3 substrate receptor (BTB protein)","CRL3/BTB","matched",1,"gene symbol checked fallback","E3 source has NCBI GeneID but no Ensembl gene ID; matched to one selected Ensembl protein-coding gnomAD row by symbol.","KLHL9","ENSG00000198642","ENST00000359039",FALSE,"pass","none"
567,"LGALS3BP","3959","Q08380","CRL3 substrate receptor (BTB protein)","CRL3/BTB","matched",1,"gene symbol checked fallback","E3 source has NCBI GeneID but no Ensembl gene ID; matched to one selected Ensembl protein-coding gnomAD row by symbol.","LGALS3BP","ENSG00000108679","ENST00000262776",FALSE,"pass","none"
568,"LZTR1","8216","Q8N653","CRL3 substrate receptor (BTB protein)","CRL3/BTB","matched",1,"gene symbol checked fallback","E3 source has NCBI GeneID but no Ensembl gene ID; matched to one selected Ensembl protein-coding gnomAD row by symbol.","LZTR1","ENSG00000099949","ENST00000646124",FALSE,"flagged","constraint_flags=[""outlier_lof""]"
569,"RCBTB1","55213","Q8NDN9","CRL3 substrate receptor (BTB protein)","CRL3/BTB","matched",1,"gene symbol checked fallback","E3 source has NCBI GeneID but no Ensembl gene ID; matched to one selected Ensembl protein-coding gnomAD row by symbol.","RCBTB1","ENSG00000136144","ENST00000378302",FALSE,"pass","none"
570,"RCBTB2","1102","O95199","CRL3 substrate receptor (BTB protein)","CRL3/BTB","matched",1,"gene symbol checked fallback","E3 source has NCBI GeneID but no Ensembl gene ID; matched to one selected Ensembl protein-coding gnomAD row by symbol.","RCBTB2","ENSG00000136161","ENST00000344532",FALSE,"pass","none"
571,"RHOBTB1","9886","O94844","CRL3 substrate receptor (BTB protein)","CRL3/BTB","matched",1,"gene symbol checked fallback","E3 source has NCBI GeneID but no Ensembl gene ID; matched to one selected Ensembl protein-coding gnomAD row by symbol.","RHOBTB1","ENSG00000072422","ENST00000337910",FALSE,"pass","none"
572,"RHOBTB2","23221","Q9BYZ6","CRL3 substrate receptor (BTB protein)","CRL3/BTB","matched",1,"gene symbol checked fallback","E3 source has NCBI GeneID but no Ensembl gene ID; matched to one selected Ensembl protein-coding gnomAD row by symbol.","RHOBTB2","ENSG00000008853","ENST00000251822",FALSE,"pass","none"
573,"RHOBTB3","22836","O94955","CRL3 substrate receptor (BTB protein)","CRL3/BTB","matched",1,"gene symbol checked fallback","E3 source has NCBI GeneID but no Ensembl gene ID; matched to one selected Ensembl protein-coding gnomAD row by symbol.","RHOBTB3","ENSG00000164292","ENST00000379982",FALSE,"pass","none"
574,"SHKBP1","92799","Q8TBC3","CRL3 substrate receptor (BTB protein)","CRL3/BTB","matched",1,"gene symbol checked fallback","E3 source has NCBI GeneID but no Ensembl gene ID; matched to one selected Ensembl protein-coding gnomAD row by symbol.","SHKBP1","ENSG00000160410","ENST00000291842",FALSE,"pass","none"
575,"SPOP","8405","O43791","CRL3 substrate receptor (BTB protein)","CRL3/BTB","matched",1,"gene symbol checked fallback","E3 source has NCBI GeneID but no Ensembl gene ID; matched to one selected Ensembl protein-coding gnomAD row by symbol.","SPOP","ENSG00000121067","ENST00000504102",FALSE,"pass","none"
576,"SPOPL","339745","Q6IQ16","CRL3 substrate receptor (BTB protein)","CRL3/BTB","matched",1,"gene symbol checked fallback","E3 source has NCBI GeneID but no Ensembl gene ID; matched to one selected Ensembl protein-coding gnomAD row by symbol.","SPOPL","ENSG00000144228","ENST00000280098",FALSE,"pass","none"
577,"TNFAIP1","7126","Q13829","CRL3 substrate receptor (BTB protein)","CRL3/BTB","matched",1,"gene symbol checked fallback","E3 source has NCBI GeneID but no Ensembl gene ID; matched to one selected Ensembl protein-coding gnomAD row by symbol.","TNFAIP1","ENSG00000109079","ENST00000226225",FALSE,"pass","none"
578,"AHR","196","P35869","CRL4 substrate receptor (DDB1-binding protein)","CRL4/DDB1","matched",1,"gene symbol checked fallback","E3 source has NCBI GeneID but no Ensembl gene ID; matched to one selected Ensembl protein-coding gnomAD row by symbol.","AHR","ENSG00000106546","ENST00000242057",FALSE,"pass","none"
579,"AMBRA1","55626","Q9C0C7","CRL4 substrate receptor (DDB1-binding protein)","CRL4/DDB1","matched",1,"gene symbol checked fallback","E3 source has NCBI GeneID but no Ensembl gene ID; matched to one selected Ensembl protein-coding gnomAD row by symbol.","AMBRA1","ENSG00000110497","ENST00000683756",FALSE,"pass","none"
580,"ARPC1B","10095","O15143","CRL4 substrate receptor (DDB1-binding protein)","CRL4/DDB1","matched",1,"gene symbol checked fallback","E3 source has NCBI GeneID but no Ensembl gene ID; matched to one selected Ensembl protein-coding gnomAD row by symbol.","ARPC1B","ENSG00000130429","ENST00000646101",FALSE,"pass","none"
581,"ATG16L1","55054","Q676U5","CRL4 substrate receptor (DDB1-binding protein)","CRL4/DDB1","matched",1,"gene symbol checked fallback","E3 source has NCBI GeneID but no Ensembl gene ID; matched to one selected Ensembl protein-coding gnomAD row by symbol.","ATG16L1","ENSG00000085978","ENST00000392017",FALSE,"pass","none"
582,"ATG16L2","89849","Q8NAA4","CRL4 substrate receptor (DDB1-binding protein)","CRL4/DDB1","matched",1,"gene symbol checked fallback","E3 source has NCBI GeneID but no Ensembl gene ID; matched to one selected Ensembl protein-coding gnomAD row by symbol.","ATG16L2","ENSG00000168010","ENST00000321297",FALSE,"pass","none"
583,"BRWD1","54014","Q9NSI6","CRL4 substrate receptor (DDB1-binding protein)","CRL4/DDB1","matched",1,"gene symbol checked fallback","E3 source has NCBI GeneID but no Ensembl gene ID; matched to one selected Ensembl protein-coding gnomAD row by symbol.","BRWD1","ENSG00000185658","ENST00000342449",FALSE,"pass","none"
584,"BRWD3","254065","Q6RI45","CRL4 substrate receptor (DDB1-binding protein)","CRL4/DDB1","matched",1,"gene symbol checked fallback","E3 source has NCBI GeneID but no Ensembl gene ID; matched to one selected Ensembl protein-coding gnomAD row by symbol.","BRWD3","ENSG00000165288","ENST00000373275",FALSE,"pass","none"
585,"CIAO1","9391","O76071","CRL4 substrate receptor (DDB1-binding protein)","CRL4/DDB1","matched",1,"gene symbol checked fallback","E3 source has NCBI GeneID but no Ensembl gene ID; matched to one selected Ensembl protein-coding gnomAD row by symbol.","CIAO1","ENSG00000144021","ENST00000488633",FALSE,"pass","none"
586,"CRBN","51185","Q96SW2","CRL4 substrate receptor (DDB1-binding protein)","CRL4/DDB1","matched",1,"gene symbol checked fallback","E3 source has NCBI GeneID but no Ensembl gene ID; matched to one selected Ensembl protein-coding gnomAD row by symbol.","CRBN","ENSG00000113851","ENST00000231948",FALSE,"pass","none"
587,"DCAF1","9730","Q9Y4B6","CRL4 substrate receptor (DDB1-binding protein)","CRL4/DDB1","matched",1,"gene symbol checked fallback","E3 source has NCBI GeneID but no Ensembl gene ID; matched to one selected Ensembl protein-coding gnomAD row by symbol.","DCAF1","ENSG00000145041","ENST00000684031",FALSE,"pass","none"
588,"DCAF10","79269","Q5QP82","CRL4 substrate receptor (DDB1-binding protein)","CRL4/DDB1","matched",1,"gene symbol checked fallback","E3 source has NCBI GeneID but no Ensembl gene ID; matched to one selected Ensembl protein-coding gnomAD row by symbol.","DCAF10","ENSG00000122741","ENST00000377724",FALSE,"pass","none"
589,"DCAF11","80344","Q8TEB1","CRL4 substrate receptor (DDB1-binding protein)","CRL4/DDB1","matched",1,"gene symbol checked fallback","E3 source has NCBI GeneID but no Ensembl gene ID; matched to one selected Ensembl protein-coding gnomAD row by symbol.","DCAF11","ENSG00000100897","ENST00000446197",FALSE,"pass","none"
590,"DCAF12","25853","Q5T6F0","CRL4 substrate receptor (DDB1-binding protein)","CRL4/DDB1","matched",1,"gene symbol checked fallback","E3 source has NCBI GeneID but no Ensembl gene ID; matched to one selected Ensembl protein-coding gnomAD row by symbol.","DCAF12","ENSG00000198876","ENST00000361264",FALSE,"pass","none"
591,"DCAF12L2","340578","Q5VW00","CRL4 substrate receptor (DDB1-binding protein)","CRL4/DDB1","matched",1,"gene symbol checked fallback","E3 source has NCBI GeneID but no Ensembl gene ID; matched to one selected Ensembl protein-coding gnomAD row by symbol.","DCAF12L2","ENSG00000198354","ENST00000360028",FALSE,"pass","none"
592,"DCAF13","25879","Q9NV06","CRL4 substrate receptor (DDB1-binding protein)","CRL4/DDB1","matched",1,"gene symbol checked fallback","E3 source has NCBI GeneID but no Ensembl gene ID; matched to one selected Ensembl protein-coding gnomAD row by symbol.","DCAF13","ENSG00000164934","ENST00000612750",FALSE,"pass","none"
593,"DCAF15","90379","Q66K64","CRL4 substrate receptor (DDB1-binding protein)","CRL4/DDB1","matched",1,"gene symbol checked fallback","E3 source has NCBI GeneID but no Ensembl gene ID; matched to one selected Ensembl protein-coding gnomAD row by symbol.","DCAF15","ENSG00000132017","ENST00000254337",FALSE,"pass","none"
594,"DCAF16","54876","Q9NXF7","CRL4 substrate receptor (DDB1-binding protein)","CRL4/DDB1","matched",1,"gene symbol checked fallback","E3 source has NCBI GeneID but no Ensembl gene ID; matched to one selected Ensembl protein-coding gnomAD row by symbol.","DCAF16","ENSG00000163257","ENST00000382247",FALSE,"pass","none"
595,"DCAF17","80067","Q5H9S7","CRL4 substrate receptor (DDB1-binding protein)","CRL4/DDB1","matched",1,"gene symbol checked fallback","E3 source has NCBI GeneID but no Ensembl gene ID; matched to one selected Ensembl protein-coding gnomAD row by symbol.","DCAF17","ENSG00000115827","ENST00000375255",FALSE,"pass","none"
596,"DCAF4","26094","Q8WV16","CRL4 substrate receptor (DDB1-binding protein)","CRL4/DDB1","matched",1,"gene symbol checked fallback","E3 source has NCBI GeneID but no Ensembl gene ID; matched to one selected Ensembl protein-coding gnomAD row by symbol.","DCAF4","ENSG00000119599","ENST00000358377",FALSE,"pass","none"
597,"DCAF4L1","285429","Q3SXM0","CRL4 substrate receptor (DDB1-binding protein)","CRL4/DDB1","matched",1,"gene symbol checked fallback","E3 source has NCBI GeneID but no Ensembl gene ID; matched to one selected Ensembl protein-coding gnomAD row by symbol.","DCAF4L1","ENSG00000182308","ENST00000333141",FALSE,"pass","none"
598,"DCAF4L2","138009","Q8NA75","CRL4 substrate receptor (DDB1-binding protein)","CRL4/DDB1","matched",1,"gene symbol checked fallback","E3 source has NCBI GeneID but no Ensembl gene ID; matched to one selected Ensembl protein-coding gnomAD row by symbol.","DCAF4L2","ENSG00000176566","ENST00000319675",FALSE,"pass","none"
599,"DCAF5","8816","Q96JK2","CRL4 substrate receptor (DDB1-binding protein)","CRL4/DDB1","matched",1,"gene symbol checked fallback","E3 source has NCBI GeneID but no Ensembl gene ID; matched to one selected Ensembl protein-coding gnomAD row by symbol.","DCAF5","ENSG00000139990","ENST00000341516",FALSE,"pass","none"
600,"DCAF6","55827","Q58WW2","CRL4 substrate receptor (DDB1-binding protein)","CRL4/DDB1","matched",1,"gene symbol checked fallback","E3 source has NCBI GeneID but no Ensembl gene ID; matched to one selected Ensembl protein-coding gnomAD row by symbol.","DCAF6","ENSG00000143164","ENST00000367840",FALSE,"pass","none"
601,"DCAF7","10238","P61962","CRL4 substrate receptor (DDB1-binding protein)","CRL4/DDB1","matched",1,"gene symbol checked fallback","E3 source has NCBI GeneID but no Ensembl gene ID; matched to one selected Ensembl protein-coding gnomAD row by symbol.","DCAF7","ENSG00000136485","ENST00000614556",FALSE,"pass","none"
602,"DCAF8","50717","Q5TAQ9","CRL4 substrate receptor (DDB1-binding protein)","CRL4/DDB1","matched",1,"gene symbol checked fallback","E3 source has NCBI GeneID but no Ensembl gene ID; matched to one selected Ensembl protein-coding gnomAD row by symbol.","DCAF8","ENSG00000132716","ENST00000368074",FALSE,"pass","none"
603,"DCAF8L2","347442","P0C7V8","CRL4 substrate receptor (DDB1-binding protein)","CRL4/DDB1","matched",1,"gene symbol checked fallback","E3 source has NCBI GeneID but no Ensembl gene ID; matched to one selected Ensembl protein-coding gnomAD row by symbol.","DCAF8L2","ENSG00000189186","ENST00000451261",FALSE,"flagged","constraint_flags=[""no_exp_lof""]"
604,"DDB2","1643","Q92466","CRL4 substrate receptor (DDB1-binding protein)","CRL4/DDB1","matched",1,"gene symbol checked fallback","E3 source has NCBI GeneID but no Ensembl gene ID; matched to one selected Ensembl protein-coding gnomAD row by symbol.","DDB2","ENSG00000134574","ENST00000256996",FALSE,"pass","none"
605,"DET1","55070","Q7L5Y6","CRL4 substrate receptor (DDB1-binding protein)","CRL4/DDB1","matched",1,"gene symbol checked fallback","E3 source has NCBI GeneID but no Ensembl gene ID; matched to one selected Ensembl protein-coding gnomAD row by symbol.","DET1","ENSG00000140543","ENST00000268148",FALSE,"pass","none"
606,"DTL","51514","Q9NZJ0","CRL4 substrate receptor (DDB1-binding protein)","CRL4/DDB1","matched",1,"gene symbol checked fallback","E3 source has NCBI GeneID but no Ensembl gene ID; matched to one selected Ensembl protein-coding gnomAD row by symbol.","DTL","ENSG00000143476","ENST00000366991",FALSE,"pass","none"
607,"ERCC8","1161","Q13216","CRL4 substrate receptor (DDB1-binding protein)","CRL4/DDB1","matched",1,"gene symbol checked fallback","E3 source has NCBI GeneID but no Ensembl gene ID; matched to one selected Ensembl protein-coding gnomAD row by symbol.","ERCC8","ENSG00000049167","ENST00000676185",FALSE,"pass","none"
608,"GRWD1","83743","Q9BQ67","CRL4 substrate receptor (DDB1-binding protein)","CRL4/DDB1","matched",1,"gene symbol checked fallback","E3 source has NCBI GeneID but no Ensembl gene ID; matched to one selected Ensembl protein-coding gnomAD row by symbol.","GRWD1","ENSG00000105447","ENST00000253237",FALSE,"pass","none"
609,"LRWD1","222229","Q9UFC0","CRL4 substrate receptor (DDB1-binding protein)","CRL4/DDB1","matched",1,"gene symbol checked fallback","E3 source has NCBI GeneID but no Ensembl gene ID; matched to one selected Ensembl protein-coding gnomAD row by symbol.","LRWD1","ENSG00000161036","ENST00000292616",FALSE,"pass","none"
610,"PAFAH1B1","5048","P43034","CRL4 substrate receptor (DDB1-binding protein)","CRL4/DDB1","matched",1,"gene symbol checked fallback","E3 source has NCBI GeneID but no Ensembl gene ID; matched to one selected Ensembl protein-coding gnomAD row by symbol.","PAFAH1B1","ENSG00000007168","ENST00000397195",FALSE,"pass","none"
611,"PHIP","55023","Q8WWQ0","CRL4 substrate receptor (DDB1-binding protein)","CRL4/DDB1","matched",1,"gene symbol checked fallback","E3 source has NCBI GeneID but no Ensembl gene ID; matched to one selected Ensembl protein-coding gnomAD row by symbol.","PHIP","ENSG00000146247","ENST00000275034",FALSE,"pass","none"
612,"PWP1","11137","Q13610","CRL4 substrate receptor (DDB1-binding protein)","CRL4/DDB1","matched",1,"gene symbol checked fallback","E3 source has NCBI GeneID but no Ensembl gene ID; matched to one selected Ensembl protein-coding gnomAD row by symbol.","PWP1","ENSG00000136045","ENST00000412830",FALSE,"pass","none"
613,"RBBP5","5929","Q15291","CRL4 substrate receptor (DDB1-binding protein)","CRL4/DDB1","matched",1,"gene symbol checked fallback","E3 source has NCBI GeneID but no Ensembl gene ID; matched to one selected Ensembl protein-coding gnomAD row by symbol.","RBBP5","ENSG00000117222","ENST00000264515",FALSE,"pass","none"
614,"TBL1X","6907","O60907","CRL4 substrate receptor (DDB1-binding protein)","CRL4/DDB1","matched",1,"gene symbol checked fallback","E3 source has NCBI GeneID but no Ensembl gene ID; matched to one selected Ensembl protein-coding gnomAD row by symbol.","TBL1X","ENSG00000101849","ENST00000645353",FALSE,"pass","none"
615,"TBL1XR1","79718","Q9BZK7","CRL4 substrate receptor (DDB1-binding protein)","CRL4/DDB1","matched",1,"gene symbol checked fallback","E3 source has NCBI GeneID but no Ensembl gene ID; matched to one selected Ensembl protein-coding gnomAD row by symbol.","TBL1XR1","ENSG00000177565","ENST00000457928",FALSE,"pass","none"
616,"TOR1AIP2","163590","Q8NFQ8","CRL4 substrate receptor (DDB1-binding protein)","CRL4/DDB1","matched",1,"gene symbol checked fallback","E3 source has NCBI GeneID but no Ensembl gene ID; matched to one selected Ensembl protein-coding gnomAD row by symbol.","TOR1AIP2","ENSG00000169905","ENST00000609928",FALSE,"pass","none"
617,"TRPC4AP","26133","Q8TEL6","CRL4 substrate receptor (DDB1-binding protein)","CRL4/DDB1","matched",1,"gene symbol checked fallback","E3 source has NCBI GeneID but no Ensembl gene ID; matched to one selected Ensembl protein-coding gnomAD row by symbol.","TRPC4AP","ENSG00000100991","ENST00000252015",FALSE,"pass","none"
618,"WDR1","9948","O75083","CRL4 substrate receptor (DDB1-binding protein)","CRL4/DDB1","matched",1,"gene symbol checked fallback","E3 source has NCBI GeneID but no Ensembl gene ID; matched to one selected Ensembl protein-coding gnomAD row by symbol.","WDR1","ENSG00000071127","ENST00000499869",FALSE,"pass","none"
619,"WDR12","55759","Q9GZL7","CRL4 substrate receptor (DDB1-binding protein)","CRL4/DDB1","matched",1,"gene symbol checked fallback","E3 source has NCBI GeneID but no Ensembl gene ID; matched to one selected Ensembl protein-coding gnomAD row by symbol.","WDR12","ENSG00000138442","ENST00000261015",FALSE,"pass","none"
620,"WDR26","80232","Q9H7D7","CRL4 substrate receptor (DDB1-binding protein)","CRL4/DDB1","matched",1,"gene symbol checked fallback","E3 source has NCBI GeneID but no Ensembl gene ID; matched to one selected Ensembl protein-coding gnomAD row by symbol.","WDR26","ENSG00000162923","ENST00000414423",FALSE,"pass","none"
621,"WDR48","57599","Q8TAF3","CRL4 substrate receptor (DDB1-binding protein)","CRL4/DDB1","matched",1,"gene symbol checked fallback","E3 source has NCBI GeneID but no Ensembl gene ID; matched to one selected Ensembl protein-coding gnomAD row by symbol.","WDR48","ENSG00000114742","ENST00000302313",FALSE,"pass","none"
622,"WDR70","55100","Q9NW82","CRL4 substrate receptor (DDB1-binding protein)","CRL4/DDB1","matched",1,"gene symbol checked fallback","E3 source has NCBI GeneID but no Ensembl gene ID; matched to one selected Ensembl protein-coding gnomAD row by symbol.","WDR70","ENSG00000082068","ENST00000265107",FALSE,"pass","none"
623,"WDTC1","23038","Q8N5D0","CRL4 substrate receptor (DDB1-binding protein)","CRL4/DDB1","matched",1,"gene symbol checked fallback","E3 source has NCBI GeneID but no Ensembl gene ID; matched to one selected Ensembl protein-coding gnomAD row by symbol.","WDTC1","ENSG00000142784","ENST00000319394",FALSE,"pass","none"
624,"WIPI2","26100","Q9Y4P8","CRL4 substrate receptor (DDB1-binding protein)","CRL4/DDB1","matched",1,"gene symbol checked fallback","E3 source has NCBI GeneID but no Ensembl gene ID; matched to one selected Ensembl protein-coding gnomAD row by symbol.","WIPI2","ENSG00000157954","ENST00000288828",FALSE,"pass","none"
625,"ANKRD9","122416","Q96BM1","CRL5 substrate receptor (BC-box protein with CUL5 box)","CRL5","matched",1,"gene symbol checked fallback","E3 source has NCBI GeneID but no Ensembl gene ID; matched to one selected Ensembl protein-coding gnomAD row by symbol.","ANKRD9","ENSG00000156381","ENST00000286918",FALSE,"pass","none"
626,"ASB1","51665","Q9Y576","CRL5 substrate receptor (BC-box protein with CUL5 box)","CRL5","matched",1,"gene symbol checked fallback","E3 source has NCBI GeneID but no Ensembl gene ID; matched to one selected Ensembl protein-coding gnomAD row by symbol.","ASB1","ENSG00000065802","ENST00000264607",FALSE,"pass","none"
627,"ASB10","136371","Q8WXI3","CRL5 substrate receptor (BC-box protein with CUL5 box)","CRL5","matched",1,"gene symbol checked fallback","E3 source has NCBI GeneID but no Ensembl gene ID; matched to one selected Ensembl protein-coding gnomAD row by symbol.","ASB10","ENSG00000146926","ENST00000420175",FALSE,"pass","none"
628,"ASB11","140456","Q8WXH4","CRL5 substrate receptor (BC-box protein with CUL5 box)","CRL5","matched",1,"gene symbol checked fallback","E3 source has NCBI GeneID but no Ensembl gene ID; matched to one selected Ensembl protein-coding gnomAD row by symbol.","ASB11","ENSG00000165192","ENST00000480796",FALSE,"pass","none"
629,"ASB12","142689","Q8WXK4","CRL5 substrate receptor (BC-box protein with CUL5 box)","CRL5","matched",1,"gene symbol checked fallback","E3 source has NCBI GeneID but no Ensembl gene ID; matched to one selected Ensembl protein-coding gnomAD row by symbol.","ASB12","ENSG00000198881","ENST00000362002",FALSE,"pass","none"
630,"ASB13","79754","Q8WXK3","CRL5 substrate receptor (BC-box protein with CUL5 box)","CRL5","matched",1,"gene symbol checked fallback","E3 source has NCBI GeneID but no Ensembl gene ID; matched to one selected Ensembl protein-coding gnomAD row by symbol.","ASB13","ENSG00000196372","ENST00000357700",FALSE,"pass","none"
631,"ASB14","142686","A6NK59","CRL5 substrate receptor (BC-box protein with CUL5 box)","CRL5","matched",1,"gene symbol checked fallback","E3 source has NCBI GeneID but no Ensembl gene ID; matched to one selected Ensembl protein-coding gnomAD row by symbol.","ASB14","ENSG00000239388","ENST00000487349",FALSE,"pass","none"
632,"ASB15","142685","Q8WXK1","CRL5 substrate receptor (BC-box protein with CUL5 box)","CRL5","matched",1,"gene symbol checked fallback","E3 source has NCBI GeneID but no Ensembl gene ID; matched to one selected Ensembl protein-coding gnomAD row by symbol.","ASB15","ENSG00000146809","ENST00000451215",FALSE,"pass","none"
633,"ASB16","92591","Q96NS5","CRL5 substrate receptor (BC-box protein with CUL5 box)","CRL5","matched",1,"gene symbol checked fallback","E3 source has NCBI GeneID but no Ensembl gene ID; matched to one selected Ensembl protein-coding gnomAD row by symbol.","ASB16","ENSG00000161664","ENST00000293414",FALSE,"pass","none"
634,"ASB17","127247","Q8WXJ9","CRL5 substrate receptor (BC-box protein with CUL5 box)","CRL5","matched",1,"gene symbol checked fallback","E3 source has NCBI GeneID but no Ensembl gene ID; matched to one selected Ensembl protein-coding gnomAD row by symbol.","ASB17","ENSG00000154007","ENST00000284142",FALSE,"pass","none"
635,"ASB18","401036","Q6ZVZ8","CRL5 substrate receptor (BC-box protein with CUL5 box)","CRL5","matched",1,"gene symbol checked fallback","E3 source has NCBI GeneID but no Ensembl gene ID; matched to one selected Ensembl protein-coding gnomAD row by symbol.","ASB18","ENSG00000182177","ENST00000409749",FALSE,"pass","none"
636,"ASB3","51130","Q9Y575","CRL5 substrate receptor (BC-box protein with CUL5 box)","CRL5","matched",1,"gene symbol checked fallback","E3 source has NCBI GeneID but no Ensembl gene ID; matched to one selected Ensembl protein-coding gnomAD row by symbol.","ASB3","ENSG00000115239","ENST00000263634",FALSE,"pass","none"
637,"ASB5","140458","Q8WWX0","CRL5 substrate receptor (BC-box protein with CUL5 box)","CRL5","matched",1,"gene symbol checked fallback","E3 source has NCBI GeneID but no Ensembl gene ID; matched to one selected Ensembl protein-coding gnomAD row by symbol.","ASB5","ENSG00000164122","ENST00000296525",FALSE,"pass","none"
638,"ASB6","140459","Q9NWX5","CRL5 substrate receptor (BC-box protein with CUL5 box)","CRL5","matched",1,"gene symbol checked fallback","E3 source has NCBI GeneID but no Ensembl gene ID; matched to one selected Ensembl protein-coding gnomAD row by symbol.","ASB6","ENSG00000148331","ENST00000277458",FALSE,"pass","none"
639,"ASB7","140460","Q9H672","CRL5 substrate receptor (BC-box protein with CUL5 box)","CRL5","matched",1,"gene symbol checked fallback","E3 source has NCBI GeneID but no Ensembl gene ID; matched to one selected Ensembl protein-coding gnomAD row by symbol.","ASB7","ENSG00000183475","ENST00000332783",FALSE,"pass","none"
640,"ASB8","140461","Q9H765","CRL5 substrate receptor (BC-box protein with CUL5 box)","CRL5","matched",1,"gene symbol checked fallback","E3 source has NCBI GeneID but no Ensembl gene ID; matched to one selected Ensembl protein-coding gnomAD row by symbol.","ASB8","ENSG00000177981","ENST00000317697",FALSE,"pass","none"
641,"ASB9","140462","Q96DX5","CRL5 substrate receptor (BC-box protein with CUL5 box)","CRL5","matched",1,"gene symbol checked fallback","E3 source has NCBI GeneID but no Ensembl gene ID; matched to one selected Ensembl protein-coding gnomAD row by symbol.","ASB9","ENSG00000102048","ENST00000380488",FALSE,"pass","none"
642,"ELOA","6924","Q14241","CRL5 substrate receptor (BC-box protein with CUL5 box)","CRL5","matched",1,"gene symbol checked fallback","E3 source has NCBI GeneID but no Ensembl gene ID; matched to one selected Ensembl protein-coding gnomAD row by symbol.","ELOA","ENSG00000011007","ENST00000613537",FALSE,"pass","none"
643,"ELOA2","51224","Q8IYF1","CRL5 substrate receptor (BC-box protein with CUL5 box)","CRL5","matched",1,"gene symbol checked fallback","E3 source has NCBI GeneID but no Ensembl gene ID; matched to one selected Ensembl protein-coding gnomAD row by symbol.","ELOA2","ENSG00000206181","ENST00000332567",FALSE,"flagged","constraint_flags=[""no_exp_lof"",""outlier_mis""]"
644,"LRRC41","10489","Q15345","CRL5 substrate receptor (BC-box protein with CUL5 box)","CRL5","matched",1,"gene symbol checked fallback","E3 source has NCBI GeneID but no Ensembl gene ID; matched to one selected Ensembl protein-coding gnomAD row by symbol.","LRRC41","ENSG00000132128","ENST00000617190",FALSE,"pass","none"
645,"NEURL2","140825","Q9BR09","CRL5 substrate receptor (BC-box protein with CUL5 box)","CRL5","matched",1,"gene symbol checked fallback","E3 source has NCBI GeneID but no Ensembl gene ID; matched to one selected Ensembl protein-coding gnomAD row by symbol.","NEURL2","ENSG00000124257","ENST00000372518",FALSE,"pass","none"
646,"PCMTD1","115294","Q96MG8","CRL5 substrate receptor (BC-box protein with CUL5 box)","CRL5","matched",1,"gene symbol checked fallback","E3 source has NCBI GeneID but no Ensembl gene ID; matched to one selected Ensembl protein-coding gnomAD row by symbol.","PCMTD1","ENSG00000168300","ENST00000522514",FALSE,"pass","none"
647,"RAB40A","142684","Q8WXH6","CRL5 substrate receptor (BC-box protein with CUL5 box)","CRL5","matched",1,"gene symbol checked fallback","E3 source has NCBI GeneID but no Ensembl gene ID; matched to one selected Ensembl protein-coding gnomAD row by symbol.","RAB40A","ENSG00000172476","ENST00000304236",FALSE,"flagged","constraint_flags=[""no_exp_lof""]"
648,"RAB40AL","282808","P0C0E4","CRL5 substrate receptor (BC-box protein with CUL5 box)","CRL5","matched",1,"gene symbol checked fallback","E3 source has NCBI GeneID but no Ensembl gene ID; matched to one selected Ensembl protein-coding gnomAD row by symbol.","RAB40AL","ENSG00000102128","ENST00000218249",FALSE,"flagged","constraint_flags=[""no_exp_lof""]"
649,"RAB40B","10966","Q12829","CRL5 substrate receptor (BC-box protein with CUL5 box)","CRL5","matched",1,"gene symbol checked fallback","E3 source has NCBI GeneID but no Ensembl gene ID; matched to one selected Ensembl protein-coding gnomAD row by symbol.","RAB40B","ENSG00000141542","ENST00000571995",FALSE,"pass","none"
650,"RAB40C","57799","Q96S21","CRL5 substrate receptor (BC-box protein with CUL5 box)","CRL5","matched",1,"gene symbol checked fallback","E3 source has NCBI GeneID but no Ensembl gene ID; matched to one selected Ensembl protein-coding gnomAD row by symbol.","RAB40C","ENSG00000197562","ENST00000248139",FALSE,"pass","none"
651,"SOCS2","8835","O14508","CRL5 substrate receptor (BC-box protein with CUL5 box)","CRL5","matched",1,"gene symbol checked fallback","E3 source has NCBI GeneID but no Ensembl gene ID; matched to one selected Ensembl protein-coding gnomAD row by symbol.","SOCS2","ENSG00000120833","ENST00000551556",FALSE,"pass","none"
652,"SOCS3","9021","O14543","CRL5 substrate receptor (BC-box protein with CUL5 box)","CRL5","matched",1,"gene symbol checked fallback","E3 source has NCBI GeneID but no Ensembl gene ID; matched to one selected Ensembl protein-coding gnomAD row by symbol.","SOCS3","ENSG00000184557","ENST00000330871",FALSE,"pass","none"
653,"SOCS4","122809","Q8WXH5","CRL5 substrate receptor (BC-box protein with CUL5 box)","CRL5","matched",1,"gene symbol checked fallback","E3 source has NCBI GeneID but no Ensembl gene ID; matched to one selected Ensembl protein-coding gnomAD row by symbol.","SOCS4","ENSG00000180008","ENST00000555846",FALSE,"pass","none"
654,"SOCS5","9655","O75159","CRL5 substrate receptor (BC-box protein with CUL5 box)","CRL5","matched",1,"gene symbol checked fallback","E3 source has NCBI GeneID but no Ensembl gene ID; matched to one selected Ensembl protein-coding gnomAD row by symbol.","SOCS5","ENSG00000171150","ENST00000394861",FALSE,"pass","none"
655,"SOCS6","9306","O14544","CRL5 substrate receptor (BC-box protein with CUL5 box)","CRL5","matched",1,"gene symbol checked fallback","E3 source has NCBI GeneID but no Ensembl gene ID; matched to one selected Ensembl protein-coding gnomAD row by symbol.","SOCS6","ENSG00000170677","ENST00000397942",FALSE,"pass","none"
656,"SOCS7","30837","O14512","CRL5 substrate receptor (BC-box protein with CUL5 box)","CRL5","matched",1,"gene symbol checked fallback","E3 source has NCBI GeneID but no Ensembl gene ID; matched to one selected Ensembl protein-coding gnomAD row by symbol.","SOCS7","ENSG00000274211","ENST00000612932",FALSE,"pass","none"
657,"SPSB1","80176","Q96BD6","CRL5 substrate receptor (BC-box protein with CUL5 box)","CRL5","matched",1,"gene symbol checked fallback","E3 source has NCBI GeneID but no Ensembl gene ID; matched to one selected Ensembl protein-coding gnomAD row by symbol.","SPSB1","ENSG00000171621","ENST00000328089",FALSE,"pass","none"
658,"SPSB2","84727","Q99619","CRL5 substrate receptor (BC-box protein with CUL5 box)","CRL5","matched",1,"gene symbol checked fallback","E3 source has NCBI GeneID but no Ensembl gene ID; matched to one selected Ensembl protein-coding gnomAD row by symbol.","SPSB2","ENSG00000111671","ENST00000524270",FALSE,"pass","none"
659,"SPSB3","90864","Q6PJ21","CRL5 substrate receptor (BC-box protein with CUL5 box)","CRL5","matched",1,"gene symbol checked fallback","E3 source has NCBI GeneID but no Ensembl gene ID; matched to one selected Ensembl protein-coding gnomAD row by symbol.","SPSB3","ENSG00000162032","ENST00000566339",FALSE,"pass","none"
660,"SPSB4","92369","Q96A44","CRL5 substrate receptor (BC-box protein with CUL5 box)","CRL5","matched",1,"gene symbol checked fallback","E3 source has NCBI GeneID but no Ensembl gene ID; matched to one selected Ensembl protein-coding gnomAD row by symbol.","SPSB4","ENSG00000175093","ENST00000310546",FALSE,"pass","none"
661,"TULP4","56995","Q9NRJ4","CRL5 substrate receptor (BC-box protein with CUL5 box)","CRL5","matched",1,"gene symbol checked fallback","E3 source has NCBI GeneID but no Ensembl gene ID; matched to one selected Ensembl protein-coding gnomAD row by symbol.","TULP4","ENSG00000130338","ENST00000367097",FALSE,"pass","none"
662,"WSB1","26118","Q9Y6I7","CRL5 substrate receptor (BC-box protein with CUL5 box)","CRL5","matched",1,"gene symbol checked fallback","E3 source has NCBI GeneID but no Ensembl gene ID; matched to one selected Ensembl protein-coding gnomAD row by symbol.","WSB1","ENSG00000109046","ENST00000262394",FALSE,"pass","none"
663,"WSB2","55884","Q9NYS7","CRL5 substrate receptor (BC-box protein with CUL5 box)","CRL5","matched",1,"gene symbol checked fallback","E3 source has NCBI GeneID but no Ensembl gene ID; matched to one selected Ensembl protein-coding gnomAD row by symbol.","WSB2","ENSG00000176871","ENST00000315436",FALSE,"pass","none"
664,"FZR1","51343","Q9UM11","APC substrate receptor","APC","matched",1,"gene symbol checked fallback","E3 source has NCBI GeneID but no Ensembl gene ID; matched to one selected Ensembl protein-coding gnomAD row by symbol.","FZR1","ENSG00000105325","ENST00000441788",FALSE,"pass","none"
665,"CDC20","991","Q12834","APC substrate receptor","APC","matched",1,"gene symbol checked fallback","E3 source has NCBI GeneID but no Ensembl gene ID; matched to one selected Ensembl protein-coding gnomAD row by symbol.","CDC20","ENSG00000117399","ENST00000310955",FALSE,"pass","none"
666,"MYCBP2","23077","O75592","Atypical (RING-Cys-Relay)","Atypical","matched",1,"gene symbol checked fallback","E3 source has NCBI GeneID but no Ensembl gene ID; matched to one selected Ensembl protein-coding gnomAD row by symbol.","MYCBP2","ENSG00000005810","ENST00000544440",FALSE,"pass","none"
667,"TNFAIP3","7128","P21580","Atypical E3 (A20-type zinc finger)","Atypical","matched",1,"gene symbol checked fallback","E3 source has NCBI GeneID but no Ensembl gene ID; matched to one selected Ensembl protein-coding gnomAD row by symbol.","TNFAIP3","ENSG00000118503","ENST00000612899",FALSE,"pass","none"
668,"RABGEF1","27342","Q9UJ41","Atypical E3 (A20-type zinc finger)","Atypical","matched",1,"gene symbol checked fallback","E3 source has NCBI GeneID but no Ensembl gene ID; matched to one selected Ensembl protein-coding gnomAD row by symbol.","RABGEF1","ENSG00000154710","ENST00000284957",FALSE,"pass","none"
669,"UBE2O","63893","Q9C0C9","Atypical E3 (E2/E3 hybrid)","Atypical","matched",1,"gene symbol checked fallback","E3 source has NCBI GeneID but no Ensembl gene ID; matched to one selected Ensembl protein-coding gnomAD row by symbol.","UBE2O","ENSG00000175931","ENST00000319380",FALSE,"pass","none"
670,"BIRC6","57448","Q9NR09","Atypical E3 (E2/E3 hybrid)","Atypical","matched",1,"gene symbol checked fallback","E3 source has NCBI GeneID but no Ensembl gene ID; matched to one selected Ensembl protein-coding gnomAD row by symbol.","BIRC6","ENSG00000115760","ENST00000421745",FALSE,"pass","none"
671,"RANBP2","5903","P49792","Atypical E3 (interinal repeat region IR1-M-IR2), SUMO E3","Atypical","matched",1,"gene symbol checked fallback","E3 source has NCBI GeneID but no Ensembl gene ID; matched to one selected Ensembl protein-coding gnomAD row by symbol.","RANBP2","ENSG00000153201","ENST00000283195",FALSE,"pass","none"
672,"ZNF451","26036","Q9Y4E5","Atypical E3 (SIM and PLRP motif), SUMO E3","Atypical","matched",1,"gene symbol checked fallback","E3 source has NCBI GeneID but no Ensembl gene ID; matched to one selected Ensembl protein-coding gnomAD row by symbol.","ZNF451","ENSG00000112200","ENST00000370706",FALSE,"pass","none"
673,"UFL1","23376","O94874","Atypical E3 (catalytic site formed from multiple interfaces), Ubl E3","Atypical","matched",1,"gene symbol checked fallback","E3 source has NCBI GeneID but no Ensembl gene ID; matched to one selected Ensembl protein-coding gnomAD row by symbol.","UFL1","ENSG00000014123","ENST00000369278",FALSE,"pass","none"
674,"DDRGK1","65992","Q96HY6","Atypical E3 (catalytic site formed from multiple interfaces), Ubl E3","Atypical","matched",1,"gene symbol checked fallback","E3 source has NCBI GeneID but no Ensembl gene ID; matched to one selected Ensembl protein-coding gnomAD row by symbol.","DDRGK1","ENSG00000198171","ENST00000354488",FALSE,"pass","none"
675,"ATG5","9474","Q9H1Y0","Atypical E3 (catalytic site formed from multiple interfaces), Ubl E3","Atypical","matched",1,"gene symbol checked fallback","E3 source has NCBI GeneID but no Ensembl gene ID; matched to one selected Ensembl protein-coding gnomAD row by symbol.","ATG5","ENSG00000057663","ENST00000369076",FALSE,"pass","none"
676,"ATG12","9140","O94817","Atypical E3 (catalytic site formed from multiple interfaces), Ubl E3","Atypical","matched",1,"gene symbol checked fallback","E3 source has NCBI GeneID but no Ensembl gene ID; matched to one selected Ensembl protein-coding gnomAD row by symbol.","ATG12","ENSG00000145782","ENST00000509910",FALSE,"pass","none"
677,"EGR2","1959","P11161","Atypical E3, SUMO E3","Atypical","matched",1,"gene symbol checked fallback","E3 source has NCBI GeneID but no Ensembl gene ID; matched to one selected Ensembl protein-coding gnomAD row by symbol.","EGR2","ENSG00000122877","ENST00000242480",FALSE,"pass","none"
678,"RASD2","23551","Q96D21","Atypical E3, SUMO E3","Atypical","matched",1,"gene symbol checked fallback","E3 source has NCBI GeneID but no Ensembl gene ID; matched to one selected Ensembl protein-coding gnomAD row by symbol.","RASD2","ENSG00000100302","ENST00000216127",FALSE,"pass","none"
679,"TECPR1","25851","Q7Z6L1","Atypical E3 (catalytic site formed from multiple interfaces), Ubl E3","Atypical","matched",1,"gene symbol checked fallback","E3 source has NCBI GeneID but no Ensembl gene ID; matched to one selected Ensembl protein-coding gnomAD row by symbol.","TECPR1","ENSG00000205356","ENST00000447648",FALSE,"pass","none"
