"loeuf_rank","input_order","e3_gene_symbol","ncbi_gene_id","uniprot_accession","e3_protein_class","major_e3_class","post_publication_update","match_status","match_method","match_note","gene","ensembl_gene_id","transcript_id","transcript_version","transcript_selection_method","chromosome","start_position","end_position","loeuf","pLI","plof_obs","plof_exp","plof_oe","missense_oe","missense_z","synonymous_oe","highly_lof_constrained","strong_missense_constraint","constraint_signal_pattern","quality_status","quality_flags","low_coverage_flag","poor_mappability_flag","gene_quality_metrics.exome_prop_bp_AN90","gene_quality_metrics.exome_mean_AS_MQ","gene_quality_metrics.exome_prop_segdup","gene_quality_metrics.exome_prop_LCR","gene_flags","constraint_flags"
1,441,"KDM2A",22992,"Q9Y2K7","CRL1 substrate receptor (F-box protein)","CRL1","","matched","gene symbol checked fallback","E3 source has NCBI GeneID but no Ensembl gene ID; matched to one selected Ensembl protein-coding gnomAD row by symbol.","KDM2A","ENSG00000173120","ENST00000529006","ENST00000529006.7","MANE Select","chr11",67119263,67258082,0.056472,1,3,137.3,0.02185,0.48854,8.4782,0.94556,TRUE,TRUE,"pLoF and missense constrained","pass","none",FALSE,FALSE,1,59.999,0,0.016638,"[]","[]"
2,371,"UBR5",51366,"O95071","HECT E3 ligase","HECT","","matched","gene symbol checked fallback","E3 source has NCBI GeneID but no Ensembl gene ID; matched to one selected Ensembl protein-coding gnomAD row by symbol.","UBR5","ENSG00000104517","ENST00000520539","ENST00000520539.6","MANE Select","chr8",102252273,102412700,0.087977,1,21,343.73,0.061094,0.63404,9.1477,0.98702,TRUE,TRUE,"pLoF and missense constrained","pass","none",FALSE,FALSE,1,59.999,0,0,"[]","[]"
3,361,"HUWE1",10075,"Q7Z6Z7","HECT E3 ligase","HECT","","matched","gene symbol checked fallback","E3 source has NCBI GeneID but no Ensembl gene ID; matched to one selected Ensembl protein-coding gnomAD row by symbol.","HUWE1","ENSG00000086758","ENST00000262854","ENST00000262854.11","MANE Select","chrX",53532096,53686719,0.089146,1,18,299.42,0.060117,0.52913,11.816,1.024,TRUE,TRUE,"pLoF and missense constrained","pass","none",FALSE,FALSE,0.99924,59.999,0,0,"[]","[]"
4,326,"PRPF19",27339,"Q9UMS4","Degenerate RING (U-box)","degenerate RING","","matched","gene symbol checked fallback","E3 source has NCBI GeneID but no Ensembl gene ID; matched to one selected Ensembl protein-coding gnomAD row by symbol.","PRPF19","ENSG00000110107","ENST00000227524","ENST00000227524.9","MANE Select","chr11",60890547,60906585,0.098109,1,2,64.172,0.031166,0.48306,5.621,0.8981,TRUE,TRUE,"pLoF and missense constrained","pass","none",FALSE,FALSE,1,59.998,0,0,"[]","[]"
5,57,"MDM4",4194,"O15151","RING","RING","","matched","gene symbol checked fallback","E3 source has NCBI GeneID but no Ensembl gene ID; matched to one selected Ensembl protein-coding gnomAD row by symbol.","MDM4","ENSG00000198625","ENST00000367182","ENST00000367182.8","MANE Select","chr1",204516406,204558120,0.1046,1,2,60.188,0.033229,0.77403,2.316,1.0198,TRUE,FALSE,"pLoF constrained only","pass","none",FALSE,FALSE,1,60,0,0,"[]","[]"
6,610,"PAFAH1B1",5048,"P43034","CRL4 substrate receptor (DDB1-binding protein)","CRL4","","matched","gene symbol checked fallback","E3 source has NCBI GeneID but no Ensembl gene ID; matched to one selected Ensembl protein-coding gnomAD row by symbol.","PAFAH1B1","ENSG00000007168","ENST00000397195","ENST00000397195.10","MANE Select","chr17",2593654,2685615,0.10953,1,2,57.48,0.034795,0.50193,4.8067,0.89612,TRUE,TRUE,"pLoF and missense constrained","pass","none",FALSE,FALSE,1,59.83,0,0,"[]","[]"
7,584,"BRWD3",254065,"Q6RI45","CRL4 substrate receptor (DDB1-binding protein)","CRL4","","matched","gene symbol checked fallback","E3 source has NCBI GeneID but no Ensembl gene ID; matched to one selected Ensembl protein-coding gnomAD row by symbol.","BRWD3","ENSG00000165288","ENST00000373275","ENST00000373275.5","MANE Select","chrX",80669503,80809877,0.11329,1,10,149.72,0.066791,0.68453,4.9857,1.1036,TRUE,TRUE,"pLoF and missense constrained","pass","none",FALSE,FALSE,1,59.999,0,0,"[]","[]"
8,620,"WDR26",80232,"Q9H7D7","CRL4 substrate receptor (DDB1-binding protein)","CRL4","","matched","gene symbol checked fallback","E3 source has NCBI GeneID but no Ensembl gene ID; matched to one selected Ensembl protein-coding gnomAD row by symbol.","WDR26","ENSG00000162923","ENST00000414423","ENST00000414423.9","MANE Select","chr1",224385146,224434797,0.12501,1,5,84.094,0.059457,0.65856,4.5467,1.0653,TRUE,TRUE,"pLoF and missense constrained","pass","none",FALSE,FALSE,0.82348,59.989,0,0.054753,"[]","[]"
9,477,"ZSWIM6",57688,"Q9HCJ5","CRL2 substrate receptor (BC-CUL2-box)","CRL2","","matched","gene symbol checked fallback","E3 source has NCBI GeneID but no Ensembl gene ID; matched to one selected Ensembl protein-coding gnomAD row by symbol.","ZSWIM6","ENSG00000130449","ENST00000252744","ENST00000252744.6","MANE Select","chr5",61332258,61546172,0.13875,1,9,113.19,0.079512,0.74862,4.2239,1.0074,TRUE,TRUE,"pLoF and missense constrained","pass","none",FALSE,FALSE,0.80137,59.974,0,0.066667,"[]","[]"
10,368,"UBE3A",7337,"Q05086","HECT E3 ligase","HECT","","matched","gene symbol checked fallback","E3 source has NCBI GeneID but no Ensembl gene ID; matched to one selected Ensembl protein-coding gnomAD row by symbol.","UBE3A","ENSG00000114062","ENST00000648336","ENST00000648336.2","MANE Select","chr15",25333728,25439024,0.14195,1,6,83.424,0.071922,0.44011,7.6862,0.94825,TRUE,TRUE,"pLoF and missense constrained","pass","none",FALSE,FALSE,1,59.624,0.47668,0,"[]","[]"
11,367,"TRIP12",9320,"Q14669","HECT E3 ligase","HECT","","matched","gene symbol checked fallback","E3 source has NCBI GeneID but no Ensembl gene ID; matched to one selected Ensembl protein-coding gnomAD row by symbol.","TRIP12","ENSG00000153827","ENST00000675903","ENST00000675903.1","MANE Select","chr2",229763837,229922009,0.14297,1,25,244.23,0.10236,0.67446,6.923,1.0365,TRUE,TRUE,"pLoF and missense constrained","pass","none",FALSE,FALSE,0.99694,59.998,0,0,"[]","[]"
12,613,"RBBP5",5929,"Q15291","CRL4 substrate receptor (DDB1-binding protein)","CRL4","","matched","gene symbol checked fallback","E3 source has NCBI GeneID but no Ensembl gene ID; matched to one selected Ensembl protein-coding gnomAD row by symbol.","RBBP5","ENSG00000117222","ENST00000264515","ENST00000264515.11","MANE Select","chr1",205086142,205121978,0.14555,1,5,72.229,0.069225,0.4937,5.5145,0.88126,TRUE,TRUE,"pLoF and missense constrained","pass","none",FALSE,FALSE,1,59.998,0,0,"[]","[]"
13,615,"TBL1XR1",79718,"Q9BZK7","CRL4 substrate receptor (DDB1-binding protein)","CRL4","","matched","gene symbol checked fallback","E3 source has NCBI GeneID but no Ensembl gene ID; matched to one selected Ensembl protein-coding gnomAD row by symbol.","TBL1XR1","ENSG00000177565","ENST00000457928","ENST00000457928.7","MANE Select","chr3",177019344,177197482,0.15724,1,5,66.859,0.074784,0.38189,6.5811,1.0195,TRUE,TRUE,"pLoF and missense constrained","pass","none",FALSE,FALSE,1,59.821,0.015564,0,"[]","[]"
14,305,"EP300",2033,"Q09472","Degenerate RING","degenerate RING","Yes","matched","gene symbol checked fallback","E3 source has NCBI GeneID but no Ensembl gene ID; matched to one selected Ensembl protein-coding gnomAD row by symbol.","EP300","ENSG00000100393","ENST00000263253","ENST00000263253.9","MANE Select","chr22",41092592,41180077,0.15848,1,31,263.99,0.11743,0.90602,2.2146,1.2818,FALSE,FALSE,"missing or flagged constraint","flagged","constraint_flags=[""outlier_syn""]",FALSE,FALSE,1,59.999,0,0,"[]","[""outlier_syn""]"
15,536,"KLHL15",80311,"Q96M94","CRL3 substrate receptor (BTB protein)","CRL3","","matched","gene symbol checked fallback","E3 source has NCBI GeneID but no Ensembl gene ID; matched to one selected Ensembl protein-coding gnomAD row by symbol.","KLHL15","ENSG00000174010","ENST00000328046","ENST00000328046.8","MANE Select","chrX",23983720,24027186,0.162,1,1,29.284,0.034149,0.44936,5.1369,1.1489,TRUE,TRUE,"pLoF and missense constrained","pass","none",FALSE,FALSE,1,60,0,0,"[]","[]"
16,284,"UHRF1",29128,"Q96T88","RING","RING","","matched","gene symbol checked fallback","E3 source has NCBI GeneID but no Ensembl gene ID; matched to one selected Ensembl protein-coding gnomAD row by symbol.","UHRF1","ENSG00000276043","ENST00000650932","ENST00000650932.1","MANE Select","chr19",4909501,4962154,0.1627,1,9,96.529,0.093237,0.55347,6.4047,0.9683,TRUE,TRUE,"pLoF and missense constrained","pass","none",FALSE,FALSE,0.9979,55.986,0.06053,0,"[]","[]"
17,221,"TRIM28",10155,"Q13263","RING, SUMO E3","RING","","matched","gene symbol checked fallback","E3 source has NCBI GeneID but no Ensembl gene ID; matched to one selected Ensembl protein-coding gnomAD row by symbol.","TRIM28","ENSG00000130726","ENST00000253024","ENST00000253024.10","MANE Select","chr19",58544064,58550715,0.16524,1,8,87.358,0.091577,0.85527,2.0766,1.3228,TRUE,FALSE,"pLoF constrained only","pass","none",FALSE,FALSE,0.90299,59.993,0,0,"[]","[]"
18,308,"PIAS1",8554,"O75925","Degenerate RING (SP-RING), SUMO E3","degenerate RING","","matched","gene symbol checked fallback","E3 source has NCBI GeneID but no Ensembl gene ID; matched to one selected Ensembl protein-coding gnomAD row by symbol.","PIAS1","ENSG00000033800","ENST00000249636","ENST00000249636.11","MANE Select","chr15",68054315,68193847,0.16608,1,6,71.307,0.084144,0.69935,3.6121,1.0347,TRUE,TRUE,"pLoF and missense constrained","pass","none",FALSE,FALSE,0.97491,59.998,0,0,"[]","[]"
19,334,"ARIH1",25820,"Q9Y4X5","RING-between-RING, Ubl E3","RBR","","matched","gene symbol checked fallback","E3 source has NCBI GeneID but no Ensembl gene ID; matched to one selected Ensembl protein-coding gnomAD row by symbol.","ARIH1","ENSG00000166233","ENST00000379887","ENST00000379887.9","MANE Select","chr15",72474330,72602987,0.1698,1,8,85.007,0.09411,0.43308,6.4792,0.93841,TRUE,TRUE,"pLoF and missense constrained","pass","none",FALSE,FALSE,0.94255,59.996,0,0.049671,"[]","[]"
20,71,"MSL2",55167,"Q9HCI7","RING","RING","","matched","gene symbol checked fallback","E3 source has NCBI GeneID but no Ensembl gene ID; matched to one selected Ensembl protein-coding gnomAD row by symbol.","MSL2","ENSG00000174579","ENST00000309993","ENST00000309993.3","MANE Select","chr3",136148917,136196335,0.17607,1,2,35.756,0.055934,0.7401,2.9466,1.1576,TRUE,FALSE,"pLoF constrained only","pass","none",FALSE,FALSE,1,59.999,0,0,"[]","[]"
21,396,"FBXO11",80204,"Q86XK2","CRL1 substrate receptor (F-box protein)","CRL1","","matched","gene symbol checked fallback","E3 source has NCBI GeneID but no Ensembl gene ID; matched to one selected Ensembl protein-coding gnomAD row by symbol.","FBXO11","ENSG00000138081","ENST00000403359","ENST00000403359.8","MANE Select","chr2",47806920,47906498,0.17674,1,13,116.95,0.11116,0.65871,4.9668,1.2878,TRUE,TRUE,"pLoF and missense constrained","pass","none",FALSE,FALSE,0.94139,59.991,0,0.051061,"[]","[]"
22,587,"DCAF1",9730,"Q9Y4B6","CRL4 substrate receptor (DDB1-binding protein)","CRL4","","matched","gene symbol checked fallback","E3 source has NCBI GeneID but no Ensembl gene ID; matched to one selected Ensembl protein-coding gnomAD row by symbol.","DCAF1","ENSG00000145041","ENST00000684031","ENST00000684031.1","MANE Select","chr3",51397842,51500015,0.18043,1,15,128.01,0.11718,0.59897,6.9464,1.0116,TRUE,TRUE,"pLoF and missense constrained","pass","none",FALSE,FALSE,0.81332,59.999,0,0,"[]","[]"
23,669,"UBE2O",63893,"Q9C0C9","Atypical E3 (E2/E3 hybrid)","Atypical","","matched","gene symbol checked fallback","E3 source has NCBI GeneID but no Ensembl gene ID; matched to one selected Ensembl protein-coding gnomAD row by symbol.","UBE2O","ENSG00000175931","ENST00000319380","ENST00000319380.12","MANE Select","chr17",76389456,76453152,0.18359,1,15,125.81,0.11923,0.74264,4.5568,1.0068,TRUE,TRUE,"pLoF and missense constrained","pass","none",FALSE,FALSE,0.95485,59.999,0,0,"[]","[]"
24,113,"RLIM",51132,"Q9NVW2","RING","RING","","matched","gene symbol checked fallback","E3 source has NCBI GeneID but no Ensembl gene ID; matched to one selected Ensembl protein-coding gnomAD row by symbol.","RLIM","ENSG00000131263","ENST00000332687","ENST00000332687.11","MANE Select","chrX",74582976,74614624,0.18541,1,2,33.955,0.058901,0.59616,3.7724,1.0304,TRUE,TRUE,"pLoF and missense constrained","pass","none",FALSE,FALSE,1,57.754,0.86485,0.04594,"[]","[]"
25,661,"TULP4",56995,"Q9NRJ4","CRL5 substrate receptor (BC-box protein with CUL5 box)","CRL5","","matched","gene symbol checked fallback","E3 source has NCBI GeneID but no Ensembl gene ID; matched to one selected Ensembl protein-coding gnomAD row by symbol.","TULP4","ENSG00000130338","ENST00000367097","ENST00000367097.8","MANE Select","chr6",158312465,158511828,0.18836,1,16,129.02,0.12402,0.89455,2.0408,1.1686,TRUE,FALSE,"pLoF constrained only","pass","none",FALSE,FALSE,0.99244,59.993,0,0.012746,"[]","[]"
26,599,"DCAF5",8816,"Q96JK2","CRL4 substrate receptor (DDB1-binding protein)","CRL4","","matched","gene symbol checked fallback","E3 source has NCBI GeneID but no Ensembl gene ID; matched to one selected Ensembl protein-coding gnomAD row by symbol.","DCAF5","ENSG00000139990","ENST00000341516","ENST00000341516.10","MANE Select","chr14",69050881,69153119,0.19471,1,9,80.658,0.11158,0.69835,4.4671,0.93748,TRUE,TRUE,"pLoF and missense constrained","pass","none",FALSE,FALSE,1,59.999,0,0.002477,"[]","[]"
27,20,"CNOT4",4850,"O95628","RING","RING","","matched","gene symbol checked fallback","E3 source has NCBI GeneID but no Ensembl gene ID; matched to one selected Ensembl protein-coding gnomAD row by symbol.","CNOT4","ENSG00000080802","ENST00000541284","ENST00000541284.6","MANE Select","chr7",135361795,135510102,0.19561,1,8,73.794,0.10841,0.63846,4.5829,0.9125,TRUE,TRUE,"pLoF and missense constrained","pass","none",FALSE,FALSE,0.97849,59.995,0,0,"[]","[]"
28,167,"RNF220",55182,"Q5VTB9","RING","RING","","matched","gene symbol checked fallback","E3 source has NCBI GeneID but no Ensembl gene ID; matched to one selected Ensembl protein-coding gnomAD row by symbol.","RNF220","ENSG00000187147","ENST00000361799","ENST00000361799.7","MANE Select","chr1",44405255,44651723,0.19589,1,7,67.12,0.10429,0.76319,2.748,0.95354,TRUE,FALSE,"pLoF constrained only","pass","none",FALSE,FALSE,1,59.999,0,0,"[]","[]"
29,231,"TRIM39",56658,"Q9HCM9","RING","RING","","matched","gene symbol checked fallback","E3 source has NCBI GeneID but no Ensembl gene ID; matched to one selected Ensembl protein-coding gnomAD row by symbol.","TRIM39","ENSG00000204599","ENST00000396551","ENST00000396551.8","Ensembl canonical","chr6",30326469,30343729,0.19603,1,5,53.628,0.093234,0.4992,5.3226,0.82498,TRUE,TRUE,"pLoF and missense constrained","pass","none",FALSE,FALSE,1,59.997,0,0,"[]","[]"
30,15,"CBLL1",79872,"Q75N03","RING","RING","","matched","gene symbol checked fallback","E3 source has NCBI GeneID but no Ensembl gene ID; matched to one selected Ensembl protein-coding gnomAD row by symbol.","CBLL1","ENSG00000105879","ENST00000440859","ENST00000440859.8","MANE Select","chr7",107744142,107761667,0.2037,1,4,44.937,0.089013,0.89362,1.1448,1.1624,TRUE,FALSE,"pLoF constrained only","pass","none",FALSE,FALSE,1,59.999,0,0,"[]","[]"
31,100,"RBBP6",5930,"Q7Z6E9","RING","RING","","matched","gene symbol checked fallback","E3 source has NCBI GeneID but no Ensembl gene ID; matched to one selected Ensembl protein-coding gnomAD row by symbol.","RBBP6","ENSG00000122257","ENST00000319715","ENST00000319715.10","MANE Select","chr16",24539566,24572863,0.20819,1,25,167.71,0.14907,0.87526,2.4578,1.0723,TRUE,FALSE,"pLoF constrained only","pass","none",FALSE,FALSE,0.9987,59.999,0,0.031436,"[]","[]"
32,148,"RNF17",56163,"Q9BXT8","RING","RING","","matched","gene symbol checked fallback","E3 source has NCBI GeneID but no Ensembl gene ID; matched to one selected Ensembl protein-coding gnomAD row by symbol.","RNF17","ENSG00000132972","ENST00000255324","ENST00000255324.10","MANE Select","chr13",24764169,24879921,0.20866,1,31,200.51,0.15461,0.85456,2.7074,0.95014,TRUE,FALSE,"pLoF constrained only","pass","none",FALSE,FALSE,0.99281,59.984,0,0.00020538,"[]","[]"
33,438,"FBXW7",55294,"Q969H0","CRL1 substrate receptor (F-box protein)","CRL1","","matched","gene symbol checked fallback","E3 source has NCBI GeneID but no Ensembl gene ID; matched to one selected Ensembl protein-coding gnomAD row by symbol.","FBXW7","ENSG00000109670","ENST00000281708","ENST00000281708.10","MANE Select","chr4",152320544,152536092,0.21091,1,11,86.328,0.12742,0.5759,5.2652,1.0506,TRUE,TRUE,"pLoF and missense constrained","pass","none",FALSE,FALSE,1,59.997,0,0,"[]","[]"
34,201,"TRAF2",7186,"Q12933","RING","RING","","matched","gene symbol checked fallback","E3 source has NCBI GeneID but no Ensembl gene ID; matched to one selected Ensembl protein-coding gnomAD row by symbol.","TRAF2","ENSG00000127191","ENST00000247668","ENST00000247668.7","MANE Select","chr9",136886516,136926607,0.21293,1,6,55.617,0.10788,0.81962,2.0127,1.1907,TRUE,FALSE,"pLoF constrained only","pass","none",FALSE,FALSE,1,59.998,0,0,"[]","[]"
35,478,"ZSWIM8",23053,"A7E2V4","CRL2 substrate receptor (BC-CUL2-box), CRL3 substrate receptor","CRL2; CRL3","","matched","gene symbol checked fallback","E3 source has NCBI GeneID but no Ensembl gene ID; matched to one selected Ensembl protein-coding gnomAD row by symbol.","ZSWIM8","ENSG00000214655","ENST00000604729","ENST00000604729.6","MANE Select","chr10",73785606,73801793,0.21433,1,27,173.73,0.15542,0.66987,6.939,0.99579,TRUE,TRUE,"pLoF and missense constrained","pass","none",FALSE,FALSE,1,59.998,0,0,"[]","[]"
36,667,"TNFAIP3",7128,"P21580","Atypical E3 (A20-type zinc finger)","Atypical","","matched","gene symbol checked fallback","E3 source has NCBI GeneID but no Ensembl gene ID; matched to one selected Ensembl protein-coding gnomAD row by symbol.","TNFAIP3","ENSG00000118503","ENST00000612899","ENST00000612899.5","MANE Select","chr6",137867259,137883312,0.21694,1,9,72.393,0.12432,0.8177,2.4815,0.90977,TRUE,FALSE,"pLoF constrained only","pass","none",FALSE,FALSE,1,59.999,0,0,"[]","[]"
37,601,"DCAF7",10238,"P61962","CRL4 substrate receptor (DDB1-binding protein)","CRL4","","matched","gene symbol checked fallback","E3 source has NCBI GeneID but no Ensembl gene ID; matched to one selected Ensembl protein-coding gnomAD row by symbol.","DCAF7","ENSG00000136485","ENST00000614556","ENST00000614556.5","MANE Select","chr17",63550477,63594266,0.22193,1,4,41.244,0.096983,0.29559,6.3245,0.87077,TRUE,TRUE,"pLoF and missense constrained","pass","none",FALSE,FALSE,1,59.999,0,0,"[]","[]"
38,466,"NRBP1",29959,"Q9UHY1","CRL2 substrate receptor (BC-CUL2-box)","CRL2","","matched","gene symbol checked fallback","E3 source has NCBI GeneID but no Ensembl gene ID; matched to one selected Ensembl protein-coding gnomAD row by symbol.","NRBP1","ENSG00000115216","ENST00000379852","ENST00000379852.8","MANE Select","chr2",27428631,27442259,0.22305,1,10,76.045,0.1315,0.53246,5.0682,0.97815,TRUE,TRUE,"pLoF and missense constrained","pass","none",FALSE,FALSE,1,60,0,0,"[]","[]"
39,356,"HERC2",8924,"O95714","HECT E3 ligase","HECT","","matched","gene symbol checked fallback","E3 source has NCBI GeneID but no Ensembl gene ID; matched to one selected Ensembl protein-coding gnomAD row by symbol.","HERC2","ENSG00000128731","ENST00000261609","ENST00000261609.13","MANE Select","chr15",28111040,28322179,0.22362,1,102,537.72,0.18969,0.68342,10.63,0.90179,TRUE,TRUE,"pLoF and missense constrained","pass","none",FALSE,FALSE,0.9318,53.778,0.6013,0,"[]","[]"
40,313,"ZMIZ1",57178,"Q9ULJ6","Degenerate RING (SP-RING), SUMO E3","degenerate RING","","matched","gene symbol checked fallback","E3 source has NCBI GeneID but no Ensembl gene ID; matched to one selected Ensembl protein-coding gnomAD row by symbol.","ZMIZ1","ENSG00000108175","ENST00000334512","ENST00000334512.10","MANE Select","chr10",79068966,79316519,0.22379,1,17,113.94,0.1492,0.71659,4.6465,1.0064,TRUE,TRUE,"pLoF and missense constrained","pass","none",FALSE,FALSE,0.99781,59.996,0,0,"[]","[]"
41,311,"PIAS4",51588,"Q8N2W9","Degenerate RING (SP-RING), SUMO E3","degenerate RING","","matched","gene symbol checked fallback","E3 source has NCBI GeneID but no Ensembl gene ID; matched to one selected Ensembl protein-coding gnomAD row by symbol.","PIAS4","ENSG00000105229","ENST00000262971","ENST00000262971.3","MANE Select","chr19",4007736,4039386,0.22684,1,7,57.961,0.12077,0.77516,2.5543,1.1652,TRUE,FALSE,"pLoF constrained only","pass","none",FALSE,FALSE,0.98235,59.999,0,0.033987,"[]","[]"
42,670,"BIRC6",57448,"Q9NR09","Atypical E3 (E2/E3 hybrid)","Atypical","","matched","gene symbol checked fallback","E3 source has NCBI GeneID but no Ensembl gene ID; matched to one selected Ensembl protein-coding gnomAD row by symbol.","BIRC6","ENSG00000115760","ENST00000421745","ENST00000421745.7","MANE Select","chr2",32357023,32618878,0.23032,1,98,503.28,0.19472,0.92318,2.4964,1.0776,TRUE,FALSE,"pLoF constrained only","pass","none",FALSE,FALSE,0.98696,59.998,0,0.0087846,"[]","[]"
43,474,"ZER1",10444,"Q7Z7L7","CRL2 substrate receptor (BC-CUL2-box)","CRL2","","matched","gene symbol checked fallback","E3 source has NCBI GeneID but no Ensembl gene ID; matched to one selected Ensembl protein-coding gnomAD row by symbol.","ZER1","ENSG00000160445","ENST00000291900","ENST00000291900.7","MANE Select","chr9",128729786,128771927,0.2312,1,11,78.754,0.13968,0.58983,5.5233,0.98272,TRUE,TRUE,"pLoF and missense constrained","pass","none",FALSE,FALSE,0.94343,59.999,0,0,"[]","[]"
44,225,"TRIM33",51592,"Q9UPN9","RING","RING","","matched","gene symbol checked fallback","E3 source has NCBI GeneID but no Ensembl gene ID; matched to one selected Ensembl protein-coding gnomAD row by symbol.","TRIM33","ENSG00000197323","ENST00000358465","ENST00000358465.7","MANE Select","chr1",114392790,114511203,0.23174,1,20,125.41,0.15948,0.65182,5.5788,1.0975,TRUE,TRUE,"pLoF and missense constrained","pass","none",FALSE,FALSE,0.93523,59.999,0,0,"[]","[]"
45,671,"RANBP2",5903,"P49792","Atypical E3 (interinal repeat region IR1-M-IR2), SUMO E3","Atypical","","matched","gene symbol checked fallback","E3 source has NCBI GeneID but no Ensembl gene ID; matched to one selected Ensembl protein-coding gnomAD row by symbol.","RANBP2","ENSG00000153201","ENST00000283195","ENST00000283195.11","MANE Select","chr2",108719482,108785809,0.23407,1,57,303.63,0.18773,0.82998,4.4587,0.89663,TRUE,TRUE,"pLoF and missense constrained","pass","none",FALSE,FALSE,0.98273,51.699,0.81545,0,"[]","[]"
46,292,"XIAP",331,"P98170","RING","RING","","matched","gene symbol checked fallback","E3 source has NCBI GeneID but no Ensembl gene ID; matched to one selected Ensembl protein-coding gnomAD row by symbol.","XIAP","ENSG00000101966","ENST00000371199","ENST00000371199.8","MANE Select","chrX",123860053,123913972,0.23457,0.99999,3,33.055,0.090758,0.72723,2.2165,0.80791,TRUE,FALSE,"pLoF constrained only","pass","none",FALSE,FALSE,0.97384,59.177,0.1281,0,"[]","[]"
47,459,"KLHDC3",116138,"Q9BQ90","CRL2 substrate receptor (BC-CUL2-box), CRL5 substrate receptor (BC-CUL5-box)","CRL2; CRL5","","matched","gene symbol checked fallback","E3 source has NCBI GeneID but no Ensembl gene ID; matched to one selected Ensembl protein-coding gnomAD row by symbol.","KLHDC3","ENSG00000124702","ENST00000326974","ENST00000326974.9","MANE Select","chr6",43014249,43021294,0.23849,1,5,44.081,0.11343,0.48027,5.0268,0.89967,TRUE,TRUE,"pLoF and missense constrained","pass","none",FALSE,FALSE,1,59.999,0,0,"[]","[]"
48,442,"KDM2B",84678,"Q8NHM5","CRL1 substrate receptor (F-box protein)","CRL1","","matched","gene symbol checked fallback","E3 source has NCBI GeneID but no Ensembl gene ID; matched to one selected Ensembl protein-coding gnomAD row by symbol.","KDM2B","ENSG00000089094","ENST00000377071","ENST00000377071.9","MANE Select","chr12",121429096,121581023,0.24049,1,26,150.01,0.17332,0.69623,5.5223,1.0062,TRUE,TRUE,"pLoF and missense constrained","pass","none",FALSE,FALSE,0.99825,59.999,0,0,"[]","[]"
49,187,"RNF8",9025,"O76064","RING","RING","","matched","gene symbol checked fallback","E3 source has NCBI GeneID but no Ensembl gene ID; matched to one selected Ensembl protein-coding gnomAD row by symbol.","RNF8","ENSG00000112130","ENST00000373479","ENST00000373479.9","MANE Select","chr6",37353983,37394734,0.24346,1,8,59.29,0.13493,0.709,2.9699,0.81006,TRUE,FALSE,"pLoF constrained only","pass","none",FALSE,FALSE,0.99313,59.996,0,0,"[]","[]"
50,335,"ARIH2",10425,"O95376","RING-between-RING","RBR","","matched","gene symbol checked fallback","E3 source has NCBI GeneID but no Ensembl gene ID; matched to one selected Ensembl protein-coding gnomAD row by symbol.","ARIH2","ENSG00000177479","ENST00000356401","ENST00000356401.9","MANE Select","chr3",48918842,48986382,0.24364,1,12,79.8,0.15038,0.48679,5.4427,1.0471,TRUE,TRUE,"pLoF and missense constrained","pass","none",FALSE,FALSE,1,59.926,0,0,"[]","[]"
51,316,"UBR4",23352,"Q5T4S7","Degenerate RING","degenerate RING","","matched","gene symbol checked fallback","E3 source has NCBI GeneID but no Ensembl gene ID; matched to one selected Ensembl protein-coding gnomAD row by symbol.","UBR4","ENSG00000127481","ENST00000375254","ENST00000375254.8","MANE Select","chr1",19074510,19210266,0.25005,1,124,575.65,0.21541,0.74366,8.7999,0.99245,TRUE,TRUE,"pLoF and missense constrained","pass","none",FALSE,FALSE,0.99698,59.999,0,0,"[]","[]"
52,328,"UBE4B",10277,"O95155","Degenerate RING (U-box)","degenerate RING","","matched","gene symbol checked fallback","E3 source has NCBI GeneID but no Ensembl gene ID; matched to one selected Ensembl protein-coding gnomAD row by symbol.","UBE4B","ENSG00000130939","ENST00000343090","ENST00000343090.11","MANE Select","chr1",10032958,10181239,0.25139,1,27,148.11,0.18229,0.7038,5.1506,0.96235,TRUE,TRUE,"pLoF and missense constrained","pass","none",FALSE,FALSE,1,59.999,0,0,"[]","[]"
53,623,"WDTC1",23038,"Q8N5D0","CRL4 substrate receptor (DDB1-binding protein)","CRL4","","matched","gene symbol checked fallback","E3 source has NCBI GeneID but no Ensembl gene ID; matched to one selected Ensembl protein-coding gnomAD row by symbol.","WDTC1","ENSG00000142784","ENST00000319394","ENST00000319394.8","MANE Select","chr1",27234632,27308636,0.25573,1,12,76.029,0.15784,0.5623,5.6274,0.9294,TRUE,TRUE,"pLoF and missense constrained","pass","none",FALSE,FALSE,1,60,0,0,"[]","[]"
54,270,"TRIM71",131405,"Q2Q1W2","RING","RING","","matched","gene symbol checked fallback","E3 source has NCBI GeneID but no Ensembl gene ID; matched to one selected Ensembl protein-coding gnomAD row by symbol.","TRIM71","ENSG00000206557","ENST00000383763","ENST00000383763.6","MANE Select","chr3",32817997,32897824,0.25674,1,9,61.171,0.14713,0.80566,2.9172,1.166,TRUE,FALSE,"pLoF constrained only","pass","none",FALSE,FALSE,0.8894,59.999,0,0.024962,"[]","[]"
55,666,"MYCBP2",23077,"O75592","Atypical (RING-Cys-Relay)","Atypical","","matched","gene symbol checked fallback","E3 source has NCBI GeneID but no Ensembl gene ID; matched to one selected Ensembl protein-coding gnomAD row by symbol.","MYCBP2","ENSG00000005810","ENST00000544440","ENST00000544440.7","MANE Select","chr13",77044657,77327094,0.26585,1,120,525.27,0.22846,0.73342,8.5513,0.96843,TRUE,TRUE,"pLoF and missense constrained","pass","none",FALSE,FALSE,0.98988,59.999,0,0.0046316,"[]","[]"
56,117,"RNF111",54778,"Q6ZNA4","RING","RING","","matched","gene symbol checked fallback","E3 source has NCBI GeneID but no Ensembl gene ID; matched to one selected Ensembl protein-coding gnomAD row by symbol.","RNF111","ENSG00000157450","ENST00000348370","ENST00000348370.9","MANE Select","chr15",58987663,59097419,0.26825,1,17,95.057,0.17884,0.98229,0.26273,1.0607,TRUE,FALSE,"pLoF constrained only","pass","none",FALSE,FALSE,1,59.999,0,0,"[]","[]"
57,642,"ELOA",6924,"Q14241","CRL5 substrate receptor (BC-box protein with CUL5 box)","CRL5","","matched","gene symbol checked fallback","E3 source has NCBI GeneID but no Ensembl gene ID; matched to one selected Ensembl protein-coding gnomAD row by symbol.","ELOA","ENSG00000011007","ENST00000613537","ENST00000613537.5","MANE Select","chr1",23743471,23762059,0.27099,1,15,85.231,0.17599,0.80722,2.5377,0.97431,TRUE,FALSE,"pLoF constrained only","pass","none",FALSE,FALSE,1,59.999,0,0,"[]","[]"
58,419,"FBXO42",54455,"Q6P3S6","CRL1 substrate receptor (F-box protein)","CRL1","","matched","gene symbol checked fallback","E3 source has NCBI GeneID but no Ensembl gene ID; matched to one selected Ensembl protein-coding gnomAD row by symbol.","FBXO42","ENSG00000037637","ENST00000375592","ENST00000375592.8","MANE Select","chr1",16246840,16352480,0.27134,1,12,71.654,0.16747,0.77528,2.8942,0.99231,TRUE,FALSE,"pLoF constrained only","pass","none",FALSE,FALSE,1,59.999,0,0,"[]","[]"
59,182,"RNF41",10193,"Q9H4P4","RING","RING","","matched","gene symbol checked fallback","E3 source has NCBI GeneID but no Ensembl gene ID; matched to one selected Ensembl protein-coding gnomAD row by symbol.","RNF41","ENSG00000181852","ENST00000345093","ENST00000345093.9","MANE Select","chr12",56202179,56221922,0.27725,0.99998,4,33.016,0.12115,0.52711,4.1946,1.0707,TRUE,TRUE,"pLoF and missense constrained","pass","none",FALSE,FALSE,1,59.998,0,0,"[]","[]"
60,639,"ASB7",140460,"Q9H672","CRL5 substrate receptor (BC-box protein with CUL5 box)","CRL5","","matched","gene symbol checked fallback","E3 source has NCBI GeneID but no Ensembl gene ID; matched to one selected Ensembl protein-coding gnomAD row by symbol.","ASB7","ENSG00000183475","ENST00000332783","ENST00000332783.12","MANE Select","chr15",100602589,100651701,0.2817,0.99998,4,32.494,0.1231,0.44465,4.7786,1.1052,TRUE,TRUE,"pLoF and missense constrained","pass","none",FALSE,FALSE,1,60,0,0,"[]","[]"
61,276,"TRIM8",81603,"Q9BZR9","RING","RING","","matched","gene symbol checked fallback","E3 source has NCBI GeneID but no Ensembl gene ID; matched to one selected Ensembl protein-coding gnomAD row by symbol.","TRIM8","ENSG00000171206","ENST00000643721","ENST00000643721.2","MANE Select","chr10",102644479,102658318,0.28195,1,9,55.703,0.16157,0.75505,2.8348,1.0052,TRUE,FALSE,"pLoF constrained only","pass","none",FALSE,FALSE,1,59.999,0,0,"[]","[]"
62,352,"HECTD4",283450,"Q9Y4D8","HECT E3 ligase","HECT","","matched","gene symbol checked fallback","E3 source has NCBI GeneID but no Ensembl gene ID; matched to one selected Ensembl protein-coding gnomAD row by symbol.","HECTD4","ENSG00000173064","ENST00000682272","ENST00000682272.1","MANE Select","chr12",112160195,112382431,0.2825,1,114,471.46,0.2418,0.68406,10.13,0.89184,TRUE,TRUE,"pLoF and missense constrained","pass","none",FALSE,FALSE,0.96726,59.997,0,0.0024898,"[]","[]"
63,349,"HECTD1",25831,"Q9ULT8","HECT E3 ligase","HECT","","matched","gene symbol checked fallback","E3 source has NCBI GeneID but no Ensembl gene ID; matched to one selected Ensembl protein-coding gnomAD row by symbol.","HECTD1","ENSG00000092148","ENST00000399332","ENST00000399332.6","MANE Select","chr14",31100117,31207793,0.28285,1,69,298.06,0.2315,0.70684,7.0227,0.95813,TRUE,TRUE,"pLoF and missense constrained","pass","none",FALSE,FALSE,0.99259,59.997,0,0,"[]","[]"
64,56,"MDM2",4193,"Q00987","RING, Ubl E3","RING","","matched","gene symbol checked fallback","E3 source has NCBI GeneID but no Ensembl gene ID; matched to one selected Ensembl protein-coding gnomAD row by symbol.","MDM2","ENSG00000135679","ENST00000258149","ENST00000258149.11","MANE Select","chr12",68808177,68845544,0.28296,1,11,64.347,0.17095,0.67228,3.3578,1.0057,TRUE,TRUE,"pLoF and missense constrained","pass","none",FALSE,FALSE,1,59.994,0,0,"[]","[]"
65,67,"MKRN1",23608,"Q9UHC7","RING","RING","","matched","gene symbol checked fallback","E3 source has NCBI GeneID but no Ensembl gene ID; matched to one selected Ensembl protein-coding gnomAD row by symbol.","MKRN1","ENSG00000133606","ENST00000255977","ENST00000255977.7","MANE Select","chr7",140453033,140479505,0.28315,1,9,55.466,0.16226,0.77867,2.3631,1.0726,TRUE,FALSE,"pLoF constrained only","pass","none",FALSE,FALSE,0.87206,59.582,0.24136,0,"[]","[]"
66,388,"FBXL20",84961,"Q96IG2","CRL1 substrate receptor (F-box protein)","CRL1","","matched","gene symbol checked fallback","E3 source has NCBI GeneID but no Ensembl gene ID; matched to one selected Ensembl protein-coding gnomAD row by symbol.","FBXL20","ENSG00000108306","ENST00000264658","ENST00000264658.11","MANE Select","chr17",39252663,39401626,0.28459,1,11,63.978,0.17193,0.57586,4.1493,0.97366,TRUE,TRUE,"pLoF and missense constrained","pass","none",FALSE,FALSE,1,59.999,0,0,"[]","[]"
67,611,"PHIP",55023,"Q8WWQ0","CRL4 substrate receptor (DDB1-binding protein)","CRL4","","matched","gene symbol checked fallback","E3 source has NCBI GeneID but no Ensembl gene ID; matched to one selected Ensembl protein-coding gnomAD row by symbol.","PHIP","ENSG00000146247","ENST00000275034","ENST00000275034.5","MANE Select","chr6",78934419,79078254,0.28604,1,54,236.82,0.22802,0.62535,7.4788,1.0516,TRUE,TRUE,"pLoF and missense constrained","pass","none",FALSE,FALSE,0.97767,59.999,0,0.019037,"[]","[]"
68,664,"FZR1",51343,"Q9UM11","APC substrate receptor","APC/C","","matched","gene symbol checked fallback","E3 source has NCBI GeneID but no Ensembl gene ID; matched to one selected Ensembl protein-coding gnomAD row by symbol.","FZR1","ENSG00000105325","ENST00000441788","ENST00000441788.7","MANE Select","chr19",3506311,3538334,0.2864,1,11,63.574,0.17303,0.64003,4.0253,1.1012,TRUE,TRUE,"pLoF and missense constrained","pass","none",FALSE,FALSE,1,59.997,0,0,"[]","[]"
69,51,"MARCHF5",54708,"Q9NX47","RING","RING","","matched","gene symbol checked fallback","E3 source has NCBI GeneID but no Ensembl gene ID; matched to one selected Ensembl protein-coding gnomAD row by symbol.","MARCHF5","ENSG00000198060","ENST00000358935","ENST00000358935.3","MANE Select","chr10",92291167,92353964,0.28839,0.99999,5,36.454,0.13716,0.5323,3.6578,0.93711,TRUE,TRUE,"pLoF and missense constrained","pass","none",FALSE,FALSE,1,60,0,0,"[]","[]"
70,677,"EGR2",1959,"P11161","Atypical E3, SUMO E3","Atypical","","matched","gene symbol checked fallback","E3 source has NCBI GeneID but no Ensembl gene ID; matched to one selected Ensembl protein-coding gnomAD row by symbol.","EGR2","ENSG00000122877","ENST00000242480","ENST00000242480.4","MANE Select","chr10",62811996,62816366,0.29641,0.99944,2,21.24,0.09416,0.72674,2.9257,1.0923,TRUE,FALSE,"pLoF constrained only","pass","none",FALSE,FALSE,1,59.999,0,0,"[]","[]"
71,362,"ITCH",83737,"Q96J02","HECT E3 ligase","HECT","","matched","gene symbol checked fallback","E3 source has NCBI GeneID but no Ensembl gene ID; matched to one selected Ensembl protein-coding gnomAD row by symbol.","ITCH","ENSG00000078747","ENST00000374864","ENST00000374864.10","MANE Select","chr20",34363273,34511773,0.30265,1,28,126.84,0.22075,0.61122,5.3276,1.0059,TRUE,TRUE,"pLoF and missense constrained","pass","none",FALSE,FALSE,1,59.998,0,0,"[]","[]"
72,422,"FBXO45",200933,"P0C2W1","CRL1 substrate receptor (F-box protein)","CRL1","","matched","gene symbol checked fallback","E3 source has NCBI GeneID but no Ensembl gene ID; matched to one selected Ensembl protein-coding gnomAD row by symbol.","FBXO45","ENSG00000174013","ENST00000311630","ENST00000311630.7","MANE Select","chr3",196568660,196589059,0.30369,0.99978,3,25.531,0.1175,0.59997,3.2596,1.0349,TRUE,TRUE,"pLoF and missense constrained","pass","none",FALSE,FALSE,0.87646,59.999,0,0.11772,"[]","[]"
73,447,"APPBP2",10513,"Q92624","CRL2 substrate receptor (BC-CUL2-box)","CRL2","","matched","gene symbol checked fallback","E3 source has NCBI GeneID but no Ensembl gene ID; matched to one selected Ensembl protein-coding gnomAD row by symbol.","APPBP2","ENSG00000062725","ENST00000083182","ENST00000083182.8","MANE Select","chr17",60443158,60526242,0.3041,1,15,75.952,0.19749,0.58349,4.6569,0.91662,TRUE,TRUE,"pLoF and missense constrained","pass","none",FALSE,FALSE,1,60,0,0,"[]","[]"
74,539,"KLHL2",11275,"O95198","CRL3 substrate receptor (BTB protein)","CRL3","","matched","gene symbol checked fallback","E3 source has NCBI GeneID but no Ensembl gene ID; matched to one selected Ensembl protein-coding gnomAD row by symbol.","KLHL2","ENSG00000109466","ENST00000226725","ENST00000226725.11","MANE Select","chr4",165207561,165323147,0.30452,1,15,75.848,0.19776,0.51418,5.6402,0.84968,TRUE,TRUE,"pLoF and missense constrained","pass","none",FALSE,FALSE,0.98482,56.646,0.29117,0,"[]","[]"
75,58,"MEX3A",92312,"A1L020","RING","RING","","matched","gene symbol checked fallback","E3 source has NCBI GeneID but no Ensembl gene ID; matched to one selected Ensembl protein-coding gnomAD row by symbol.","MEX3A","ENSG00000254726","ENST00000532414","ENST00000532414.3","MANE Select","chr1",156072013,156082465,0.30476,0.99992,4,30.035,0.13318,0.75332,2.8556,1.0227,TRUE,FALSE,"pLoF constrained only","pass","none",FALSE,FALSE,0.8891,59.994,0,0.076923,"[]","[]"
76,358,"HERC4",26091,"Q5GLZ8","HECT E3 ligase","HECT","","matched","gene symbol checked fallback","E3 source has NCBI GeneID but no Ensembl gene ID; matched to one selected Ensembl protein-coding gnomAD row by symbol.","HERC4","ENSG00000148634","ENST00000373700","ENST00000373700.9","MANE Select","chr10",67921905,68075283,0.30878,1,28,124.33,0.22521,0.57998,6.2808,0.96553,TRUE,TRUE,"pLoF and missense constrained","pass","none",FALSE,FALSE,0.99746,59.998,0,0,"[]","[]"
77,222,"TRIM3",10612,"O75382","RING","RING","","matched","gene symbol checked fallback","E3 source has NCBI GeneID but no Ensembl gene ID; matched to one selected Ensembl protein-coding gnomAD row by symbol.","TRIM3","ENSG00000110171","ENST00000345851","ENST00000345851.8","MANE Select","chr11",6448613,6473941,0.31052,1,13,66.56,0.19531,0.69682,4.1303,0.98615,TRUE,TRUE,"pLoF and missense constrained","pass","none",FALSE,FALSE,1,59.999,0,0,"[]","[]"
78,52,"MARCHF6",10299,"O60337","RING","RING","","matched","gene symbol checked fallback","E3 source has NCBI GeneID but no Ensembl gene ID; matched to one selected Ensembl protein-coding gnomAD row by symbol.","MARCHF6","ENSG00000145495","ENST00000274140","ENST00000274140.10","MANE Select","chr5",10353695,10440388,0.31293,1,31,133.7,0.23187,0.6446,5.0763,0.98127,TRUE,TRUE,"pLoF and missense constrained","pass","none",FALSE,FALSE,1,59.997,0,0,"[]","[]"
79,102,"RC3H2",54542,"Q9HBD1","RING","RING","","matched","gene symbol checked fallback","E3 source has NCBI GeneID but no Ensembl gene ID; matched to one selected Ensembl protein-coding gnomAD row by symbol.","RC3H2","ENSG00000056586","ENST00000357244","ENST00000357244.7","MANE Select","chr9",122844556,122905359,0.31383,1,31,133.31,0.23254,0.81759,2.9493,1.0295,TRUE,FALSE,"pLoF constrained only","pass","none",FALSE,FALSE,1,59.999,0,0,"[]","[]"
80,196,"SIAH1",6477,"Q8IUQ4","RING","RING","","matched","gene symbol checked fallback","E3 source has NCBI GeneID but no Ensembl gene ID; matched to one selected Ensembl protein-coding gnomAD row by symbol.","SIAH1","ENSG00000196470","ENST00000394725","ENST00000394725.3","MANE Select","chr16",48360531,48385413,0.31483,0.99896,2,19.997,0.10001,0.33493,5.3465,0.94155,TRUE,TRUE,"pLoF and missense constrained","pass","none",FALSE,FALSE,1,59.999,0,0,"[]","[]"
81,158,"RNF2",6045,"Q99496","RING","RING","","matched","gene symbol checked fallback","E3 source has NCBI GeneID but no Ensembl gene ID; matched to one selected Ensembl protein-coding gnomAD row by symbol.","RNF2","ENSG00000121481","ENST00000367510","ENST00000367510.8","MANE Select","chr1",185045558,185102603,0.31875,0.99997,6,37.152,0.1615,0.62128,3.2466,1.0024,TRUE,TRUE,"pLoF and missense constrained","pass","none",FALSE,FALSE,1,59.73,0.53968,0,"[]","[]"
82,217,"TRIM24",8805,"O15164","RING","RING","","matched","gene symbol checked fallback","E3 source has NCBI GeneID but no Ensembl gene ID; matched to one selected Ensembl protein-coding gnomAD row by symbol.","TRIM24","ENSG00000122779","ENST00000343526","ENST00000343526.9","MANE Select","chr7",138460259,138589996,0.31915,1,29,123.9,0.23407,0.71953,4.3051,0.98884,TRUE,TRUE,"pLoF and missense constrained","pass","none",FALSE,FALSE,0.9654,59.999,0,0,"[]","[]"
83,597,"DCAF4L1",285429,"Q3SXM0","CRL4 substrate receptor (DDB1-binding protein)","CRL4","","matched","gene symbol checked fallback","E3 source has NCBI GeneID but no Ensembl gene ID; matched to one selected Ensembl protein-coding gnomAD row by symbol.","DCAF4L1","ENSG00000182308","ENST00000333141","ENST00000333141.7","MANE Select","chr4",41981756,41986465,0.32503,0.99979,4,28.162,0.14204,0.654,3.3197,1.1879,TRUE,TRUE,"pLoF and missense constrained","pass","none",FALSE,FALSE,1,59.998,0,0,"[]","[]"
84,65,"MID1",4281,"O15344","RING","RING","","matched","gene symbol checked fallback","E3 source has NCBI GeneID but no Ensembl gene ID; matched to one selected Ensembl protein-coding gnomAD row by symbol.","MID1","ENSG00000101871","ENST00000317552","ENST00000317552.9","MANE Select","chrX",10445556,10620585,0.32563,0.99998,7,40.378,0.17336,0.65714,3.4557,1.0352,TRUE,TRUE,"pLoF and missense constrained","pass","none",FALSE,FALSE,0.9995,59.999,0.034483,0,"[]","[]"
85,355,"HERC1",8925,"Q15751","HECT E3 ligase","HECT","","matched","gene symbol checked fallback","E3 source has NCBI GeneID but no Ensembl gene ID; matched to one selected Ensembl protein-coding gnomAD row by symbol.","HERC1","ENSG00000103657","ENST00000443617","ENST00000443617.7","MANE Select","chr15",63608618,63833948,0.3291,1,160,554.31,0.28865,0.83113,5.5408,1.0203,TRUE,TRUE,"pLoF and missense constrained","pass","none",FALSE,FALSE,0.99959,59.999,0,0,"[]","[]"
86,44,"MAP3K1",4214,"Q13233","RING","RING","","matched","gene symbol checked fallback","E3 source has NCBI GeneID but no Ensembl gene ID; matched to one selected Ensembl protein-coding gnomAD row by symbol.","MAP3K1","ENSG00000095015","ENST00000399503","ENST00000399503.4","MANE Select","chr5",56815549,56896152,0.32975,1,36,144.17,0.2497,0.87676,2.28,1.0426,TRUE,FALSE,"pLoF constrained only","pass","none",FALSE,FALSE,0.8922,59.999,0,0.0061728,"[]","[]"
87,202,"TRAF3",7187,"Q13114","RING","RING","","matched","gene symbol checked fallback","E3 source has NCBI GeneID but no Ensembl gene ID; matched to one selected Ensembl protein-coding gnomAD row by symbol.","TRAF3","ENSG00000131323","ENST00000392745","ENST00000392745.8","MANE Select","chr14",102777449,102911500,0.33165,1,13,62.321,0.2086,0.59317,4.7256,0.94915,TRUE,TRUE,"pLoF and missense constrained","pass","none",FALSE,FALSE,1,59.999,0,0,"[]","[]"
88,203,"TRAF4",9618,"Q9BUZ4","RING","RING","","matched","gene symbol checked fallback","E3 source has NCBI GeneID but no Ensembl gene ID; matched to one selected Ensembl protein-coding gnomAD row by symbol.","TRAF4","ENSG00000076604","ENST00000262395","ENST00000262395.10","MANE Select","chr17",28744011,28750956,0.33216,0.99999,9,47.283,0.19034,0.72226,2.9501,0.996,TRUE,FALSE,"pLoF constrained only","pass","none",FALSE,FALSE,0.99574,59.635,0,0,"[]","[]"
89,21,"COP1",64326,"Q8NHY2","RING, CRL4 substrate receptor (DDB1-binding protein)","RING; CRL4","","matched","gene symbol checked fallback","E3 source has NCBI GeneID but no Ensembl gene ID; matched to one selected Ensembl protein-coding gnomAD row by symbol.","COP1","ENSG00000143207","ENST00000367669","ENST00000367669.8","MANE Select","chr1",175944831,176207286,0.33331,1,24,101.26,0.237,0.73164,3.4454,1.015,TRUE,TRUE,"pLoF and missense constrained","pass","none",FALSE,FALSE,0.90014,59.967,0,0,"[]","[]"
90,426,"FBXO5",26271,"Q9UKT4","CRL1 substrate receptor (F-box protein)","CRL1","","matched","gene symbol checked fallback","E3 source has NCBI GeneID but no Ensembl gene ID; matched to one selected Ensembl protein-coding gnomAD row by symbol.","FBXO5","ENSG00000112029","ENST00000229758","ENST00000229758.8","MANE Select","chr6",152970535,152983041,0.33344,0.99999,8,43.291,0.1848,0.91661,0.8231,1.0534,TRUE,FALSE,"pLoF constrained only","pass","none",FALSE,FALSE,0.97166,59.999,0,0,"[]","[]"
91,621,"WDR48",57599,"Q8TAF3","CRL4 substrate receptor (DDB1-binding protein)","CRL4","","matched","gene symbol checked fallback","E3 source has NCBI GeneID but no Ensembl gene ID; matched to one selected Ensembl protein-coding gnomAD row by symbol.","WDR48","ENSG00000114742","ENST00000302313","ENST00000302313.10","MANE Select","chr3",39052016,39096664,0.33427,1,22,93.979,0.23409,0.66476,4.0787,0.99112,TRUE,TRUE,"pLoF and missense constrained","pass","none",FALSE,FALSE,1,59.999,0,0,"[]","[]"
92,614,"TBL1X",6907,"O60907","CRL4 substrate receptor (DDB1-binding protein)","CRL4","","matched","gene symbol checked fallback","E3 source has NCBI GeneID but no Ensembl gene ID; matched to one selected Ensembl protein-coding gnomAD row by symbol.","TBL1X","ENSG00000101849","ENST00000645353","ENST00000645353.2","MANE Select","chrX",9465058,9719740,0.33457,1,10,50.699,0.19724,0.67402,3.1225,0.8848,TRUE,TRUE,"pLoF and missense constrained","pass","none",FALSE,FALSE,1,59.692,0,0,"[]","[]"
93,259,"TRIM61",391712,"Q5EBN2","RING","RING","","matched","gene symbol checked fallback","E3 source has NCBI GeneID but no Ensembl gene ID; matched to one selected Ensembl protein-coding gnomAD row by symbol.","TRIM61","ENSG00000183439","ENST00000329314","ENST00000329314.6","MANE Select","chr4",164954446,164977657,0.33497,0.9944,1,14.162,0.070611,0.093986,5.494,0.11172,FALSE,FALSE,"missing or flagged constraint","flagged","gene_flags=[""low_exome_mapping_quality""]",TRUE,TRUE,0.83732,42.213,0.83732,0,"[""low_exome_mapping_quality""]","[]"
94,285,"UHRF2",115426,"Q96PU4","RING","RING","","matched","gene symbol checked fallback","E3 source has NCBI GeneID but no Ensembl gene ID; matched to one selected Ensembl protein-coding gnomAD row by symbol.","UHRF2","ENSG00000147854","ENST00000276893","ENST00000276893.10","MANE Select","chr9",6413199,6507054,0.33671,1,23,96.775,0.23766,0.69789,4.0367,1.1577,TRUE,TRUE,"pLoF and missense constrained","pass","none",FALSE,FALSE,1,59.83,0.059435,0,"[]","[]"
95,220,"TRIM27",5987,"P14373","RING","RING","","matched","gene symbol checked fallback","E3 source has NCBI GeneID but no Ensembl gene ID; matched to one selected Ensembl protein-coding gnomAD row by symbol.","TRIM27","ENSG00000204713","ENST00000377199","ENST00000377199.4","MANE Select","chr6",28903002,28923985,0.33744,1,12,57.617,0.20827,0.61356,4.2239,1.0272,TRUE,TRUE,"pLoF and missense constrained","pass","none",FALSE,FALSE,1,59.999,0,0,"[]","[]"
96,136,"RNF145",153830,"Q96MT1","RING","RING","","matched","gene symbol checked fallback","E3 source has NCBI GeneID but no Ensembl gene ID; matched to one selected Ensembl protein-coding gnomAD row by symbol.","RNF145","ENSG00000145860","ENST00000424310","ENST00000424310.7","MANE Select","chr5",159157409,159209553,0.33956,1,12,57.258,0.20958,0.53691,5.5828,0.90875,TRUE,TRUE,"pLoF and missense constrained","pass","none",FALSE,FALSE,1,57.856,0,0,"[]","[]"
97,387,"FBXL19",54620,"Q6PCT2","CRL1 substrate receptor (F-box protein)","CRL1","","matched","gene symbol checked fallback","E3 source has NCBI GeneID but no Ensembl gene ID; matched to one selected Ensembl protein-coding gnomAD row by symbol.","FBXL19","ENSG00000099364","ENST00000338343","ENST00000338343.10","MANE Select","chr16",30923572,30948783,0.34128,1,16,71.207,0.2247,0.67964,4.2513,1.0917,TRUE,TRUE,"pLoF and missense constrained","pass","none",FALSE,FALSE,0.98615,59.997,0,0,"[]","[]"
98,178,"RNF38",152006,"Q9H0F5","RING","RING","","matched","gene symbol checked fallback","E3 source has NCBI GeneID but no Ensembl gene ID; matched to one selected Ensembl protein-coding gnomAD row by symbol.","RNF38","ENSG00000137075","ENST00000259605","ENST00000259605.11","MANE Select","chr9",36336400,36400269,0.34355,1,15,67.23,0.22311,0.81882,1.9547,1.0053,TRUE,FALSE,"pLoF constrained only","pass","none",FALSE,FALSE,1,59.999,0,0,"[]","[]"
99,512,"KBTBD6",89890,"Q86V97","CRL3 substrate receptor (BTB protein)","CRL3","","matched","gene symbol checked fallback","E3 source has NCBI GeneID but no Ensembl gene ID; matched to one selected Ensembl protein-coding gnomAD row by symbol.","KBTBD6","ENSG00000165572","ENST00000379485","ENST00000379485.2","MANE Select","chr13",41127569,41132802,0.34419,0.99989,6,34.406,0.17439,0.65067,4.3591,0.88019,TRUE,TRUE,"pLoF and missense constrained","pass","none",FALSE,FALSE,0.99951,56.625,0,0,"[]","[]"
100,336,"CUL9",23113,"Q8IWT3","RING-between-RING","RBR","","matched","gene symbol checked fallback","E3 source has NCBI GeneID but no Ensembl gene ID; matched to one selected Ensembl protein-coding gnomAD row by symbol.","CUL9","ENSG00000112659","ENST00000252050","ENST00000252050.9","MANE Select","chr6",43182196,43224587,0.3494,1,79,272.63,0.28977,0.77773,5.4087,0.92191,TRUE,TRUE,"pLoF and missense constrained","pass","none",FALSE,FALSE,0.99987,59.954,0,0,"[]","[]"
101,205,"TRAF6",7189,"Q9Y4K3","RING","RING","","matched","gene symbol checked fallback","E3 source has NCBI GeneID but no Ensembl gene ID; matched to one selected Ensembl protein-coding gnomAD row by symbol.","TRAF6","ENSG00000175104","ENST00000526995","ENST00000526995.6","MANE Select","chr11",36483769,36510272,0.35018,0.99999,10,48.439,0.20644,0.60062,4.3791,0.8469,TRUE,TRUE,"pLoF and missense constrained","pass","none",FALSE,FALSE,1,58.483,0.51724,0,"[]","[]"
102,644,"LRRC41",10489,"Q15345","CRL5 substrate receptor (BC-box protein with CUL5 box)","CRL5","","matched","gene symbol checked fallback","E3 source has NCBI GeneID but no Ensembl gene ID; matched to one selected Ensembl protein-coding gnomAD row by symbol.","LRRC41","ENSG00000132128","ENST00000617190","ENST00000617190.5","MANE Select","chr1",46277462,46303616,0.35375,1,17,72.082,0.23584,0.71269,3.9987,0.99074,TRUE,TRUE,"pLoF and missense constrained","pass","none",FALSE,FALSE,0.99425,59.998,0,0,"[]","[]"
103,85,"PCGF5",84333,"Q86SE9","RING","RING","","matched","gene symbol checked fallback","E3 source has NCBI GeneID but no Ensembl gene ID; matched to one selected Ensembl protein-coding gnomAD row by symbol.","PCGF5","ENSG00000180628","ENST00000336126","ENST00000336126.6","MANE Select","chr10",91220663,91284337,0.35456,0.99997,9,44.295,0.20318,0.47818,3.8887,0.92732,TRUE,TRUE,"pLoF and missense constrained","pass","none",FALSE,FALSE,0.98438,59.999,0,0,"[]","[]"
104,384,"FBXL16",146330,"Q8N461","CRL1 substrate receptor (F-box protein)","CRL1","","matched","gene symbol checked fallback","E3 source has NCBI GeneID but no Ensembl gene ID; matched to one selected Ensembl protein-coding gnomAD row by symbol.","FBXL16","ENSG00000127585","ENST00000397621","ENST00000397621.6","MANE Select","chr16",692500,705801,0.35828,0.99988,7,36.698,0.19074,0.70211,3.2625,1.15,TRUE,TRUE,"pLoF and missense constrained","pass","none",FALSE,FALSE,0.93598,59.996,0,0,"[]","[]"
105,433,"FBXW11",23291,"Q9UKB1","CRL1 substrate receptor (F-box protein)","CRL1","","matched","gene symbol checked fallback","E3 source has NCBI GeneID but no Ensembl gene ID; matched to one selected Ensembl protein-coding gnomAD row by symbol.","FBXW11","ENSG00000072803","ENST00000517395","ENST00000517395.6","MANE Select","chr5",171861549,172006638,0.35939,1,19,77.573,0.24493,0.47429,5.9499,0.94228,TRUE,TRUE,"pLoF and missense constrained","pass","none",FALSE,FALSE,1,59.912,0,0,"[]","[]"
106,239,"TRIM46",80128,"Q7Z4K8","RING","RING","","matched","gene symbol checked fallback","E3 source has NCBI GeneID but no Ensembl gene ID; matched to one selected Ensembl protein-coding gnomAD row by symbol.","TRIM46","ENSG00000163462","ENST00000334634","ENST00000334634.9","MANE Select","chr1",155173849,155184970,0.36568,1,17,69.731,0.24379,0.65845,4.6639,0.91149,TRUE,TRUE,"pLoF and missense constrained","pass","none",FALSE,FALSE,1,59.999,0,0,"[]","[]"
107,346,"RNF31",55072,"Q96EP0","RING-between-RING","RBR","","matched","gene symbol checked fallback","E3 source has NCBI GeneID but no Ensembl gene ID; matched to one selected Ensembl protein-coding gnomAD row by symbol.","RNF31","ENSG00000092098","ENST00000324103","ENST00000324103.11","MANE Select","chr14",24147498,24160655,0.37283,1,38,133.6,0.28444,0.80197,3.1534,1.0537,TRUE,TRUE,"pLoF and missense constrained","pass","none",FALSE,FALSE,1,59.999,0,0,"[]","[]"
108,548,"KLHL29",114818,"Q96CT2","CRL3 substrate receptor (BTB protein)","CRL3","","matched","gene symbol checked fallback","E3 source has NCBI GeneID but no Ensembl gene ID; matched to one selected Ensembl protein-coding gnomAD row by symbol.","KLHL29","ENSG00000119771","ENST00000486442","ENST00000486442.6","MANE Select","chr2",23385179,23708606,0.37626,1,21,80.372,0.26128,0.70839,4.351,0.97003,TRUE,TRUE,"pLoF and missense constrained","pass","none",FALSE,FALSE,0.96724,59.998,0,0,"[]","[]"
109,406,"FBXO28",23219,"Q9NVF7","CRL1 substrate receptor (F-box protein)","CRL1","","matched","gene symbol checked fallback","E3 source has NCBI GeneID but no Ensembl gene ID; matched to one selected Ensembl protein-coding gnomAD row by symbol.","FBXO28","ENSG00000143756","ENST00000366862","ENST00000366862.10","MANE Select","chr1",224114111,224162047,0.37856,0.99981,8,38.131,0.2098,0.74909,2.2965,0.96642,TRUE,FALSE,"pLoF constrained only","pass","none",FALSE,FALSE,1,59.998,0,0,"[]","[]"
110,655,"SOCS6",9306,"O14544","CRL5 substrate receptor (BC-box protein with CUL5 box)","CRL5","","matched","gene symbol checked fallback","E3 source has NCBI GeneID but no Ensembl gene ID; matched to one selected Ensembl protein-coding gnomAD row by symbol.","SOCS6","ENSG00000170677","ENST00000397942","ENST00000397942.4","MANE Select","chr18",70289045,70330199,0.37965,0.99912,5,27.692,0.18056,0.86471,1.5136,1.0424,TRUE,FALSE,"pLoF constrained only","pass","none",FALSE,FALSE,1,59.803,1,0,"[]","[]"
111,53,"MARCHF7",64844,"Q9H992","RING","RING","","matched","gene symbol checked fallback","E3 source has NCBI GeneID but no Ensembl gene ID; matched to one selected Ensembl protein-coding gnomAD row by symbol.","MARCHF7","ENSG00000136536","ENST00000409175","ENST00000409175.6","MANE Select","chr2",159712506,159771027,0.37992,1,20,76.496,0.26145,0.98044,0.23784,1.0069,TRUE,FALSE,"pLoF constrained only","pass","none",FALSE,FALSE,1,60,0,0,"[]","[]"
112,31,"GTF2H2",2966,"Q13888","RING","RING","","matched","gene symbol checked fallback","E3 source has NCBI GeneID but no Ensembl gene ID; matched to one selected Ensembl protein-coding gnomAD row by symbol.","GTF2H2","ENSG00000145736","ENST00000274400","ENST00000274400.9","Ensembl canonical","chr5",71032670,71067601,0.38045,0.99421,2,16.548,0.12086,0.14596,4.2636,0.18137,FALSE,FALSE,"missing or flagged constraint","flagged","gene_flags=[""low_exome_mapping_quality""]",TRUE,TRUE,0.11646,30.674,1,0,"[""low_exome_mapping_quality""]","[]"
113,242,"TRIM49",57093,"P0CI25","RING","RING","","matched","gene symbol checked fallback","E3 source has NCBI GeneID but no Ensembl gene ID; matched to one selected Ensembl protein-coding gnomAD row by symbol.","TRIM49","ENSG00000168930","ENST00000329758","ENST00000329758.5","MANE Select","chr11",89797655,89808575,0.38406,0.99896,5,27.374,0.18266,0.38561,5.7856,0.41571,FALSE,FALSE,"missing or flagged constraint","flagged","gene_flags=[""low_exome_mapping_quality""]",TRUE,TRUE,0.70133,35.791,1,0,"[""low_exome_mapping_quality""]","[]"
114,314,"ZMIZ2",83637,"Q8NF64","Degenerate RING (SP-RING), SUMO E3","degenerate RING","","matched","gene symbol checked fallback","E3 source has NCBI GeneID but no Ensembl gene ID; matched to one selected Ensembl protein-coding gnomAD row by symbol.","ZMIZ2","ENSG00000122515","ENST00000309315","ENST00000309315.9","MANE Select","chr7",44748847,44769881,0.38431,1,26,93.873,0.27697,0.82836,2.5725,0.93924,TRUE,FALSE,"pLoF constrained only","pass","none",FALSE,FALSE,0.98225,59.989,0,0.022464,"[]","[]"
115,213,"TRIM2",23321,"Q9C040","RING","RING","","matched","gene symbol checked fallback","E3 source has NCBI GeneID but no Ensembl gene ID; matched to one selected Ensembl protein-coding gnomAD row by symbol.","TRIM2","ENSG00000109654","ENST00000338700","ENST00000338700.10","MANE Select","chr4",153204443,153339317,0.38647,1,20,75.198,0.26596,0.66613,4.4821,0.96055,TRUE,TRUE,"pLoF and missense constrained","pass","none",FALSE,FALSE,1,60,0,0,"[]","[]"
116,531,"KLHL10",317719,"Q6JEL2","CRL3 substrate receptor (BTB protein)","CRL3","","matched","gene symbol checked fallback","E3 source has NCBI GeneID but no Ensembl gene ID; matched to one selected Ensembl protein-coding gnomAD row by symbol.","KLHL10","ENSG00000161594","ENST00000293303","ENST00000293303.5","MANE Select","chr17",41837825,41848384,0.39081,0.99989,11,46.589,0.23611,0.6014,4.7776,0.90998,TRUE,TRUE,"pLoF and missense constrained","pass","none",FALSE,FALSE,1,59.999,0,0,"[]","[]"
117,583,"BRWD1",54014,"Q9NSI6","CRL4 substrate receptor (DDB1-binding protein)","CRL4","","matched","gene symbol checked fallback","E3 source has NCBI GeneID but no Ensembl gene ID; matched to one selected Ensembl protein-coding gnomAD row by symbol.","BRWD1","ENSG00000185658","ENST00000342449","ENST00000342449.8","MANE Select","chr21",39185482,39313632,0.39226,1,82,251.19,0.32645,0.82349,3.92,1.0169,TRUE,TRUE,"pLoF and missense constrained","pass","none",FALSE,FALSE,0.9928,59.997,0.022183,0,"[]","[]"
118,407,"FBXO3",26273,"Q9UK99","CRL1 substrate receptor (F-box protein)","CRL1","","matched","gene symbol checked fallback","E3 source has NCBI GeneID but no Ensembl gene ID; matched to one selected Ensembl protein-coding gnomAD row by symbol.","FBXO3","ENSG00000110429","ENST00000265651","ENST00000265651.8","MANE Select","chr11",33740944,33774520,0.39347,0.99998,17,64.806,0.26232,0.71202,2.9829,0.90294,TRUE,FALSE,"pLoF constrained only","pass","none",FALSE,FALSE,1,59.999,0,0,"[]","[]"
119,549,"KLHL3",26249,"Q9UH77","CRL3 substrate receptor (BTB protein)","CRL3","","matched","gene symbol checked fallback","E3 source has NCBI GeneID but no Ensembl gene ID; matched to one selected Ensembl protein-coding gnomAD row by symbol.","KLHL3","ENSG00000146021","ENST00000309755","ENST00000309755.9","MANE Select","chr5",137617500,137736089,0.39572,0.99999,19,70.452,0.26969,0.66399,3.9793,0.88866,TRUE,TRUE,"pLoF and missense constrained","pass","none",FALSE,FALSE,1,60,0,0,"[]","[]"
120,84,"PCGF3",10336,"Q3KNV8","RING","RING","","matched","gene symbol checked fallback","E3 source has NCBI GeneID but no Ensembl gene ID; matched to one selected Ensembl protein-coding gnomAD row by symbol.","PCGF3","ENSG00000185619","ENST00000362003","ENST00000362003.9","Ensembl canonical","chr4",705765,770640,0.39667,0.99932,7,33.147,0.21118,0.67355,2.4642,1.2611,TRUE,FALSE,"pLoF constrained only","pass","none",FALSE,FALSE,1,59.984,0.0082645,0,"[]","[]"
121,13,"CBLB",868,"Q13191","RING","RING","","matched","gene symbol checked fallback","E3 source has NCBI GeneID but no Ensembl gene ID; matched to one selected Ensembl protein-coding gnomAD row by symbol.","CBLB","ENSG00000114423","ENST00000394030","ENST00000394030.8","MANE Select","chr3",105655461,105869012,0.39869,1,31,104.94,0.29542,0.87438,1.8671,1.0413,TRUE,FALSE,"pLoF constrained only","pass","none",FALSE,FALSE,0.98846,59.996,0,0,"[]","[]"
122,663,"WSB2",55884,"Q9NYS7","CRL5 substrate receptor (BC-box protein with CUL5 box)","CRL5","","matched","gene symbol checked fallback","E3 source has NCBI GeneID but no Ensembl gene ID; matched to one selected Ensembl protein-coding gnomAD row by symbol.","WSB2","ENSG00000176871","ENST00000315436","ENST00000315436.8","MANE Select","chr12",118032687,118061179,0.39879,0.99987,12,48.754,0.24614,0.62621,3.5867,0.94044,TRUE,TRUE,"pLoF and missense constrained","pass","none",FALSE,FALSE,0.98927,60,0,0,"[]","[]"
123,575,"SPOP",8405,"O43791","CRL3 substrate receptor (BTB protein)","CRL3","","matched","gene symbol checked fallback","E3 source has NCBI GeneID but no Ensembl gene ID; matched to one selected Ensembl protein-coding gnomAD row by symbol.","SPOP","ENSG00000121067","ENST00000504102","ENST00000504102.6","MANE Select","chr17",49598884,49678097,0.39936,0.99982,11,45.592,0.24127,0.32646,6.1983,0.99842,TRUE,TRUE,"pLoF and missense constrained","pass","none",FALSE,FALSE,1,59.994,0,0,"[]","[]"
124,83,"PCGF2",7703,"P35227","RING","RING","","matched","gene symbol checked fallback","E3 source has NCBI GeneID but no Ensembl gene ID; matched to one selected Ensembl protein-coding gnomAD row by symbol.","PCGF2","ENSG00000277258","ENST00000620225","ENST00000620225.5","MANE Select","chr17",38733898,38748336,0.3995,0.99948,8,36.132,0.22141,0.91612,0.78047,1.0357,TRUE,FALSE,"pLoF constrained only","pass","none",FALSE,FALSE,0.93411,59.995,0,0,"[]","[]"
125,309,"PIAS2",9063,"O75928","Degenerate RING (SP-RING), SUMO E3","degenerate RING","","matched","gene symbol checked fallback","E3 source has NCBI GeneID but no Ensembl gene ID; matched to one selected Ensembl protein-coding gnomAD row by symbol.","PIAS2","ENSG00000078043","ENST00000585916","ENST00000585916.6","MANE Select","chr18",46803218,46917507,0.39999,0.99998,19,69.7,0.2726,0.82436,2.0609,0.99152,TRUE,FALSE,"pLoF constrained only","pass","none",FALSE,FALSE,0.96887,59.999,0,0,"[]","[]"
126,9,"BMI1",648,"P35226","RING","RING","","matched","gene symbol checked fallback","E3 source has NCBI GeneID but no Ensembl gene ID; matched to one selected Ensembl protein-coding gnomAD row by symbol.","BMI1","ENSG00000168283","ENST00000376663","ENST00000376663.8","MANE Select","chr10",22321099,22331484,0.40173,0.9996,9,39.094,0.23022,0.64483,2.9944,1.0241,TRUE,FALSE,"pLoF constrained only","pass","none",FALSE,FALSE,1,59.999,0,0,"[]","[]"
127,35,"IRF2BPL",64207,"Q9H1B7","RING","RING","","matched","gene symbol checked fallback","E3 source has NCBI GeneID but no Ensembl gene ID; matched to one selected Ensembl protein-coding gnomAD row by symbol.","IRF2BPL","ENSG00000119669","ENST00000238647","ENST00000238647.5","MANE Select","chr14",77024543,77028708,0.40383,0.99987,13,51.181,0.254,1.0884,-1.2565,1.5082,FALSE,FALSE,"missing or flagged constraint","flagged","constraint_flags=[""outlier_syn""]",FALSE,FALSE,0.88107,59.91,0,0.054858,"[]","[""outlier_syn""]"
128,33,"IRF2BP1",26145,"Q8IU81","RING","RING","","matched","gene symbol checked fallback","E3 source has NCBI GeneID but no Ensembl gene ID; matched to one selected Ensembl protein-coding gnomAD row by symbol.","IRF2BP1","ENSG00000170604","ENST00000302165","ENST00000302165.5","MANE Select","chr19",45883608,45886141,0.407,0.99948,9,38.588,0.23324,0.76065,2.9402,1.0849,TRUE,FALSE,"pLoF constrained only","pass","none",FALSE,FALSE,0.95491,59.998,0,0,"[]","[]"
129,198,"SYVN1",84447,"Q86TM6","RING","RING","","matched","gene symbol checked fallback","E3 source has NCBI GeneID but no Ensembl gene ID; matched to one selected Ensembl protein-coding gnomAD row by symbol.","SYVN1","ENSG00000162298","ENST00000377190","ENST00000377190.8","MANE Select","chr11",65127279,65134519,0.40714,0.99994,17,62.63,0.27144,0.77502,2.7443,1.0395,TRUE,FALSE,"pLoF constrained only","pass","none",FALSE,FALSE,0.98757,59.992,0,0.011885,"[]","[]"
130,112,"RING1",6015,"Q06587","RING","RING","","matched","gene symbol checked fallback","E3 source has NCBI GeneID but no Ensembl gene ID; matched to one selected Ensembl protein-coding gnomAD row by symbol.","RING1","ENSG00000204227","ENST00000374656","ENST00000374656.5","MANE Select","chr6",33208500,33212716,0.41281,0.99907,8,34.966,0.22879,0.62734,3.7163,0.95414,TRUE,TRUE,"pLoF and missense constrained","pass","none",FALSE,FALSE,0.9844,59.993,0,0,"[]","[]"
131,181,"RNF40",9810,"O75150","RING","RING","","matched","gene symbol checked fallback","E3 source has NCBI GeneID but no Ensembl gene ID; matched to one selected Ensembl protein-coding gnomAD row by symbol.","RNF40","ENSG00000103549","ENST00000324685","ENST00000324685.11","MANE Select","chr16",30762322,30776307,0.41314,1,39,123.3,0.31631,0.75993,3.7198,1.0227,TRUE,TRUE,"pLoF and missense constrained","pass","none",FALSE,FALSE,1,59.999,0,0,"[]","[]"
132,353,"HECW1",23072,"Q76N89","HECT E3 ligase","HECT","","matched","gene symbol checked fallback","E3 source has NCBI GeneID but no Ensembl gene ID; matched to one selected Ensembl protein-coding gnomAD row by symbol.","HECW1","ENSG00000002746","ENST00000395891","ENST00000395891.7","MANE Select","chr7",43112647,43566001,0.41417,1,61,182.28,0.33465,0.82459,3.4355,1.0317,TRUE,TRUE,"pLoF and missense constrained","pass","none",FALSE,FALSE,0.99626,59.998,0,0,"[]","[]"
133,121,"RNF114",55905,"Q9Y508","RING","RING","","matched","gene symbol checked fallback","E3 source has NCBI GeneID but no Ensembl gene ID; matched to one selected Ensembl protein-coding gnomAD row by symbol.","RNF114","ENSG00000124226","ENST00000244061","ENST00000244061.6","MANE Select","chr20",49936397,49953885,0.4165,0.99792,6,28.433,0.21102,0.79881,1.5149,0.98582,TRUE,FALSE,"pLoF constrained only","pass","none",FALSE,FALSE,1,59.998,0,0,"[]","[]"
134,283,"UBR3",130507,"Q6ZT12","RING","RING","","matched","gene symbol checked fallback","E3 source has NCBI GeneID but no Ensembl gene ID; matched to one selected Ensembl protein-coding gnomAD row by symbol.","UBR3","ENSG00000144357","ENST00000272793","ENST00000272793.11","MANE Select","chr2",169827454,170084131,0.41868,1,85,243.15,0.34958,0.73278,5.4667,0.93529,TRUE,TRUE,"pLoF and missense constrained","pass","none",FALSE,FALSE,0.92355,59.994,0,0,"[]","[]"
135,533,"KLHL12",59349,"Q53G59","CRL3 substrate receptor (BTB protein)","CRL3","","matched","gene symbol checked fallback","E3 source has NCBI GeneID but no Ensembl gene ID; matched to one selected Ensembl protein-coding gnomAD row by symbol.","KLHL12","ENSG00000117153","ENST00000367261","ENST00000367261.8","MANE Select","chr1",202891120,202927234,0.41911,0.99986,17,60.842,0.27941,0.64791,4.0358,0.87698,TRUE,TRUE,"pLoF and missense constrained","pass","none",FALSE,FALSE,1,59.282,0.18251,0,"[]","[]"
136,370,"UBE3C",9690,"Q15386","HECT E3 ligase","HECT","","matched","gene symbol checked fallback","E3 source has NCBI GeneID but no Ensembl gene ID; matched to one selected Ensembl protein-coding gnomAD row by symbol.","UBE3C","ENSG00000009335","ENST00000348165","ENST00000348165.10","MANE Select","chr7",157138926,157269370,0.41988,1,42,129.38,0.32462,0.79527,3.1712,1.0357,TRUE,TRUE,"pLoF and missense constrained","pass","none",FALSE,FALSE,1,59.999,0,0,"[]","[]"
137,618,"WDR1",9948,"O75083","CRL4 substrate receptor (DDB1-binding protein)","CRL4","","matched","gene symbol checked fallback","E3 source has NCBI GeneID but no Ensembl gene ID; matched to one selected Ensembl protein-coding gnomAD row by symbol.","WDR1","ENSG00000071127","ENST00000499869","ENST00000499869.7","MANE Select","chr4",10074339,10116799,0.42035,0.99992,21,71.94,0.29191,0.84414,1.9087,1.2205,TRUE,FALSE,"pLoF constrained only","pass","none",FALSE,FALSE,0.98185,59.999,0,0,"[]","[]"
138,297,"ZNRF1",84937,"Q8ND25","RING","RING","","matched","gene symbol checked fallback","E3 source has NCBI GeneID but no Ensembl gene ID; matched to one selected Ensembl protein-coding gnomAD row by symbol.","ZNRF1","ENSG00000186187","ENST00000335325","ENST00000335325.9","MANE Select","chr16",74999024,75110994,0.42195,0.99209,3,18.376,0.16326,0.93989,0.4656,1.089,TRUE,FALSE,"pLoF constrained only","pass","none",FALSE,FALSE,0.75771,59.999,0,0,"[]","[]"
139,435,"FBXW2",26190,"Q9UKT8","CRL1 substrate receptor (F-box protein)","CRL1","","matched","gene symbol checked fallback","E3 source has NCBI GeneID but no Ensembl gene ID; matched to one selected Ensembl protein-coding gnomAD row by symbol.","FBXW2","ENSG00000119402","ENST00000608872","ENST00000608872.6","MANE Select","chr9",120756974,120793416,0.42256,0.99949,12,46.011,0.26081,0.67037,3.2578,0.96831,TRUE,TRUE,"pLoF and missense constrained","pass","none",FALSE,FALSE,0.9978,59.99,0,0,"[]","[]"
140,303,"GTF2H2C",728340,"Q6P1K8","RING","RING","","matched","gene symbol checked fallback","E3 source has NCBI GeneID but no Ensembl gene ID; matched to one selected Ensembl protein-coding gnomAD row by symbol.","GTF2H2C","ENSG00000183474","ENST00000380729","ENST00000380729.8","MANE Select","chr5",69560191,69595221,0.42472,0.99617,5,24.753,0.202,0.26509,4.0836,0.26591,FALSE,FALSE,"missing or flagged constraint","flagged","gene_flags=[""low_exome_mapping_quality""]",TRUE,TRUE,0.24641,32.138,1,0,"[""low_exome_mapping_quality""]","[]"
141,289,"VPS18",57617,"Q9P253","RING","RING","","matched","gene symbol checked fallback","E3 source has NCBI GeneID but no Ensembl gene ID; matched to one selected Ensembl protein-coding gnomAD row by symbol.","VPS18","ENSG00000104142","ENST00000220509","ENST00000220509.10","MANE Select","chr15",40894450,40903975,0.42581,0.99993,25,82,0.30488,0.89084,1.6858,0.96318,TRUE,FALSE,"pLoF constrained only","pass","none",FALSE,FALSE,1,59.999,0,0,"[]","[]"
142,191,"SCAF11",9169,"Q99590","RING","RING","","matched","gene symbol checked fallback","E3 source has NCBI GeneID but no Ensembl gene ID; matched to one selected Ensembl protein-coding gnomAD row by symbol.","SCAF11","ENSG00000139218","ENST00000369367","ENST00000369367.8","MANE Select","chr12",45919131,45990574,0.42664,0.99999,47,140.48,0.33456,0.96477,0.62042,0.96136,TRUE,FALSE,"pLoF constrained only","pass","none",FALSE,FALSE,0.99066,59.998,0,0,"[]","[]"
143,602,"DCAF8",50717,"Q5TAQ9","CRL4 substrate receptor (DDB1-binding protein)","CRL4","","matched","gene symbol checked fallback","E3 source has NCBI GeneID but no Ensembl gene ID; matched to one selected Ensembl protein-coding gnomAD row by symbol.","DCAF8","ENSG00000132716","ENST00000368074","ENST00000368074.6","MANE Select","chr1",160215720,160262549,0.42717,0.99984,20,68.034,0.29397,0.59661,4.7771,0.83076,TRUE,TRUE,"pLoF and missense constrained","pass","none",FALSE,FALSE,1,59.996,0,0,"[]","[]"
144,200,"TOPORS",10210,"Q9NS56","RING","RING","","matched","gene symbol checked fallback","E3 source has NCBI GeneID but no Ensembl gene ID; matched to one selected Ensembl protein-coding gnomAD row by symbol.","TOPORS","ENSG00000197579","ENST00000360538","ENST00000360538.7","MANE Select","chr9",32540544,32552586,0.42892,0.99991,25,81.405,0.30711,0.86895,1.9895,1.036,TRUE,FALSE,"pLoF constrained only","pass","none",FALSE,FALSE,1,59.999,0,0,"[]","[]"
145,354,"HECW2",57520,"Q9P2P5","HECT E3 ligase","HECT","","matched","gene symbol checked fallback","E3 source has NCBI GeneID but no Ensembl gene ID; matched to one selected Ensembl protein-coding gnomAD row by symbol.","HECW2","ENSG00000138411","ENST00000644978","ENST00000644978.2","MANE Select","chr2",196194072,196593554,0.43091,0.99999,61,175.2,0.34818,0.76183,4.5432,0.91795,TRUE,TRUE,"pLoF and missense constrained","pass","none",FALSE,FALSE,1,59.998,0,0,"[]","[]"
146,471,"PRAMEF9",343070,"P0DUQ2","CRL2 substrate receptor (BC-CUL2-box)","CRL2","","matched","gene symbol checked fallback","E3 source has NCBI GeneID but no Ensembl gene ID; matched to one selected Ensembl protein-coding gnomAD row by symbol.","PRAMEF9","ENSG00000204505","ENST00000415919","ENST00000415919.3","MANE Select","chr1",13171848,13179459,0.43569,0.97172,1,10.888,0.091844,0.33177,5.5539,0.26975,FALSE,FALSE,"missing or flagged constraint","flagged","gene_flags=[""low_exome_mapping_quality""]; constraint_flags=[""outlier_syn""]",TRUE,TRUE,0.35425,29.722,1,0,"[""low_exome_mapping_quality""]","[""outlier_syn""]"
147,82,"PCGF1",84759,"Q9BSM1","RING","RING","","matched","gene symbol checked fallback","E3 source has NCBI GeneID but no Ensembl gene ID; matched to one selected Ensembl protein-coding gnomAD row by symbol.","PCGF1","ENSG00000115289","ENST00000233630","ENST00000233630.11","MANE Select","chr2",74505043,74507695,0.43752,0.99838,10,38.769,0.25794,0.69387,2.377,0.98127,TRUE,FALSE,"pLoF constrained only","pass","none",FALSE,FALSE,1,59.977,0,0,"[]","[]"
148,5,"BIRC2",329,"Q13490","RING","RING","","matched","gene symbol checked fallback","E3 source has NCBI GeneID but no Ensembl gene ID; matched to one selected Ensembl protein-coding gnomAD row by symbol.","BIRC2","ENSG00000110330","ENST00000227758","ENST00000227758.7","MANE Select","chr11",102347214,102378670,0.43849,0.99952,18,60.872,0.2957,0.96232,0.43378,1.1385,TRUE,FALSE,"pLoF constrained only","pass","none",FALSE,FALSE,1,59.992,0,0,"[]","[]"
149,542,"KLHL22",84861,"Q53GT1","CRL3 substrate receptor (BTB protein)","CRL3","","matched","gene symbol checked fallback","E3 source has NCBI GeneID but no Ensembl gene ID; matched to one selected Ensembl protein-coding gnomAD row by symbol.","KLHL22","ENSG00000099910","ENST00000328879","ENST00000328879.9","MANE Select","chr22",20441519,20495795,0.43956,0.99948,18,60.724,0.29642,0.69927,3.7444,1.0013,TRUE,TRUE,"pLoF and missense constrained","pass","none",FALSE,FALSE,0.99737,59.999,0,0,"[]","[]"
150,454,"FEM1B",10116,"Q9UK73","CRL2 substrate receptor (BC-CUL2-box), CRL5 substrate receptor (BC-CUL5-box)","CRL2; CRL5","","matched","gene symbol checked fallback","E3 source has NCBI GeneID but no Ensembl gene ID; matched to one selected Ensembl protein-coding gnomAD row by symbol.","FEM1B","ENSG00000169018","ENST00000306917","ENST00000306917.5","MANE Select","chr15",68277745,68295862,0.43986,0.9982,10,38.562,0.25932,0.59871,4.8003,1.0001,TRUE,TRUE,"pLoF and missense constrained","pass","none",FALSE,FALSE,1,59.999,0,0,"[]","[]"
151,286,"UNK",85451,"Q9C0B0","RING","RING","","matched","gene symbol checked fallback","E3 source has NCBI GeneID but no Ensembl gene ID; matched to one selected Ensembl protein-coding gnomAD row by symbol.","UNK","ENSG00000132478","ENST00000589666","ENST00000589666.6","MANE Select","chr17",75784806,75825799,0.44049,0.99985,32,97.579,0.32794,0.70194,4.213,0.95619,TRUE,TRUE,"pLoF and missense constrained","pass","none",FALSE,FALSE,0.99877,59.999,0,0,"[]","[]"
152,282,"UBR2",23304,"Q8IWV8","RING","RING","","matched","gene symbol checked fallback","E3 source has NCBI GeneID but no Ensembl gene ID; matched to one selected Ensembl protein-coding gnomAD row by symbol.","UBR2","ENSG00000024048","ENST00000372901","ENST00000372901.2","MANE Select","chr6",42564029,42693505,0.44139,0.99996,92,247.88,0.37115,0.7635,4.6361,0.96896,TRUE,TRUE,"pLoF and missense constrained","pass","none",FALSE,FALSE,0.99943,59.998,0,0,"[]","[]"
153,505,"IVNS1ABP",10625,"Q9Y6Y0","CRL3 substrate receptor (BTB protein)","CRL3","","matched","gene symbol checked fallback","E3 source has NCBI GeneID but no Ensembl gene ID; matched to one selected Ensembl protein-coding gnomAD row by symbol.","IVNS1ABP","ENSG00000116679","ENST00000367498","ENST00000367498.8","MANE Select","chr1",185296388,185317243,0.44246,0.99968,25,78.913,0.3168,0.64251,4.2277,0.92804,TRUE,TRUE,"pLoF and missense constrained","pass","none",FALSE,FALSE,1,59.998,0,0,"[]","[]"
154,190,"RSPRY1",89970,"Q96DX4","RING","RING","","matched","gene symbol checked fallback","E3 source has NCBI GeneID but no Ensembl gene ID; matched to one selected Ensembl protein-coding gnomAD row by symbol.","RSPRY1","ENSG00000159579","ENST00000394420","ENST00000394420.9","MANE Select","chr16",57186329,57240469,0.4459,0.9995,23,73.078,0.31473,0.64117,4.0453,0.89908,TRUE,TRUE,"pLoF and missense constrained","pass","none",FALSE,FALSE,1,59.999,0,0,"[]","[]"
155,509,"KBTBD2",25948,"Q8IY47","CRL3 substrate receptor (BTB protein)","CRL3","","matched","gene symbol checked fallback","E3 source has NCBI GeneID but no Ensembl gene ID; matched to one selected Ensembl protein-coding gnomAD row by symbol.","KBTBD2","ENSG00000170852","ENST00000304056","ENST00000304056.9","MANE Select","chr7",32868172,32891760,0.44695,0.99905,17,57.051,0.29798,0.68609,3.6679,1.0162,TRUE,TRUE,"pLoF and missense constrained","pass","none",FALSE,FALSE,1,59.999,0,0,"[]","[]"
156,66,"MID2",11043,"Q9UJV3","RING","RING","","matched","gene symbol checked fallback","E3 source has NCBI GeneID but no Ensembl gene ID; matched to one selected Ensembl protein-coding gnomAD row by symbol.","MID2","ENSG00000080561","ENST00000262843","ENST00000262843.11","MANE Select","chrX",107825866,107931637,0.44873,0.99831,13,46.06,0.28224,0.74901,2.5678,0.93714,TRUE,FALSE,"pLoF constrained only","pass","none",FALSE,FALSE,1,59.999,0,0,"[]","[]"
157,197,"SIAH2",6478,"O43255","RING","RING","","matched","gene symbol checked fallback","E3 source has NCBI GeneID but no Ensembl gene ID; matched to one selected Ensembl protein-coding gnomAD row by symbol.","SIAH2","ENSG00000181788","ENST00000312960","ENST00000312960.4","MANE Select","chr3",150741125,150763169,0.44933,0.99006,4,20.371,0.19635,0.58823,3.685,0.88822,TRUE,TRUE,"pLoF and missense constrained","pass","none",FALSE,FALSE,0.80556,59.999,0,0,"[]","[]"
158,299,"ZNRF3",84133,"Q9ULT6","RING","RING","","matched","gene symbol checked fallback","E3 source has NCBI GeneID but no Ensembl gene ID; matched to one selected Ensembl protein-coding gnomAD row by symbol.","ZNRF3","ENSG00000183579","ENST00000544604","ENST00000544604.7","MANE Select","chr22",28883572,29057488,0.4495,0.99933,23,72.493,0.31727,0.91894,1.233,1.1187,TRUE,FALSE,"pLoF constrained only","pass","none",FALSE,FALSE,0.89316,59.996,0,0.02849,"[]","[]"
159,350,"HECTD2",143279,"Q5U5R9","HECT E3 ligase","HECT","","matched","gene symbol checked fallback","E3 source has NCBI GeneID but no Ensembl gene ID; matched to one selected Ensembl protein-coding gnomAD row by symbol.","HECTD2","ENSG00000165338","ENST00000298068","ENST00000298068.10","MANE Select","chr10",91410344,91514820,0.44957,0.99963,35,103.22,0.33909,0.63579,4.7559,0.8517,TRUE,TRUE,"pLoF and missense constrained","pass","none",FALSE,FALSE,0.94029,59.999,0,0,"[]","[]"
160,656,"SOCS7",30837,"O14512","CRL5 substrate receptor (BC-box protein with CUL5 box)","CRL5","","matched","gene symbol checked fallback","E3 source has NCBI GeneID but no Ensembl gene ID; matched to one selected Ensembl protein-coding gnomAD row by symbol.","SOCS7","ENSG00000274211","ENST00000612932","ENST00000612932.6","MANE Select","chr17",38351844,38405593,0.45313,0.99872,18,58.906,0.30557,0.79664,2.5097,1.065,FALSE,FALSE,"no strong pLoF/missense signal","pass","none",FALSE,FALSE,0.85393,59.998,0,0.013953,"[]","[]"
161,333,"ANKIB1",54467,"Q9P2G1","RING-between-RING","RBR","","matched","gene symbol checked fallback","E3 source has NCBI GeneID but no Ensembl gene ID; matched to one selected Ensembl protein-coding gnomAD row by symbol.","ANKIB1","ENSG00000001629","ENST00000265742","ENST00000265742.8","MANE Select","chr7",92245974,92401383,0.4541,0.99946,43,122.11,0.35215,0.74616,3.9473,0.88234,FALSE,TRUE,"missense constrained only","pass","none",FALSE,FALSE,1,59.998,0,0,"[]","[]"
162,364,"NEDD4L",23327,"Q96PU5","HECT E3 ligase","HECT","","matched","gene symbol checked fallback","E3 source has NCBI GeneID but no Ensembl gene ID; matched to one selected Ensembl protein-coding gnomAD row by symbol.","NEDD4L","ENSG00000049759","ENST00000400345","ENST00000400345.8","MANE Select","chr18",58044226,58401539,0.45493,0.99939,54,148.9,0.36265,0.69381,4.5869,0.98259,FALSE,TRUE,"missense constrained only","pass","none",FALSE,FALSE,0.99385,59.999,0,0,"[]","[]"
163,534,"KLHL13",90293,"Q9P2N7","CRL3 substrate receptor (BTB protein)","CRL3","","matched","gene symbol checked fallback","E3 source has NCBI GeneID but no Ensembl gene ID; matched to one selected Ensembl protein-coding gnomAD row by symbol.","KLHL13","ENSG00000003096","ENST00000262820","ENST00000262820.7","Ensembl canonical","chrX",117897814,117973738,0.45752,0.99623,10,37.074,0.26973,0.7069,2.821,0.89931,FALSE,FALSE,"no strong pLoF/missense signal","pass","none",FALSE,FALSE,0.99084,59.988,0,0,"[]","[]"
164,101,"RC3H1",149041,"Q5TC82","RING","RING","","matched","gene symbol checked fallback","E3 source has NCBI GeneID but no Ensembl gene ID; matched to one selected Ensembl protein-coding gnomAD row by symbol.","RC3H1","ENSG00000135870","ENST00000367696","ENST00000367696.7","MANE Select","chr1",173931084,174022357,0.45808,0.99903,50,138.16,0.36191,0.74275,4.0875,0.94462,FALSE,TRUE,"missense constrained only","pass","none",FALSE,FALSE,0.99912,59.999,0,0,"[]","[]"
165,165,"RNF214",257160,"Q8ND24","RING","RING","","matched","gene symbol checked fallback","E3 source has NCBI GeneID but no Ensembl gene ID; matched to one selected Ensembl protein-coding gnomAD row by symbol.","RNF214","ENSG00000167257","ENST00000300650","ENST00000300650.9","MANE Select","chr11",117232671,117286454,0.45987,0.99859,25,75.925,0.32927,0.84548,1.9297,1.017,FALSE,FALSE,"no strong pLoF/missense signal","pass","none",FALSE,FALSE,1,59.999,0,0,"[]","[]"
166,391,"FBXL5",26234,"Q9UKA1","CRL1 substrate receptor (F-box protein)","CRL1","","matched","gene symbol checked fallback","E3 source has NCBI GeneID but no Ensembl gene ID; matched to one selected Ensembl protein-coding gnomAD row by symbol.","FBXL5","ENSG00000118564","ENST00000341285","ENST00000341285.8","MANE Select","chr4",15604381,15655357,0.46078,0.99852,26,78.295,0.33208,0.85626,1.7653,1.0444,FALSE,FALSE,"no strong pLoF/missense signal","pass","none",FALSE,FALSE,0.95755,59.999,0,0,"[]","[]"
167,277,"TRIM9",114088,"Q9C026","RING","RING","","matched","gene symbol checked fallback","E3 source has NCBI GeneID but no Ensembl gene ID; matched to one selected Ensembl protein-coding gnomAD row by symbol.","TRIM9","ENSG00000100505","ENST00000684578","ENST00000684578.1","MANE Select","chr14",50975266,51095105,0.46078,0.99852,26,78.294,0.33208,0.75936,3.3041,0.95553,FALSE,TRUE,"missense constrained only","pass","none",FALSE,FALSE,1,59.998,0,0,"[]","[]"
168,134,"RNF139",11236,"Q8WU17","RING","RING","","matched","gene symbol checked fallback","E3 source has NCBI GeneID but no Ensembl gene ID; matched to one selected Ensembl protein-coding gnomAD row by symbol.","RNF139","ENSG00000170881","ENST00000303545","ENST00000303545.4","MANE Select","chr8",124474880,124488618,0.46652,0.99649,15,49.51,0.30297,0.76767,2.8137,1.0802,FALSE,FALSE,"no strong pLoF/missense signal","pass","none",FALSE,FALSE,1,60,0,0,"[]","[]"
169,484,"ANKFY1",51479,"Q9P2R3","CRL3 substrate receptor (BTB protein)","CRL3","","matched","gene symbol checked fallback","E3 source has NCBI GeneID but no Ensembl gene ID; matched to one selected Ensembl protein-coding gnomAD row by symbol.","ANKFY1","ENSG00000185722","ENST00000341657","ENST00000341657.9","MANE Select","chr17",4163821,4263979,0.46707,0.99671,47,128.32,0.36627,0.80893,3.1672,0.91923,FALSE,TRUE,"missense constrained only","pass","none",FALSE,FALSE,1,59.999,0,0,"[]","[]"
170,445,"SKP2",6502,"Q13309","CRL1 substrate receptor (F-box protein)","CRL1","","matched","gene symbol checked fallback","E3 source has NCBI GeneID but no Ensembl gene ID; matched to one selected Ensembl protein-coding gnomAD row by symbol.","SKP2","ENSG00000145604","ENST00000274255","ENST00000274255.11","MANE Select","chr5",36152111,36184319,0.46886,0.99624,16,51.83,0.3087,0.74606,2.4346,0.88606,FALSE,FALSE,"no strong pLoF/missense signal","pass","none",FALSE,FALSE,1,60,0,0,"[]","[]"
171,340,"RNF144A",9781,"P50876","RING-between-RING","RBR","","matched","gene symbol checked fallback","E3 source has NCBI GeneID but no Ensembl gene ID; matched to one selected Ensembl protein-coding gnomAD row by symbol.","RNF144A","ENSG00000151692","ENST00000320892","ENST00000320892.11","MANE Select","chr2",6917412,7044179,0.47099,0.99418,11,38.658,0.28454,0.83785,1.3431,1.0353,FALSE,FALSE,"no strong pLoF/missense signal","pass","none",FALSE,FALSE,1,59.999,0,0,"[]","[]"
172,385,"FBXL17",64839,"Q9UF56","CRL1 substrate receptor (F-box protein)","CRL1","","matched","gene symbol checked fallback","E3 source has NCBI GeneID but no Ensembl gene ID; matched to one selected Ensembl protein-coding gnomAD row by symbol.","FBXL17","ENSG00000145743","ENST00000542267","ENST00000542267.7","MANE Select","chr5",107859035,108382098,0.47437,0.9955,22,66.224,0.3322,0.92596,0.97238,1.1836,FALSE,FALSE,"no strong pLoF/missense signal","pass","none",FALSE,FALSE,0.57252,59.998,0,0.062292,"[]","[]"
173,372,"WWP1",11059,"Q9H0M0","HECT E3 ligase","HECT","","matched","gene symbol checked fallback","E3 source has NCBI GeneID but no Ensembl gene ID; matched to one selected Ensembl protein-coding gnomAD row by symbol.","WWP1","ENSG00000123124","ENST00000517970","ENST00000517970.6","MANE Select","chr8",86342547,86468503,0.4762,0.98757,49,130.56,0.37532,0.73507,3.7485,0.90258,FALSE,TRUE,"missense constrained only","pass","none",FALSE,FALSE,1,59.272,0.035069,0,"[]","[]"
174,375,"CCNF",899,"P41002","CRL1 substrate receptor (F-box protein)","CRL1","","matched","gene symbol checked fallback","E3 source has NCBI GeneID but no Ensembl gene ID; matched to one selected Ensembl protein-coding gnomAD row by symbol.","CCNF","ENSG00000162063","ENST00000397066","ENST00000397066.9","MANE Select","chr16",2429447,2458854,0.47627,0.99436,30,85.436,0.35114,0.90955,1.2262,1.0327,FALSE,FALSE,"no strong pLoF/missense signal","pass","none",FALSE,FALSE,0.99025,59.999,0,0,"[]","[]"
175,410,"FBXO32",114907,"Q969P5","CRL1 substrate receptor (F-box protein)","CRL1","","matched","gene symbol checked fallback","E3 source has NCBI GeneID but no Ensembl gene ID; matched to one selected Ensembl protein-coding gnomAD row by symbol.","FBXO32","ENSG00000156804","ENST00000517956","ENST00000517956.5","MANE Select","chr8",123497889,123541206,0.47772,0.99375,15,48.349,0.31024,0.71409,2.5365,0.92822,FALSE,FALSE,"no strong pLoF/missense signal","pass","none",FALSE,FALSE,1,60,0,0,"[]","[]"
176,579,"AMBRA1",55626,"Q9C0C7","CRL4 substrate receptor (DDB1-binding protein)","CRL4","","matched","gene symbol checked fallback","E3 source has NCBI GeneID but no Ensembl gene ID; matched to one selected Ensembl protein-coding gnomAD row by symbol.","AMBRA1","ENSG00000110497","ENST00000683756","ENST00000683756.1","MANE Select","chr11",46396414,46594023,0.47803,0.9859,47,125.38,0.37486,0.78601,3.7556,0.955,FALSE,TRUE,"missense constrained only","pass","none",FALSE,FALSE,0.99872,59.999,0,0,"[]","[]"
177,528,"KCTD9",54793,"Q7L273","CRL3 substrate receptor (BTB protein)","CRL3","","matched","gene symbol checked fallback","E3 source has NCBI GeneID but no Ensembl gene ID; matched to one selected Ensembl protein-coding gnomAD row by symbol.","KCTD9","ENSG00000104756","ENST00000221200","ENST00000221200.9","MANE Select","chr8",25427847,25458433,0.47833,0.99388,17,53.309,0.31889,0.3845,5.6638,0.7866,FALSE,TRUE,"missense constrained only","pass","none",FALSE,FALSE,0.99486,57.398,0.097686,0,"[]","[]"
178,377,"FBH1",84893,"Q8NFZ0","CRL1 substrate receptor (F-box protein)","CRL1","","matched","gene symbol checked fallback","E3 source has NCBI GeneID but no Ensembl gene ID; matched to one selected Ensembl protein-coding gnomAD row by symbol.","FBH1","ENSG00000134452","ENST00000362091","ENST00000362091.9","MANE Select","chr10",5890243,5937593,0.48001,0.98569,43,115.52,0.37224,0.74853,3.9221,1.032,FALSE,TRUE,"missense constrained only","pass","none",FALSE,FALSE,0.99968,59.998,0,0,"[]","[]"
179,535,"KLHL14",57565,"Q9P2G3","CRL3 substrate receptor (BTB protein)","CRL3","","matched","gene symbol checked fallback","E3 source has NCBI GeneID but no Ensembl gene ID; matched to one selected Ensembl protein-coding gnomAD row by symbol.","KLHL14","ENSG00000197705","ENST00000359358","ENST00000359358.9","MANE Select","chr18",32672673,32773023,0.4886,0.98832,22,64.296,0.34217,0.8378,1.9431,0.96574,FALSE,FALSE,"no strong pLoF/missense signal","pass","none",FALSE,FALSE,0.91614,59.999,0,0.029724,"[]","[]"
180,115,"RNF103",7844,"O00237","RING","RING","","matched","gene symbol checked fallback","E3 source has NCBI GeneID but no Ensembl gene ID; matched to one selected Ensembl protein-coding gnomAD row by symbol.","RNF103","ENSG00000239305","ENST00000237455","ENST00000237455.5","MANE Select","chr2",86603398,86623865,0.4925,0.98437,23,66.164,0.34762,0.89603,1.2656,1.0244,FALSE,FALSE,"no strong pLoF/missense signal","pass","none",FALSE,FALSE,1,59.999,0,0,"[]","[]"
181,593,"DCAF15",90379,"Q66K64","CRL4 substrate receptor (DDB1-binding protein)","CRL4","","matched","gene symbol checked fallback","E3 source has NCBI GeneID but no Ensembl gene ID; matched to one selected Ensembl protein-coding gnomAD row by symbol.","DCAF15","ENSG00000132017","ENST00000254337","ENST00000254337.11","MANE Select","chr19",13952509,13961449,0.49629,0.9789,24,68.009,0.35289,0.75486,3.0132,1.1007,FALSE,FALSE,"no strong pLoF/missense signal","pass","none",FALSE,FALSE,0.91444,59.998,0,0.038889,"[]","[]"
182,281,"UBR1",197131,"Q8IWV7","RING","RING","","matched","gene symbol checked fallback","E3 source has NCBI GeneID but no Ensembl gene ID; matched to one selected Ensembl protein-coding gnomAD row by symbol.","UBR1","ENSG00000159459","ENST00000290650","ENST00000290650.9","MANE Select","chr15",42942897,43106038,0.49658,0.006904,102,242.14,0.42124,0.84307,3.0685,0.98564,FALSE,FALSE,"no strong pLoF/missense signal","pass","none",FALSE,FALSE,1,59.999,0,0,"[]","[]"
183,343,"RNF19B",127544,"Q6ZMZ0","RING-between-RING","RBR","","matched","gene symbol checked fallback","E3 source has NCBI GeneID but no Ensembl gene ID; matched to one selected Ensembl protein-coding gnomAD row by symbol.","RNF19B","ENSG00000116514","ENST00000235150","ENST00000235150.5","MANE Select","chr1",32936449,32964809,0.49781,0.97792,23,65.457,0.35137,0.81022,2.5337,0.97988,FALSE,FALSE,"no strong pLoF/missense signal","pass","none",FALSE,FALSE,0.86548,59.999,0,0.052896,"[]","[]"
184,50,"MARCHF4",57574,"Q9P2E8","RING","RING","","matched","gene symbol checked fallback","E3 source has NCBI GeneID but no Ensembl gene ID; matched to one selected Ensembl protein-coding gnomAD row by symbol.","MARCHF4","ENSG00000144583","ENST00000273067","ENST00000273067.5","MANE Select","chr2",216257865,216372483,0.49839,0.98342,14,43.914,0.3188,0.87193,1.2654,1.0594,FALSE,FALSE,"no strong pLoF/missense signal","pass","none",FALSE,FALSE,1,59.999,0,0,"[]","[]"
185,495,"BTBD7",55727,"Q9P203","CRL3 substrate receptor (BTB protein)","CRL3","","matched","gene symbol checked fallback","E3 source has NCBI GeneID but no Ensembl gene ID; matched to one selected Ensembl protein-coding gnomAD row by symbol.","BTBD7","ENSG00000011114","ENST00000334746","ENST00000334746.10","MANE Select","chr14",93237550,93333036,0.49881,0.9277,38,99.856,0.38055,0.83895,2.5651,1.0167,FALSE,FALSE,"no strong pLoF/missense signal","pass","none",FALSE,FALSE,0.99293,59.801,0.29005,0,"[]","[]"
186,234,"TRIM41",90933,"Q8WV44","RING","RING","","matched","gene symbol checked fallback","E3 source has NCBI GeneID but no Ensembl gene ID; matched to one selected Ensembl protein-coding gnomAD row by symbol.","TRIM41","ENSG00000146063","ENST00000315073","ENST00000315073.10","MANE Select","chr5",181223281,181235808,0.49907,0.97849,21,60.594,0.34657,0.97432,0.32275,1.1801,FALSE,FALSE,"no strong pLoF/missense signal","pass","none",FALSE,FALSE,1,59.995,0,0.071958,"[]","[]"
187,30,"G2E3",55632,"Q7L622","RING, HECT","RING; HECT","","matched","gene symbol checked fallback","E3 source has NCBI GeneID but no Ensembl gene ID; matched to one selected Ensembl protein-coding gnomAD row by symbol.","G2E3","ENSG00000092140","ENST00000206595","ENST00000206595.11","MANE Select","chr14",30559158,30620064,0.49985,0.93875,35,92.835,0.37701,0.67249,4.0091,0.88832,FALSE,TRUE,"missense constrained only","pass","none",FALSE,FALSE,0.91596,59.258,0.10623,0.0056657,"[]","[]"
188,95,"PJA2",9867,"O43164","RING","RING","","matched","gene symbol checked fallback","E3 source has NCBI GeneID but no Ensembl gene ID; matched to one selected Ensembl protein-coding gnomAD row by symbol.","PJA2","ENSG00000198961","ENST00000361189","ENST00000361189.7","MANE Select","chr5",109334722,109409974,0.50397,0.96252,25,69.283,0.36084,0.97443,0.31426,1.1088,FALSE,FALSE,"no strong pLoF/missense signal","pass","none",FALSE,FALSE,1,59.999,0,0,"[]","[]"
189,414,"FBXO38",81545,"Q6PIJ6","CRL1 substrate receptor (F-box protein)","CRL1","","matched","gene symbol checked fallback","E3 source has NCBI GeneID but no Ensembl gene ID; matched to one selected Ensembl protein-coding gnomAD row by symbol.","FBXO38","ENSG00000145868","ENST00000340253","ENST00000340253.10","MANE Select","chr5",148383958,148442836,0.50525,0.53119,53,131.87,0.4019,0.72922,4.4361,0.89393,FALSE,TRUE,"missense constrained only","pass","none",FALSE,FALSE,1,59.999,0,0,"[]","[]"
190,393,"FBXL7",23194,"Q9UJT9","CRL1 substrate receptor (F-box protein)","CRL1","","matched","gene symbol checked fallback","E3 source has NCBI GeneID but no Ensembl gene ID; matched to one selected Ensembl protein-coding gnomAD row by symbol.","FBXL7","ENSG00000183580","ENST00000504595","ENST00000504595.2","MANE Select","chr5",15500180,15939793,0.50724,0.97702,12,38.33,0.31307,0.83827,1.7939,0.98706,FALSE,FALSE,"no strong pLoF/missense signal","pass","none",FALSE,FALSE,0.97217,59.992,0,0,"[]","[]"
191,177,"RNF34",80196,"Q969K3","RING","RING","","matched","gene symbol checked fallback","E3 source has NCBI GeneID but no Ensembl gene ID; matched to one selected Ensembl protein-coding gnomAD row by symbol.","RNF34","ENSG00000170633","ENST00000361234","ENST00000361234.10","MANE Select","chr12",121400118,121424348,0.51334,0.97132,12,37.874,0.31684,0.76578,2.1719,0.87445,FALSE,FALSE,"no strong pLoF/missense signal","pass","none",FALSE,FALSE,1,59.999,0,0.035842,"[]","[]"
192,650,"RAB40C",57799,"Q96S21","CRL5 substrate receptor (BC-box protein with CUL5 box)","CRL5","","matched","gene symbol checked fallback","E3 source has NCBI GeneID but no Ensembl gene ID; matched to one selected Ensembl protein-coding gnomAD row by symbol.","RAB40C","ENSG00000197562","ENST00000248139","ENST00000248139.8","MANE Select","chr16",590066,629268,0.51336,0.97237,8,28.118,0.28452,0.7095,2.4962,1.1709,FALSE,FALSE,"no strong pLoF/missense signal","pass","none",FALSE,FALSE,1,59.933,0,0,"[]","[]"
193,321,"RMND5A",64795,"Q9H871","Degenerate RING","degenerate RING","","matched","gene symbol checked fallback","E3 source has NCBI GeneID but no Ensembl gene ID; matched to one selected Ensembl protein-coding gnomAD row by symbol.","RMND5A","ENSG00000153561","ENST00000283632","ENST00000283632.5","MANE Select","chr2",86720291,86778041,0.51351,0.9633,17,49.657,0.34235,0.54111,4.2486,0.93015,FALSE,TRUE,"missense constrained only","pass","none",FALSE,FALSE,1,53.204,0.24297,0,"[]","[]"
194,93,"PHRF1",57661,"Q9P1Y6","RING","RING","","matched","gene symbol checked fallback","E3 source has NCBI GeneID but no Ensembl gene ID; matched to one selected Ensembl protein-coding gnomAD row by symbol.","PHRF1","ENSG00000070047","ENST00000264555","ENST00000264555.10","MANE Select","chr11",576470,612222,0.51681,0.2064,53,128.92,0.4111,1.0957,-1.9499,1.2013,FALSE,FALSE,"no strong pLoF/missense signal","pass","none",FALSE,FALSE,1,59.998,0,0,"[]","[]"
195,646,"PCMTD1",115294,"Q96MG8","CRL5 substrate receptor (BC-box protein with CUL5 box)","CRL5","","matched","gene symbol checked fallback","E3 source has NCBI GeneID but no Ensembl gene ID; matched to one selected Ensembl protein-coding gnomAD row by symbol.","PCMTD1","ENSG00000168300","ENST00000522514","ENST00000522514.6","MANE Select","chr8",51817583,51899036,0.51715,0.96717,12,37.595,0.31919,0.55776,3.8714,0.8616,FALSE,TRUE,"missense constrained only","pass","none",FALSE,FALSE,1,58.035,0.3408,0,"[]","[]"
196,327,"UBE4A",9354,"Q14139","Degenerate RING (U-box)","degenerate RING","","matched","gene symbol checked fallback","E3 source has NCBI GeneID but no Ensembl gene ID; matched to one selected Ensembl protein-coding gnomAD row by symbol.","UBE4A","ENSG00000110344","ENST00000252108","ENST00000252108.8","MANE Select","chr11",118359600,118399211,0.51774,0.33167,48,117.92,0.40704,0.82314,2.7157,0.90441,FALSE,FALSE,"no strong pLoF/missense signal","pass","none",FALSE,FALSE,0.99781,59.998,0,0,"[]","[]"
197,408,"FBXO30",84085,"Q8TB52","CRL1 substrate receptor (F-box protein)","CRL1","","matched","gene symbol checked fallback","E3 source has NCBI GeneID but no Ensembl gene ID; matched to one selected Ensembl protein-coding gnomAD row by symbol.","FBXO30","ENSG00000118496","ENST00000237281","ENST00000237281.5","MANE Select","chr6",145793502,145814795,0.52041,0.92941,21,58.109,0.36139,0.82913,2.1829,0.98919,FALSE,FALSE,"no strong pLoF/missense signal","pass","none",FALSE,FALSE,1,59.999,0,0,"[]","[]"
198,43,"LTN1",26046,"O94822","RING","RING","","matched","gene symbol checked fallback","E3 source has NCBI GeneID but no Ensembl gene ID; matched to one selected Ensembl protein-coding gnomAD row by symbol.","LTN1","ENSG00000198862","ENST00000361371","ENST00000361371.10","MANE Select","chr21",28928144,28992877,0.52221,0.00026765,88,201.19,0.43739,0.85939,2.7077,0.90405,FALSE,FALSE,"no strong pLoF/missense signal","pass","none",FALSE,FALSE,0.99943,59.997,0,0.0024538,"[]","[]"
199,296,"ZNFX1",57169,"Q9P2E3","Degenerate RING, atypical","degenerate RING; Atypical","","matched","gene symbol checked fallback","E3 source has NCBI GeneID but no Ensembl gene ID; matched to one selected Ensembl protein-coding gnomAD row by symbol.","ZNFX1","ENSG00000124201","ENST00000396105","ENST00000396105.6","MANE Select","chr20",49245900,49278057,0.52362,0.0013406,78,179.84,0.43373,0.80741,4.0127,0.97636,FALSE,TRUE,"missense constrained only","pass","none",FALSE,FALSE,1,59.999,0,0,"[]","[]"
200,216,"TRIM23",373,"P36406","RING","RING","","matched","gene symbol checked fallback","E3 source has NCBI GeneID but no Ensembl gene ID; matched to one selected Ensembl protein-coding gnomAD row by symbol.","TRIM23","ENSG00000113595","ENST00000231524","ENST00000231524.14","MANE Select","chr5",65589690,65624333,0.52409,0.84175,27,71.045,0.38004,0.69621,3.4091,0.98306,FALSE,TRUE,"missense constrained only","pass","none",FALSE,FALSE,1,59.999,0,0,"[]","[]"
201,492,"BTBD2",55643,"Q9BX70","CRL3 substrate receptor (BTB protein)","CRL3","","matched","gene symbol checked fallback","E3 source has NCBI GeneID but no Ensembl gene ID; matched to one selected Ensembl protein-coding gnomAD row by symbol.","BTBD2","ENSG00000133243","ENST00000255608","ENST00000255608.9","MANE Select","chr19",1985448,2015714,0.52546,0.94667,15,43.956,0.34125,0.88029,1.3948,1.3191,FALSE,FALSE,"no strong pLoF/missense signal","pass","none",FALSE,FALSE,0.82286,59.995,0,0.074921,"[]","[]"
202,493,"BTBD3",22903,"Q9Y2F9","CRL3 substrate receptor (BTB protein)","CRL3","","matched","gene symbol checked fallback","E3 source has NCBI GeneID but no Ensembl gene ID; matched to one selected Ensembl protein-coding gnomAD row by symbol.","BTBD3","ENSG00000132640","ENST00000378226","ENST00000378226.7","MANE Select","chr20",11917893,11926595,0.52602,0.94938,14,41.608,0.33648,0.65069,3.8119,1.0656,FALSE,TRUE,"missense constrained only","pass","none",FALSE,FALSE,1,59.999,0,0,"[]","[]"
203,273,"TRIM74",378108,"Q86UV6","RING","RING","","matched","gene symbol checked fallback","E3 source has NCBI GeneID but no Ensembl gene ID; matched to one selected Ensembl protein-coding gnomAD row by symbol.","TRIM74","ENSG00000155428","ENST00000285805","ENST00000285805.3","MANE Select","chr7",72959485,72969466,0.5343,0.94765,3,14.512,0.20673,0.14942,4.7852,0.14023,FALSE,FALSE,"missing or flagged constraint","flagged","gene_flags=[""low_exome_mapping_quality""]",TRUE,TRUE,0.316,31.94,1,0,"[""low_exome_mapping_quality""]","[]"
204,219,"TRIM26",7726,"Q12899","RING","RING","","matched","gene symbol checked fallback","E3 source has NCBI GeneID but no Ensembl gene ID; matched to one selected Ensembl protein-coding gnomAD row by symbol.","TRIM26","ENSG00000234127","ENST00000454678","ENST00000454678.7","MANE Select","chr6",30184455,30213406,0.53452,0.91697,16,45.464,0.35193,0.63953,4.0416,0.94021,FALSE,TRUE,"missense constrained only","pass","none",FALSE,FALSE,1,59.998,0,0.038961,"[]","[]"
205,588,"DCAF10",79269,"Q5QP82","CRL4 substrate receptor (DDB1-binding protein)","CRL4","","matched","gene symbol checked fallback","E3 source has NCBI GeneID but no Ensembl gene ID; matched to one selected Ensembl protein-coding gnomAD row by symbol.","DCAF10","ENSG00000122741","ENST00000377724","ENST00000377724.8","MANE Select","chr9",37800797,37867664,0.53734,0.87268,19,51.883,0.36621,0.69807,3.4805,0.97933,FALSE,TRUE,"missense constrained only","pass","none",FALSE,FALSE,1,59.998,0,0,"[]","[]"
206,41,"LONRF3",79836,"Q496Y0","RING","RING","","matched","gene symbol checked fallback","E3 source has NCBI GeneID but no Ensembl gene ID; matched to one selected Ensembl protein-coding gnomAD row by symbol.","LONRF3","ENSG00000175556","ENST00000371628","ENST00000371628.8","MANE Select","chrX",118974618,119018355,0.53973,0.85943,19,51.654,0.36783,0.83505,1.7572,1.0281,FALSE,FALSE,"no strong pLoF/missense signal","pass","none",FALSE,FALSE,0.99956,59.999,0,0,"[]","[]"
207,418,"FBXO41",150726,"Q8TF61","CRL1 substrate receptor (F-box protein)","CRL1","","matched","gene symbol checked fallback","E3 source has NCBI GeneID but no Ensembl gene ID; matched to one selected Ensembl protein-coding gnomAD row by symbol.","FBXO41","ENSG00000163013","ENST00000520530","ENST00000520530.3","MANE Select","chr2",73254690,73284478,0.54086,0.39369,33,81.583,0.4045,0.89565,1.5645,1.0421,FALSE,FALSE,"no strong pLoF/missense signal","pass","none",FALSE,FALSE,0.91048,59.998,0,0.01219,"[]","[]"
208,180,"RNF4",6047,"P78317","RING","RING","","matched","gene symbol checked fallback","E3 source has NCBI GeneID but no Ensembl gene ID; matched to one selected Ensembl protein-coding gnomAD row by symbol.","RNF4","ENSG00000063978","ENST00000314289","ENST00000314289.13","MANE Select","chr4",2469106,2515857,0.54087,0.94714,7,24.309,0.28796,0.84117,1.0677,0.98421,FALSE,FALSE,"no strong pLoF/missense signal","pass","none",FALSE,FALSE,1,59.834,0.25789,0,"[]","[]"
209,600,"DCAF6",55827,"Q58WW2","CRL4 substrate receptor (DDB1-binding protein)","CRL4","","matched","gene symbol checked fallback","E3 source has NCBI GeneID but no Ensembl gene ID; matched to one selected Ensembl protein-coding gnomAD row by symbol.","DCAF6","ENSG00000143164","ENST00000367840","ENST00000367840.4","MANE Select","chr1",167936683,168075836,0.5413,0.011431,54,125.14,0.43151,0.80398,2.8494,0.95038,FALSE,FALSE,"no strong pLoF/missense signal","pass","none",FALSE,FALSE,0.98493,59.63,0.02103,0,"[]","[]"
210,114,"RNF10",9921,"Q8N5U6","RING","RING","","matched","gene symbol checked fallback","E3 source has NCBI GeneID but no Ensembl gene ID; matched to one selected Ensembl protein-coding gnomAD row by symbol.","RNF10","ENSG00000022840","ENST00000325954","ENST00000325954.9","MANE Select","chr12",120534356,120577588,0.54469,0.16167,38,91.443,0.41556,0.93376,0.89876,0.99372,FALSE,FALSE,"no strong pLoF/missense signal","pass","none",FALSE,FALSE,1,59.997,0,0,"[]","[]"
211,581,"ATG16L1",55054,"Q676U5","CRL4 substrate receptor (DDB1-binding protein)","CRL4","","matched","gene symbol checked fallback","E3 source has NCBI GeneID but no Ensembl gene ID; matched to one selected Ensembl protein-coding gnomAD row by symbol.","ATG16L1","ENSG00000085978","ENST00000392017","ENST00000392017.9","MANE Select","chr2",233251673,233295669,0.55024,0.12936,37,88.462,0.41826,0.73595,3.0898,1.0713,FALSE,FALSE,"no strong pLoF/missense signal","pass","none",FALSE,FALSE,1,59.999,0,0,"[]","[]"
212,75,"NEURL1B",54492,"A8MQ27","RING","RING","","matched","gene symbol checked fallback","E3 source has NCBI GeneID but no Ensembl gene ID; matched to one selected Ensembl protein-coding gnomAD row by symbol.","NEURL1B","ENSG00000214357","ENST00000369800","ENST00000369800.6","MANE Select","chr5",172641263,172691540,0.55198,0.88901,13,37.444,0.34718,0.89858,1.2825,1.0126,FALSE,FALSE,"no strong pLoF/missense signal","pass","none",FALSE,FALSE,0.40901,59.999,0,0,"[]","[]"
213,244,"TRIM49C",642612,"P0CI26","RING","RING","","matched","gene symbol checked fallback","E3 source has NCBI GeneID but no Ensembl gene ID; matched to one selected Ensembl protein-coding gnomAD row by symbol.","TRIM49C","ENSG00000204449","ENST00000448984","ENST00000448984.1","MANE Select","chr11",90031106,90042025,0.55279,0.93528,6,21.423,0.28007,0.36393,5.7058,0.38498,FALSE,FALSE,"missing or flagged constraint","flagged","gene_flags=[""low_exome_mapping_quality""]",TRUE,TRUE,0.64012,35.033,1,0,"[""low_exome_mapping_quality""]","[]"
214,420,"FBXO43",286151,"Q4G163","CRL1 substrate receptor (F-box protein)","CRL1","","matched","gene symbol checked fallback","E3 source has NCBI GeneID but no Ensembl gene ID; matched to one selected Ensembl protein-coding gnomAD row by symbol.","FBXO43","ENSG00000156509","ENST00000428847","ENST00000428847.3","MANE Select","chr8",100133351,100145817,0.55363,0.66133,22,56.743,0.38771,0.89948,1.2239,1.039,FALSE,FALSE,"no strong pLoF/missense signal","pass","none",FALSE,FALSE,1,59.998,0,0,"[]","[]"
215,357,"HERC3",8916,"Q15034","HECT E3 ligase","HECT","","matched","gene symbol checked fallback","E3 source has NCBI GeneID but no Ensembl gene ID; matched to one selected Ensembl protein-coding gnomAD row by symbol.","HERC3","ENSG00000138641","ENST00000402738","ENST00000402738.6","MANE Select","chr4",88592480,88708539,0.55572,0.00090797,58,129.88,0.44656,0.6711,4.9479,0.95351,FALSE,TRUE,"missense constrained only","pass","none",FALSE,FALSE,1,59.906,0,0,"[]","[]"
216,402,"FBXO22",26263,"Q8NEZ5","CRL1 substrate receptor (F-box protein)","CRL1","","matched","gene symbol checked fallback","E3 source has NCBI GeneID but no Ensembl gene ID; matched to one selected Ensembl protein-coding gnomAD row by symbol.","FBXO22","ENSG00000167196","ENST00000308275","ENST00000308275.8","MANE Select","chr15",75903878,75942511,0.55613,0.8745,13,37.165,0.34979,0.87475,1.2062,0.9997,FALSE,FALSE,"no strong pLoF/missense signal","pass","none",FALSE,FALSE,1,59.998,0,0,"[]","[]"
217,558,"KLHL4",56062,"Q9C0H6","CRL3 substrate receptor (BTB protein)","CRL3","","matched","gene symbol checked fallback","E3 source has NCBI GeneID but no Ensembl gene ID; matched to one selected Ensembl protein-coding gnomAD row by symbol.","KLHL4","ENSG00000102271","ENST00000373119","ENST00000373119.9","MANE Select","chrX",87517802,87670050,0.55685,0.79228,17,45.792,0.37125,0.99838,0.016127,1.1793,FALSE,FALSE,"no strong pLoF/missense signal","pass","none",FALSE,FALSE,1,59.999,0,0,"[]","[]"
218,366,"SMURF2",64750,"Q9HAU4","HECT E3 ligase","HECT","","matched","gene symbol checked fallback","E3 source has NCBI GeneID but no Ensembl gene ID; matched to one selected Ensembl protein-coding gnomAD row by symbol.","SMURF2","ENSG00000108854","ENST00000262435","ENST00000262435.14","MANE Select","chr17",64542282,64662307,0.55698,0.0077946,48,109.62,0.43789,0.63255,4.7249,0.90827,FALSE,TRUE,"missense constrained only","pass","none",FALSE,FALSE,0.97549,59.911,0.2451,0,"[]","[]"
219,317,"PELI1",57162,"Q96FA3","Degenerate RING","degenerate RING","","matched","gene symbol checked fallback","E3 source has NCBI GeneID but no Ensembl gene ID; matched to one selected Ensembl protein-coding gnomAD row by symbol.","PELI1","ENSG00000197329","ENST00000358912","ENST00000358912.5","MANE Select","chr2",64092652,64144420,0.55968,0.82279,15,41.269,0.36347,0.76685,2.2796,0.98846,FALSE,FALSE,"no strong pLoF/missense signal","pass","none",FALSE,FALSE,0.99841,59.997,0,0,"[]","[]"
220,401,"FBXO21",23014,"O94952","CRL1 substrate receptor (F-box protein)","CRL1","","matched","gene symbol checked fallback","E3 source has NCBI GeneID but no Ensembl gene ID; matched to one selected Ensembl protein-coding gnomAD row by symbol.","FBXO21","ENSG00000135108","ENST00000622495","ENST00000622495.5","MANE Select","chr12",117141991,117190470,0.56085,0.15815,32,76.638,0.41755,0.73494,3.1921,1.0531,FALSE,TRUE,"missense constrained only","pass","none",FALSE,FALSE,0.97853,59.999,0,0,"[]","[]"
221,175,"RNF26",79102,"Q9BY78","RING","RING","","matched","gene symbol checked fallback","E3 source has NCBI GeneID but no Ensembl gene ID; matched to one selected Ensembl protein-coding gnomAD row by symbol.","RNF26","ENSG00000173456","ENST00000311413","ENST00000311413.5","MANE Select","chr11",119334527,119337309,0.56722,0.90264,8,25.448,0.31437,0.85137,1.4894,1.0621,FALSE,FALSE,"no strong pLoF/missense signal","pass","none",FALSE,FALSE,1,59.999,0,0,"[]","[]"
222,39,"LONRF1",91694,"Q17RB8","RING","RING","","matched","gene symbol checked fallback","E3 source has NCBI GeneID but no Ensembl gene ID; matched to one selected Ensembl protein-coding gnomAD row by symbol.","LONRF1","ENSG00000154359","ENST00000398246","ENST00000398246.8","MANE Select","chr8",12721906,12755526,0.56749,0.037405,37,85.774,0.43137,1.0593,-0.79135,1.3252,FALSE,FALSE,"no strong pLoF/missense signal","pass","none",FALSE,FALSE,0.83312,59.999,0,0,"[]","[]"
223,342,"RNF19A",25897,"Q9NV58","RING-between-RING","RBR","","matched","gene symbol checked fallback","E3 source has NCBI GeneID but no Ensembl gene ID; matched to one selected Ensembl protein-coding gnomAD row by symbol.","RNF19A","ENSG00000034677","ENST00000341084","ENST00000341084.7","MANE Select","chr8",100257067,100309953,0.56791,0.10453,32,75.685,0.42281,0.75463,3.3688,0.97053,FALSE,TRUE,"missense constrained only","pass","none",FALSE,FALSE,1,59.999,0,0,"[]","[]"
224,487,"BTBD10",84280,"Q9BSF8","CRL3 substrate receptor (BTB protein)","CRL3","","matched","gene symbol checked fallback","E3 source has NCBI GeneID but no Ensembl gene ID; matched to one selected Ensembl protein-coding gnomAD row by symbol.","BTBD10","ENSG00000148925","ENST00000278174","ENST00000278174.10","MANE Select","chr11",13388008,13463222,0.56848,0.53132,21,53.195,0.39478,0.60537,4.1042,0.77332,FALSE,TRUE,"missense constrained only","pass","none",FALSE,FALSE,0.99228,58.949,0.21614,0,"[]","[]"
225,540,"KLHL20",27252,"Q9Y2M5","CRL3 substrate receptor (BTB protein)","CRL3","","matched","gene symbol checked fallback","E3 source has NCBI GeneID but no Ensembl gene ID; matched to one selected Ensembl protein-coding gnomAD row by symbol.","KLHL20","ENSG00000076321","ENST00000209884","ENST00000209884.5","MANE Select","chr1",173714981,173786692,0.56867,0.17695,29,69.533,0.41707,0.53992,5.4662,0.95405,FALSE,TRUE,"missense constrained only","pass","none",FALSE,FALSE,1,59.998,0,0,"[]","[]"
226,62,"MGRN1",23295,"O60291","RING","RING","","matched","gene symbol checked fallback","E3 source has NCBI GeneID but no Ensembl gene ID; matched to one selected Ensembl protein-coding gnomAD row by symbol.","MGRN1","ENSG00000102858","ENST00000262370","ENST00000262370.12","MANE Select","chr16",4624826,4690972,0.57155,0.1529,29,69.182,0.41918,1.2535,-3.0506,1.3654,FALSE,FALSE,"no strong pLoF/missense signal","pass","none",FALSE,FALSE,0.99769,59.999,0,0,"[]","[]"
227,476,"ZSWIM5",57643,"Q9P217","CRL2 substrate receptor (BC-CUL2-box)","CRL2","","matched","gene symbol checked fallback","E3 source has NCBI GeneID but no Ensembl gene ID; matched to one selected Ensembl protein-coding gnomAD row by symbol.","ZSWIM5","ENSG00000162415","ENST00000359600","ENST00000359600.6","MANE Select","chr1",45016399,45206605,0.5758,0.00021047,55,119.57,0.45997,0.7886,3.5068,0.8849,FALSE,TRUE,"missense constrained only","pass","none",FALSE,FALSE,0.96034,59.81,0.30858,0,"[]","[]"
228,480,"ZYG11B",79699,"Q9C0D3","CRL2 substrate receptor (BC-CUL2-box)","CRL2","","matched","gene symbol checked fallback","E3 source has NCBI GeneID but no Ensembl gene ID; matched to one selected Ensembl protein-coding gnomAD row by symbol.","ZYG11B","ENSG00000162378","ENST00000294353","ENST00000294353.7","MANE Select","chr1",52726453,52827336,0.57669,0.024457,36,82.437,0.4367,0.61633,4.897,0.96863,FALSE,TRUE,"missense constrained only","pass","none",FALSE,FALSE,1,59.998,0,0,"[]","[]"
229,365,"SMURF1",57154,"Q9HCE7","HECT E3 ligase","HECT","","matched","gene symbol checked fallback","E3 source has NCBI GeneID but no Ensembl gene ID; matched to one selected Ensembl protein-coding gnomAD row by symbol.","SMURF1","ENSG00000198742","ENST00000361368","ENST00000361368.7","MANE Select","chr7",99027440,99144108,0.57734,0.0032018,44,97.989,0.44903,0.73213,3.4995,1.0564,FALSE,TRUE,"missense constrained only","pass","none",FALSE,FALSE,0.99818,59.999,0,0,"[]","[]"
230,379,"FBXL3",26224,"Q9UKT7","CRL1 substrate receptor (F-box protein)","CRL1","","matched","gene symbol checked fallback","E3 source has NCBI GeneID but no Ensembl gene ID; matched to one selected Ensembl protein-coding gnomAD row by symbol.","FBXL3","ENSG00000005812","ENST00000355619","ENST00000355619.10","MANE Select","chr13",77005260,77027159,0.57783,0.74455,14,37.877,0.36961,0.63979,3.4731,1.077,FALSE,TRUE,"missense constrained only","pass","none",FALSE,FALSE,1,59.993,0,0.008567,"[]","[]"
231,116,"RNF11",26994,"Q9Y3C5","RING","RING","","matched","gene symbol checked fallback","E3 source has NCBI GeneID but no Ensembl gene ID; matched to one selected Ensembl protein-coding gnomAD row by symbol.","RNF11","ENSG00000123091","ENST00000242719","ENST00000242719.4","MANE Select","chr1",51236273,51273447,0.57804,0.91135,4,15.836,0.2526,0.71482,1.696,0.94042,FALSE,FALSE,"no strong pLoF/missense signal","pass","none",FALSE,FALSE,1,59.856,0.28788,0,"[]","[]"
232,192,"SH3RF1",57630,"Q7Z6J0","RING","RING","","matched","gene symbol checked fallback","E3 source has NCBI GeneID but no Ensembl gene ID; matched to one selected Ensembl protein-coding gnomAD row by symbol.","SH3RF1","ENSG00000154447","ENST00000284637","ENST00000284637.14","MANE Select","chr4",169094259,169270956,0.58073,0.048268,32,74.014,0.43235,0.84357,2.2435,0.90073,FALSE,FALSE,"no strong pLoF/missense signal","pass","none",FALSE,FALSE,0.99437,59.998,0,0,"[]","[]"
233,87,"PDZRN3",23024,"Q9UPQ7","RING","RING","","matched","gene symbol checked fallback","E3 source has NCBI GeneID but no Ensembl gene ID; matched to one selected Ensembl protein-coding gnomAD row by symbol.","PDZRN3","ENSG00000121440","ENST00000263666","ENST00000263666.9","MANE Select","chr3",73382431,73624941,0.58148,0.01064,38,85.658,0.44362,1.0814,-1.3466,1.1897,FALSE,FALSE,"no strong pLoF/missense signal","pass","none",FALSE,FALSE,0.87836,59.998,0,0,"[]","[]"
234,617,"TRPC4AP",26133,"Q8TEL6","CRL4 substrate receptor (DDB1-binding protein)","CRL4","","matched","gene symbol checked fallback","E3 source has NCBI GeneID but no Ensembl gene ID; matched to one selected Ensembl protein-coding gnomAD row by symbol.","TRPC4AP","ENSG00000100991","ENST00000252015","ENST00000252015.3","MANE Select","chr20",35002404,35092807,0.58252,0.0015919,45,99.044,0.45434,0.89213,1.4441,1.0575,FALSE,FALSE,"no strong pLoF/missense signal","pass","none",FALSE,FALSE,0.9954,59.998,0,0,"[]","[]"
235,373,"WWP2",11060,"O00308","HECT E3 ligase","HECT","","matched","gene symbol checked fallback","E3 source has NCBI GeneID but no Ensembl gene ID; matched to one selected Ensembl protein-coding gnomAD row by symbol.","WWP2","ENSG00000198373","ENST00000359154","ENST00000359154.7","MANE Select","chr16",69762332,69941739,0.58726,3.7192e-05,57,121.02,0.47101,0.83013,2.4663,1.0174,FALSE,FALSE,"no strong pLoF/missense signal","pass","none",FALSE,FALSE,1,59.999,0,0,"[]","[]"
236,96,"PML",5371,"P29590","RING","RING","","matched","gene symbol checked fallback","E3 source has NCBI GeneID but no Ensembl gene ID; matched to one selected Ensembl protein-coding gnomAD row by symbol.","PML","ENSG00000140464","ENST00000268058","ENST00000268058.8","MANE Select","chr15",73994716,74047827,0.58868,0.078249,28,65.212,0.42937,0.84841,2.2429,0.98278,FALSE,FALSE,"no strong pLoF/missense signal","pass","none",FALSE,FALSE,0.99811,59.999,0,0,"[]","[]"
237,149,"RNF170",81790,"Q96K19","RING","RING","","matched","gene symbol checked fallback","E3 source has NCBI GeneID but no Ensembl gene ID; matched to one selected Ensembl protein-coding gnomAD row by symbol.","RNF170","ENSG00000120925","ENST00000527424","ENST00000527424.6","MANE Select","chr8",42853301,42896605,0.5952,0.71552,12,32.666,0.36736,0.68116,2.3989,0.87805,FALSE,FALSE,"no strong pLoF/missense signal","pass","none",FALSE,FALSE,1,59.999,0,0,"[]","[]"
238,12,"CBL",867,"P22681","RING, Ubl E3","RING","","matched","gene symbol checked fallback","E3 source has NCBI GeneID but no Ensembl gene ID; matched to one selected Ensembl protein-coding gnomAD row by symbol.","CBL","ENSG00000110395","ENST00000264033","ENST00000264033.6","MANE Select","chr11",119206339,119308149,0.59542,0.00054612,45,96.898,0.46441,0.89549,1.5073,0.98407,FALSE,FALSE,"no strong pLoF/missense signal","pass","none",FALSE,FALSE,1,59.998,0,0,"[]","[]"
239,194,"SH3RF3",344558,"Q8TEJ3","RING","RING","","matched","gene symbol checked fallback","E3 source has NCBI GeneID but no Ensembl gene ID; matched to one selected Ensembl protein-coding gnomAD row by symbol.","SH3RF3","ENSG00000172985","ENST00000309415","ENST00000309415.8","MANE Select","chr2",109129205,109504634,0.59656,0.040719,29,66.281,0.43753,1.0026,-0.038122,1.0959,FALSE,FALSE,"no strong pLoF/missense signal","pass","none",FALSE,FALSE,0.86848,59.999,0,0,"[]","[]"
240,515,"KCTD10",83892,"Q9H3F6","CRL3 substrate receptor (BTB protein)","CRL3","","matched","gene symbol checked fallback","E3 source has NCBI GeneID but no Ensembl gene ID; matched to one selected Ensembl protein-coding gnomAD row by symbol.","KCTD10","ENSG00000110906","ENST00000228495","ENST00000228495.11","MANE Select","chr12",109448655,109477300,0.59742,0.65906,13,34.596,0.37576,0.6091,3.4178,0.92395,FALSE,TRUE,"missense constrained only","pass","none",FALSE,FALSE,1,59.998,0,0,"[]","[]"
241,675,"ATG5",9474,"Q9H1Y0","Atypical E3 (catalytic site formed from multiple interfaces), Ubl E3","Atypical","","matched","gene symbol checked fallback","E3 source has NCBI GeneID but no Ensembl gene ID; matched to one selected Ensembl protein-coding gnomAD row by symbol.","ATG5","ENSG00000057663","ENST00000369076","ENST00000369076.8","MANE Select","chr6",106184476,106325760,0.59932,0.59666,14,36.519,0.38337,0.59689,3.1074,0.936,FALSE,TRUE,"missense constrained only","pass","none",FALSE,FALSE,1,60,0,0,"[]","[]"
242,578,"AHR",196,"P35869","CRL4 substrate receptor (DDB1-binding protein)","CRL4","","matched","gene symbol checked fallback","E3 source has NCBI GeneID but no Ensembl gene ID; matched to one selected Ensembl protein-coding gnomAD row by symbol.","AHR","ENSG00000106546","ENST00000242057","ENST00000242057.9","MANE Select","chr7",17298652,17346147,0.59955,0.001671,40,86.848,0.46057,0.98952,0.1422,1.1215,FALSE,FALSE,"no strong pLoF/missense signal","pass","none",FALSE,FALSE,0.99803,59.998,0,0,"[]","[]"
243,104,"RFFL",117584,"Q8WZ73","RING","RING","","matched","gene symbol checked fallback","E3 source has NCBI GeneID but no Ensembl gene ID; matched to one selected Ensembl protein-coding gnomAD row by symbol.","RFFL","ENSG00000092871","ENST00000394597","ENST00000394597.7","MANE Select","chr17",35005990,35063707,0.60117,0.47166,16,40.423,0.39581,0.81251,1.6994,0.9171,FALSE,FALSE,"no strong pLoF/missense signal","pass","none",FALSE,FALSE,1,59.999,0,0,"[]","[]"
244,457,"KLHDC10",23008,"Q6PID8","CRL2 substrate receptor (BC-CUL2-box)","CRL2","","matched","gene symbol checked fallback","E3 source has NCBI GeneID but no Ensembl gene ID; matched to one selected Ensembl protein-coding gnomAD row by symbol.","KLHDC10","ENSG00000128607","ENST00000335420","ENST00000335420.10","MANE Select","chr7",130070534,130135705,0.60147,0.10934,24,56.116,0.42768,0.61548,3.9051,0.90783,FALSE,TRUE,"missense constrained only","pass","none",FALSE,FALSE,0.87481,59.994,0,0,"[]","[]"
245,288,"VPS11",55823,"Q9H270","RING","RING","","matched","gene symbol checked fallback","E3 source has NCBI GeneID but no Ensembl gene ID; matched to one selected Ensembl protein-coding gnomAD row by symbol.","VPS11","ENSG00000160695","ENST00000621676","ENST00000621676.5","MANE Select","chr11",119067818,119081972,0.60292,4.8959e-05,51,106.82,0.47746,0.79832,2.9672,0.9875,FALSE,FALSE,"no strong pLoF/missense signal","pass","none",FALSE,FALSE,1,59.999,0,0,"[]","[]"
246,186,"RNF6",6049,"Q9Y252","RING","RING","","matched","gene symbol checked fallback","E3 source has NCBI GeneID but no Ensembl gene ID; matched to one selected Ensembl protein-coding gnomAD row by symbol.","RNF6","ENSG00000127870","ENST00000381588","ENST00000381588.9","MANE Select","chr13",26212775,26222314,0.60323,0.19727,21,50.131,0.4189,0.8327,2.0659,0.87387,FALSE,FALSE,"no strong pLoF/missense signal","pass","none",FALSE,FALSE,1,59.963,0.85937,0,"[]","[]"
247,529,"KEAP1",9817,"Q14145","CRL3 substrate receptor (BTB protein)","CRL3","","matched","gene symbol checked fallback","E3 source has NCBI GeneID but no Ensembl gene ID; matched to one selected Ensembl protein-coding gnomAD row by symbol.","KEAP1","ENSG00000079999","ENST00000171111","ENST00000171111.10","MANE Select","chr19",10486125,10503356,0.60454,0.058704,26,59.676,0.43568,0.61852,4.8028,0.97681,FALSE,TRUE,"missense constrained only","pass","none",FALSE,FALSE,1,60,0,0,"[]","[]"
248,576,"SPOPL",339745,"Q6IQ16","CRL3 substrate receptor (BTB protein)","CRL3","","matched","gene symbol checked fallback","E3 source has NCBI GeneID but no Ensembl gene ID; matched to one selected Ensembl protein-coding gnomAD row by symbol.","SPOPL","ENSG00000144228","ENST00000280098","ENST00000280098.9","MANE Select","chr2",138501770,138573547,0.6056,0.11679,23,53.807,0.42746,0.94675,0.49074,1.0952,FALSE,FALSE,"no strong pLoF/missense signal","pass","none",FALSE,FALSE,1,59.985,0.12075,0,"[]","[]"
249,125,"RNF123",63891,"Q5XPI4","RING","RING","","matched","gene symbol checked fallback","E3 source has NCBI GeneID but no Ensembl gene ID; matched to one selected Ensembl protein-coding gnomAD row by symbol.","RNF123","ENSG00000164068","ENST00000327697","ENST00000327697.11","MANE Select","chr3",49689557,49721529,0.61049,2.6054e-10,86,168.53,0.51028,0.82036,3.1863,0.96648,FALSE,TRUE,"missense constrained only","pass","none",FALSE,FALSE,1,59.977,0.042364,0,"[]","[]"
250,6,"BIRC3",330,"Q13489","RING","RING","","matched","gene symbol checked fallback","E3 source has NCBI GeneID but no Ensembl gene ID; matched to one selected Ensembl protein-coding gnomAD row by symbol.","BIRC3","ENSG00000023445","ENST00000263464","ENST00000263464.9","MANE Select","chr11",102317484,102339403,0.61199,0.041592,26,58.95,0.44105,0.9009,1.1274,0.97501,FALSE,FALSE,"no strong pLoF/missense signal","pass","none",FALSE,FALSE,0.97296,59.988,0,0,"[]","[]"
251,137,"RNF146",81847,"Q9NTX7","RING","RING","","matched","gene symbol checked fallback","E3 source has NCBI GeneID but no Ensembl gene ID; matched to one selected Ensembl protein-coding gnomAD row by symbol.","RNF146","ENSG00000118518","ENST00000368314","ENST00000368314.6","MANE Select","chr6",127266864,127288562,0.61303,0.66128,11,29.701,0.37036,0.77919,1.9729,0.93932,FALSE,FALSE,"no strong pLoF/missense signal","pass","none",FALSE,FALSE,1,59.999,0,0,"[]","[]"
252,77,"NFX1",4799,"Q12986","RING","RING","","matched","gene symbol checked fallback","E3 source has NCBI GeneID but no Ensembl gene ID; matched to one selected Ensembl protein-coding gnomAD row by symbol.","NFX1","ENSG00000086102","ENST00000379540","ENST00000379540.8","MANE Select","chr9",33290516,33371157,0.61467,4.7251e-08,69,137.16,0.50307,0.83899,2.561,1.0441,FALSE,FALSE,"no strong pLoF/missense signal","pass","none",FALSE,FALSE,1,59.999,0,0,"[]","[]"
253,455,"FEM1C",56929,"Q96JP0","CRL2 substrate receptor (BC-CUL2-box), CRL5 substrate receptor (BC-CUL5-box)","CRL2; CRL5","","matched","gene symbol checked fallback","E3 source has NCBI GeneID but no Ensembl gene ID; matched to one selected Ensembl protein-coding gnomAD row by symbol.","FEM1C","ENSG00000145780","ENST00000274457","ENST00000274457.5","MANE Select","chr5",115520908,115544775,0.61474,0.42324,15,37.572,0.39923,0.70965,3.3905,1.0522,FALSE,TRUE,"missense constrained only","pass","none",FALSE,FALSE,1,59.999,0,0,"[]","[]"
254,195,"SHPRH",257218,"Q149N8","RING","RING","","matched","gene symbol checked fallback","E3 source has NCBI GeneID but no Ensembl gene ID; matched to one selected Ensembl protein-coding gnomAD row by symbol.","SHPRH","ENSG00000146414","ENST00000275233","ENST00000275233.12","MANE Select","chr6",145884807,145964358,0.61526,1.2908e-13,106,202.46,0.52357,0.84653,2.9417,1.0626,FALSE,FALSE,"no strong pLoF/missense signal","pass","none",FALSE,FALSE,1,59.999,0,0,"[]","[]"
255,25,"DTX3",196403,"Q8N9I9","RING","RING","","matched","gene symbol checked fallback","E3 source has NCBI GeneID but no Ensembl gene ID; matched to one selected Ensembl protein-coding gnomAD row by symbol.","DTX3","ENSG00000178498","ENST00000337737","ENST00000337737.8","MANE Select","chr12",57604824,57609802,0.61857,0.68089,10,27.422,0.36467,0.68782,2.8673,0.89675,FALSE,FALSE,"no strong pLoF/missense signal","pass","none",FALSE,FALSE,0.97791,59.992,0,0.027858,"[]","[]"
256,524,"KCTD3",51133,"Q9Y597","CRL3 substrate receptor (BTB protein)","CRL3","","matched","gene symbol checked fallback","E3 source has NCBI GeneID but no Ensembl gene ID; matched to one selected Ensembl protein-coding gnomAD row by symbol.","KCTD3","ENSG00000136636","ENST00000259154","ENST00000259154.9","MANE Select","chr1",215567304,215621807,0.6199,0.00029314,41,85.816,0.47777,0.73141,3.6041,0.97864,FALSE,TRUE,"missense constrained only","pass","none",FALSE,FALSE,0.96401,59.998,0,0,"[]","[]"
257,409,"FBXO31",79791,"Q5XUX0","CRL1 substrate receptor (F-box protein)","CRL1","","matched","gene symbol checked fallback","E3 source has NCBI GeneID but no Ensembl gene ID; matched to one selected Ensembl protein-coding gnomAD row by symbol.","FBXO31","ENSG00000103264","ENST00000311635","ENST00000311635.12","MANE Select","chr16",87326987,87383776,0.62075,0.048922,24,54.373,0.44139,0.84487,1.8562,1.1563,FALSE,FALSE,"no strong pLoF/missense signal","pass","none",FALSE,FALSE,0.91342,59.999,0,0,"[]","[]"
258,183,"RNF43",54894,"Q68DV7","RING","RING","","matched","gene symbol checked fallback","E3 source has NCBI GeneID but no Ensembl gene ID; matched to one selected Ensembl protein-coding gnomAD row by symbol.","RNF43","ENSG00000108375","ENST00000407977","ENST00000407977.7","MANE Select","chr17",58353676,58417534,0.62108,0.00096577,37,78.372,0.47211,0.76793,3.1422,0.87846,FALSE,TRUE,"missense constrained only","pass","none",FALSE,FALSE,1,59.996,0,0,"[]","[]"
259,23,"DTX1",1840,"Q86Y01","RING","RING","","matched","gene symbol checked fallback","E3 source has NCBI GeneID but no Ensembl gene ID; matched to one selected Ensembl protein-coding gnomAD row by symbol.","DTX1","ENSG00000135144","ENST00000548759","ENST00000548759.2","MANE Select","chr12",113056730,113098025,0.62419,0.023838,26,57.798,0.44985,0.78631,2.727,1.0098,FALSE,FALSE,"no strong pLoF/missense signal","pass","none",FALSE,FALSE,0.83441,59.996,0,0,"[]","[]"
260,147,"RNF169",254225,"Q8NCN4","RING","RING","","matched","gene symbol checked fallback","E3 source has NCBI GeneID but no Ensembl gene ID; matched to one selected Ensembl protein-coding gnomAD row by symbol.","RNF169","ENSG00000166439","ENST00000299563","ENST00000299563.5","MANE Select","chr11",74748849,74842413,0.62637,0.038776,24,53.886,0.44538,0.97434,0.32939,1.0893,FALSE,FALSE,"no strong pLoF/missense signal","pass","none",FALSE,FALSE,0.8145,59.997,0,0,"[]","[]"
261,1,"AMFR",267,"Q9UKV5","RING","RING","","matched","gene symbol checked fallback","E3 source has NCBI GeneID but no Ensembl gene ID; matched to one selected Ensembl protein-coding gnomAD row by symbol.","AMFR","ENSG00000159461","ENST00000290649","ENST00000290649.10","MANE Select","chr16",56361452,56425545,0.62667,0.00094147,36,75.862,0.47455,0.82357,2.2109,0.93452,FALSE,FALSE,"no strong pLoF/missense signal","pass","none",FALSE,FALSE,0.86781,59.999,0,0,"[]","[]"
262,133,"RNF138",51444,"Q8WVD3","RING","RING","","matched","gene symbol checked fallback","E3 source has NCBI GeneID but no Ensembl gene ID; matched to one selected Ensembl protein-coding gnomAD row by symbol.","RNF138","ENSG00000134758","ENST00000261593","ENST00000261593.8","MANE Select","chr18",32091874,32131561,0.62726,0.52209,12,30.996,0.38715,0.6398,2.6612,1.0555,FALSE,FALSE,"no strong pLoF/missense signal","pass","none",FALSE,FALSE,0.9483,59.618,0.089796,0,"[]","[]"
263,668,"RABGEF1",27342,"Q9UJ41","Atypical E3 (A20-type zinc finger)","Atypical","","matched","gene symbol checked fallback","E3 source has NCBI GeneID but no Ensembl gene ID; matched to one selected Ensembl protein-coding gnomAD row by symbol.","RABGEF1","ENSG00000154710","ENST00000284957","ENST00000284957.9","MANE Select","chr7",66740733,66811464,0.62914,0.019091,26,57.343,0.45341,0.76365,2.4847,0.87791,FALSE,FALSE,"no strong pLoF/missense signal","pass","none",FALSE,FALSE,1,58.286,0.73116,0,"[]","[]"
264,395,"FBXO10",26267,"Q9UK96","CRL1 substrate receptor (F-box protein)","CRL1","","matched","gene symbol checked fallback","E3 source has NCBI GeneID but no Ensembl gene ID; matched to one selected Ensembl protein-coding gnomAD row by symbol.","FBXO10","ENSG00000147912","ENST00000432825","ENST00000432825.7","MANE Select","chr9",37510892,37576380,0.63148,0.00026124,39,80.667,0.48347,0.80771,2.9214,0.91711,FALSE,FALSE,"no strong pLoF/missense signal","pass","none",FALSE,FALSE,1,59.999,0,0,"[]","[]"
265,641,"ASB9",140462,"Q96DX5","CRL5 substrate receptor (BC-box protein with CUL5 box)","CRL5","","matched","gene symbol checked fallback","E3 source has NCBI GeneID but no Ensembl gene ID; matched to one selected Ensembl protein-coding gnomAD row by symbol.","ASB9","ENSG00000102048","ENST00000380488","ENST00000380488.9","MANE Select","chrX",15243987,15270083,0.63152,0.81863,5,16.647,0.30035,0.94155,0.3776,1.1575,FALSE,FALSE,"no strong pLoF/missense signal","pass","none",FALSE,FALSE,1,59.796,0,0,"[]","[]"
266,526,"KCTD6",200845,"Q8NC69","CRL3 substrate receptor (BTB protein)","CRL3","","matched","gene symbol checked fallback","E3 source has NCBI GeneID but no Ensembl gene ID; matched to one selected Ensembl protein-coding gnomAD row by symbol.","KCTD6","ENSG00000168301","ENST00000404589","ENST00000404589.8","MANE Select","chr3",58492096,58502356,0.6324,0.78922,6,18.726,0.32041,0.54955,3.3288,0.79256,FALSE,TRUE,"missense constrained only","pass","none",FALSE,FALSE,0.89311,59.993,0,0,"[]","[]"
267,34,"IRF2BP2",359948,"Q7Z5L9","RING","RING","","matched","gene symbol checked fallback","E3 source has NCBI GeneID but no Ensembl gene ID; matched to one selected Ensembl protein-coding gnomAD row by symbol.","IRF2BP2","ENSG00000168264","ENST00000366609","ENST00000366609.4","MANE Select","chr1",234604269,234610178,0.63274,0.42426,13,32.665,0.39798,1.1799,-2.2108,1.443,FALSE,FALSE,"missing or flagged constraint","flagged","constraint_flags=[""outlier_syn""]",FALSE,FALSE,0.70358,59.998,0,0,"[]","[""outlier_syn""]"
268,485,"ARMC5",79798,"Q96C12","CRL3 substrate receptor (BTB protein)","CRL3","","matched","gene symbol checked fallback","E3 source has NCBI GeneID but no Ensembl gene ID; matched to one selected Ensembl protein-coding gnomAD row by symbol.","ARMC5","ENSG00000140691","ENST00000268314","ENST00000268314.9","MANE Select","chr16",31459501,31467165,0.63464,0.0079801,28,60.49,0.46289,0.91116,1.3686,1.1198,FALSE,FALSE,"no strong pLoF/missense signal","pass","none",FALSE,FALSE,1,59.997,0,0,"[]","[]"
269,374,"BTRC",8945,"Q9Y297","CRL1 substrate receptor (F-box protein)","CRL1","","matched","gene symbol checked fallback","E3 source has NCBI GeneID but no Ensembl gene ID; matched to one selected Ensembl protein-coding gnomAD row by symbol.","BTRC","ENSG00000166167","ENST00000370187","ENST00000370187.8","MANE Select","chr10",101354165,101557313,0.63532,7.3671e-05,42,85.507,0.49119,0.7989,2.3386,0.96851,FALSE,FALSE,"no strong pLoF/missense signal","pass","none",FALSE,FALSE,1,59.999,0,0,"[]","[]"
270,403,"FBXO24",26261,"O75426","CRL1 substrate receptor (F-box protein)","CRL1","","matched","gene symbol checked fallback","E3 source has NCBI GeneID but no Ensembl gene ID; matched to one selected Ensembl protein-coding gnomAD row by symbol.","FBXO24","ENSG00000106336","ENST00000241071","ENST00000241071.11","MANE Select","chr7",100586328,100601117,0.64115,0.0030427,30,63.465,0.4727,0.81738,2.1519,0.98368,FALSE,FALSE,"no strong pLoF/missense signal","pass","none",FALSE,FALSE,0.99943,59.998,0,0,"[]","[]"
271,503,"IBTK",25998,"Q9P2D0","CRL3 substrate receptor (BTB protein)","CRL3","","matched","gene symbol checked fallback","E3 source has NCBI GeneID but no Ensembl gene ID; matched to one selected Ensembl protein-coding gnomAD row by symbol.","IBTK","ENSG00000005700","ENST00000306270","ENST00000306270.12","MANE Select","chr6",82169987,82247744,0.64324,1.1328e-11,83,154.87,0.53592,0.8406,2.7062,0.96057,FALSE,FALSE,"no strong pLoF/missense signal","pass","none",FALSE,FALSE,0.9968,59.992,0,0,"[]","[]"
272,532,"KLHL11",55175,"Q9NVR0","CRL3 substrate receptor (BTB protein)","CRL3","","matched","gene symbol checked fallback","E3 source has NCBI GeneID but no Ensembl gene ID; matched to one selected Ensembl protein-coding gnomAD row by symbol.","KLHL11","ENSG00000178502","ENST00000319121","ENST00000319121.4","MANE Select","chr17",41848518,41865423,0.64328,0.01027,26,56.083,0.4636,0.68194,4.1131,0.97742,FALSE,TRUE,"missense constrained only","pass","none",FALSE,FALSE,0.97787,59.996,0,0.021657,"[]","[]"
273,323,"WDR24",84219,"Q96S15","Degenerate RING","degenerate RING","Yes","matched","gene symbol checked fallback","E3 source has NCBI GeneID but no Ensembl gene ID; matched to one selected Ensembl protein-coding gnomAD row by symbol.","WDR24","ENSG00000127580","ENST00000293883","ENST00000293883.9","MANE Select","chr16",684622,690398,0.64483,0.0012886,32,66.657,0.48007,0.85484,2.094,1.2044,FALSE,FALSE,"no strong pLoF/missense signal","pass","none",FALSE,FALSE,0.98903,59.999,0,0,"[]","[]"
274,206,"TRAF7",84231,"Q6Q0C0","RING","RING","","matched","gene symbol checked fallback","E3 source has NCBI GeneID but no Ensembl gene ID; matched to one selected Ensembl protein-coding gnomAD row by symbol.","TRAF7","ENSG00000131653","ENST00000326181","ENST00000326181.11","MANE Select","chr16",2155782,2178129,0.64605,1.2357e-05,45,89.305,0.50389,0.73742,3.3932,1.0996,FALSE,TRUE,"missense constrained only","pass","none",FALSE,FALSE,0.98706,59.994,0,0,"[]","[]"
275,662,"WSB1",26118,"Q9Y6I7","CRL5 substrate receptor (BC-box protein with CUL5 box)","CRL5","","matched","gene symbol checked fallback","E3 source has NCBI GeneID but no Ensembl gene ID; matched to one selected Ensembl protein-coding gnomAD row by symbol.","WSB1","ENSG00000109046","ENST00000262394","ENST00000262394.7","MANE Select","chr17",27294114,27315926,0.64855,0.021853,23,50.243,0.45777,0.94204,0.56493,1.0406,FALSE,FALSE,"no strong pLoF/missense signal","pass","none",FALSE,FALSE,0.99367,59.999,0,0,"[]","[]"
276,123,"RNF121",55298,"Q9H920","RING","RING","","matched","gene symbol checked fallback","E3 source has NCBI GeneID but no Ensembl gene ID; matched to one selected Ensembl protein-coding gnomAD row by symbol.","RNF121","ENSG00000137522","ENST00000361756","ENST00000361756.8","MANE Select","chr11",71929046,71997597,0.64984,0.039242,21,46.536,0.45127,0.83172,1.4638,0.96037,FALSE,FALSE,"no strong pLoF/missense signal","pass","none",FALSE,FALSE,1,59.999,0,0,"[]","[]"
277,547,"KLHL28",54813,"Q9NXS3","CRL3 substrate receptor (BTB protein)","CRL3","","matched","gene symbol checked fallback","E3 source has NCBI GeneID but no Ensembl gene ID; matched to one selected Ensembl protein-coding gnomAD row by symbol.","KLHL28","ENSG00000179454","ENST00000396128","ENST00000396128.9","MANE Select","chr14",44924324,44961947,0.65053,0.027953,22,48.291,0.45557,0.74824,2.8496,1.0026,FALSE,FALSE,"no strong pLoF/missense signal","pass","none",FALSE,FALSE,1,59.999,0,0,"[]","[]"
278,60,"MEX3C",51320,"Q5U5Q3","RING","RING","","matched","gene symbol checked fallback","E3 source has NCBI GeneID but no Ensembl gene ID; matched to one selected Ensembl protein-coding gnomAD row by symbol.","MEX3C","ENSG00000176624","ENST00000406189","ENST00000406189.4","MANE Select","chr18",51174550,51197681,0.65106,0.20484,15,35.476,0.42282,0.84361,1.9363,1.1053,FALSE,FALSE,"no strong pLoF/missense signal","pass","none",FALSE,FALSE,0.85888,59.996,0,0.078907,"[]","[]"
279,184,"RNF44",22838,"Q7L0R7","RING","RING","","matched","gene symbol checked fallback","E3 source has NCBI GeneID but no Ensembl gene ID; matched to one selected Ensembl protein-coding gnomAD row by symbol.","RNF44","ENSG00000146083","ENST00000274811","ENST00000274811.9","MANE Select","chr5",176526712,176537402,0.65181,0.0099875,25,53.568,0.4667,0.97559,0.25403,1.1184,FALSE,FALSE,"no strong pLoF/missense signal","pass","none",FALSE,FALSE,0.7608,59.978,0,0.066358,"[]","[]"
280,78,"NFXL1",152518,"Q6ZNB6","RING","RING","","matched","gene symbol checked fallback","E3 source has NCBI GeneID but no Ensembl gene ID; matched to one selected Ensembl protein-coding gnomAD row by symbol.","NFXL1","ENSG00000170448","ENST00000507489","ENST00000507489.2","MANE Select","chr4",47847240,47914583,0.6569,1.8785e-09,66,123.32,0.5352,0.83866,2.3085,0.9591,FALSE,FALSE,"no strong pLoF/missense signal","pass","none",FALSE,FALSE,0.98134,59.999,0,0,"[]","[]"
281,174,"RNF25",64320,"Q96BH1","RING","RING","","matched","gene symbol checked fallback","E3 source has NCBI GeneID but no Ensembl gene ID; matched to one selected Ensembl protein-coding gnomAD row by symbol.","RNF25","ENSG00000163481","ENST00000295704","ENST00000295704.7","MANE Select","chr2",218663892,218672002,0.6608,0.00057731,32,65.046,0.49196,0.843,1.6193,0.93593,FALSE,FALSE,"no strong pLoF/missense signal","pass","none",FALSE,FALSE,0.9695,59.999,0,0,"[]","[]"
282,27,"DTX4",23220,"Q9Y2E6","RING","RING","","matched","gene symbol checked fallback","E3 source has NCBI GeneID but no Ensembl gene ID; matched to one selected Ensembl protein-coding gnomAD row by symbol.","DTX4","ENSG00000110042","ENST00000227451","ENST00000227451.4","MANE Select","chr11",59172132,59208588,0.6667,0.0018801,28,57.58,0.48628,0.85446,1.7955,0.95464,FALSE,FALSE,"no strong pLoF/missense signal","pass","none",FALSE,FALSE,1,59.999,0,0,"[]","[]"
283,310,"PIAS3",10401,"Q9Y6X2","Degenerate RING (SP-RING), SUMO E3","degenerate RING","","matched","gene symbol checked fallback","E3 source has NCBI GeneID but no Ensembl gene ID; matched to one selected Ensembl protein-coding gnomAD row by symbol.","PIAS3","ENSG00000131788","ENST00000393045","ENST00000393045.7","MANE Select","chr1",145848522,145859081,0.66971,0.00017668,34,67.59,0.50303,0.87549,1.494,1.0868,FALSE,FALSE,"no strong pLoF/missense signal","pass","none",FALSE,FALSE,1,60,0,0,"[]","[]"
284,482,"ABTB2",25841,"Q8N961","CRL3 substrate receptor (BTB protein)","CRL3","","matched","gene symbol checked fallback","E3 source has NCBI GeneID but no Ensembl gene ID; matched to one selected Ensembl protein-coding gnomAD row by symbol.","ABTB2","ENSG00000166016","ENST00000435224","ENST00000435224.3","MANE Select","chr11",34150987,34358010,0.67196,2.7544e-08,56,104.11,0.53787,0.90859,1.4627,0.99629,FALSE,FALSE,"no strong pLoF/missense signal","pass","none",FALSE,FALSE,1,59.998,0,0,"[]","[]"
285,423,"FBXO46",23403,"Q6PJ61","CRL1 substrate receptor (F-box protein)","CRL1","","matched","gene symbol checked fallback","E3 source has NCBI GeneID but no Ensembl gene ID; matched to one selected Ensembl protein-coding gnomAD row by symbol.","FBXO46","ENSG00000177051","ENST00000317683","ENST00000317683.4","MANE Select","chr19",45710629,45730896,0.67406,0.21318,13,30.663,0.42397,0.86518,1.6975,1.2106,FALSE,FALSE,"no strong pLoF/missense signal","pass","none",FALSE,FALSE,0.99005,59.998,0,0.021559,"[]","[]"
286,606,"DTL",51514,"Q9NZJ0","CRL4 substrate receptor (DDB1-binding protein)","CRL4","","matched","gene symbol checked fallback","E3 source has NCBI GeneID but no Ensembl gene ID; matched to one selected Ensembl protein-coding gnomAD row by symbol.","DTL","ENSG00000143476","ENST00000366991","ENST00000366991.5","MANE Select","chr1",212035748,212105013,0.67617,1.1382e-06,46,86.984,0.52883,0.84774,1.9147,0.9896,FALSE,FALSE,"no strong pLoF/missense signal","pass","none",FALSE,FALSE,1,59.999,0,0,"[]","[]"
287,315,"MIOS",54468,"Q9NXC5","Degenerate RING","degenerate RING","Yes","matched","gene symbol checked fallback","E3 source has NCBI GeneID but no Ensembl gene ID; matched to one selected Ensembl protein-coding gnomAD row by symbol.","MIOS","ENSG00000164654","ENST00000340080","ENST00000340080.9","MANE Select","chr7",7566884,7608932,0.67623,1.0107e-07,52,96.884,0.53672,0.95458,0.62856,1.1044,FALSE,FALSE,"no strong pLoF/missense signal","pass","none",FALSE,FALSE,1,59.999,0,0,"[]","[]"
288,443,"LMO7",4008,"Q8WWI1","CRL1 substrate receptor (F-box protein)","CRL1","","matched","gene symbol checked fallback","E3 source has NCBI GeneID but no Ensembl gene ID; matched to one selected Ensembl protein-coding gnomAD row by symbol.","LMO7","ENSG00000136153","ENST00000377534","ENST00000377534.8","MANE Select","chr13",75636330,75859866,0.67633,3.3223e-20,120,206.47,0.58119,1.0006,-0.011082,1.0359,FALSE,FALSE,"no strong pLoF/missense signal","pass","none",FALSE,FALSE,0.99918,59.998,0,0,"[]","[]"
289,130,"RNF130",55819,"Q86XS8","RING","RING","","matched","gene symbol checked fallback","E3 source has NCBI GeneID but no Ensembl gene ID; matched to one selected Ensembl protein-coding gnomAD row by symbol.","RNF130","ENSG00000113269","ENST00000521389","ENST00000521389.6","MANE Select","chr5",179955067,180071759,0.6779,0.015371,21,44.609,0.47076,0.85439,1.4704,1.0171,FALSE,FALSE,"no strong pLoF/missense signal","pass","none",FALSE,FALSE,0.87112,59.999,0,0,"[]","[]"
290,411,"FBXO33",254170,"Q7Z6M2","CRL1 substrate receptor (F-box protein)","CRL1","","matched","gene symbol checked fallback","E3 source has NCBI GeneID but no Ensembl gene ID; matched to one selected Ensembl protein-coding gnomAD row by symbol.","FBXO33","ENSG00000165355","ENST00000298097","ENST00000298097.8","MANE Select","chr14",39397684,39432433,0.67852,0.010529,22,46.299,0.47517,0.97631,0.26897,1.1567,FALSE,FALSE,"no strong pLoF/missense signal","pass","none",FALSE,FALSE,0.89249,59.998,0,0,"[]","[]"
291,256,"TRIM59",286827,"Q8IWR1","RING","RING","","matched","gene symbol checked fallback","E3 source has NCBI GeneID but no Ensembl gene ID; matched to one selected Ensembl protein-coding gnomAD row by symbol.","TRIM59","ENSG00000213186","ENST00000309784","ENST00000309784.9","MANE Select","chr3",160435503,160449786,0.67938,0.14708,14,32.215,0.43457,1.0166,-0.15271,1.051,FALSE,FALSE,"no strong pLoF/missense signal","pass","none",FALSE,FALSE,1,59.998,0,0.0099256,"[]","[]"
292,657,"SPSB1",80176,"Q96BD6","CRL5 substrate receptor (BC-box protein with CUL5 box)","CRL5","","matched","gene symbol checked fallback","E3 source has NCBI GeneID but no Ensembl gene ID; matched to one selected Ensembl protein-coding gnomAD row by symbol.","SPSB1","ENSG00000171621","ENST00000328089","ENST00000328089.11","MANE Select","chr1",9292894,9369532,0.68045,0.52693,8,21.213,0.37712,0.64061,2.9791,1.0453,FALSE,FALSE,"no strong pLoF/missense signal","pass","none",FALSE,FALSE,1,59.999,0,0,"[]","[]"
293,325,"MAEA",10296,"Q7L5Y9","Degenerate RING (U-box)","degenerate RING","","matched","gene symbol checked fallback","E3 source has NCBI GeneID but no Ensembl gene ID; matched to one selected Ensembl protein-coding gnomAD row by symbol.","MAEA","ENSG00000090316","ENST00000303400","ENST00000303400.9","MANE Select","chr4",1289891,1340137,0.68061,0.0098124,22,46.157,0.47664,0.70419,2.9803,1.1053,FALSE,FALSE,"no strong pLoF/missense signal","pass","none",FALSE,FALSE,1,59.998,0,0,"[]","[]"
294,499,"ENC1",8507,"O14682","CRL3 substrate receptor (BTB protein)","CRL3","","matched","gene symbol checked fallback","E3 source has NCBI GeneID but no Ensembl gene ID; matched to one selected Ensembl protein-coding gnomAD row by symbol.","ENC1","ENSG00000171617","ENST00000302351","ENST00000302351.9","MANE Select","chr5",74627409,74640728,0.68156,0.027801,19,40.905,0.46449,0.64953,4.0591,0.9789,FALSE,TRUE,"missense constrained only","pass","none",FALSE,FALSE,1,59.999,0,0,"[]","[]"
295,339,"RNF14",9604,"Q9UBS8","RING-between-RING","RBR","","matched","gene symbol checked fallback","E3 source has NCBI GeneID but no Ensembl gene ID; matched to one selected Ensembl protein-coding gnomAD row by symbol.","RNF14","ENSG00000013561","ENST00000394520","ENST00000394520.7","MANE Select","chr5",141969105,141990292,0.68566,0.0018359,26,52.616,0.49415,0.72098,2.8169,0.9603,FALSE,FALSE,"no strong pLoF/missense signal","pass","none",FALSE,FALSE,1,59.608,0.038678,0,"[]","[]"
296,291,"VPS8",23355,"Q8N3P4","RING","RING","","matched","gene symbol checked fallback","E3 source has NCBI GeneID but no Ensembl gene ID; matched to one selected Ensembl protein-coding gnomAD row by symbol.","VPS8","ENSG00000156931","ENST00000625842","ENST00000625842.3","MANE Select","chr3",184812166,185052604,0.69005,7.4162e-23,129,216.37,0.59621,0.9094,1.5854,1.0099,FALSE,FALSE,"no strong pLoF/missense signal","pass","none",FALSE,FALSE,0.9965,59.999,0,0,"[]","[]"
297,209,"TRIM11",81559,"Q96F44","RING","RING","","matched","gene symbol checked fallback","E3 source has NCBI GeneID but no Ensembl gene ID; matched to one selected Ensembl protein-coding gnomAD row by symbol.","TRIM11","ENSG00000154370","ENST00000284551","ENST00000284551.11","MANE Select","chr1",228393676,228406835,0.69154,0.083653,15,33.4,0.44911,0.7475,2.7824,0.92857,FALSE,FALSE,"no strong pLoF/missense signal","pass","none",FALSE,FALSE,0.95513,59.998,0,0,"[]","[]"
298,429,"FBXO8",26269,"Q9NRD0","CRL1 substrate receptor (F-box protein)","CRL1","","matched","gene symbol checked fallback","E3 source has NCBI GeneID but no Ensembl gene ID; matched to one selected Ensembl protein-coding gnomAD row by symbol.","FBXO8","ENSG00000164117","ENST00000393674","ENST00000393674.7","MANE Select","chr4",174236658,174283667,0.6922,0.082434,15,33.367,0.44954,0.72053,2.3243,1.0035,FALSE,FALSE,"no strong pLoF/missense signal","pass","none",FALSE,FALSE,1,59.998,0,0,"[]","[]"
299,127,"RNF126",55658,"Q9BV68","RING","RING","","matched","gene symbol checked fallback","E3 source has NCBI GeneID but no Ensembl gene ID; matched to one selected Ensembl protein-coding gnomAD row by symbol.","RNF126","ENSG00000070423","ENST00000292363","ENST00000292363.10","MANE Select","chr19",647526,663214,0.69374,0.01353,20,41.892,0.47742,0.94007,0.54858,1.1779,FALSE,FALSE,"no strong pLoF/missense signal","pass","none",FALSE,FALSE,0.79636,59.944,0,0,"[]","[]"
300,513,"KBTBD7",84078,"Q8WVZ9","CRL3 substrate receptor (BTB protein)","CRL3","","matched","gene symbol checked fallback","E3 source has NCBI GeneID but no Ensembl gene ID; matched to one selected Ensembl protein-coding gnomAD row by symbol.","KBTBD7","ENSG00000120696","ENST00000379483","ENST00000379483.4","MANE Select","chr13",41189834,41194569,0.69427,0.0019627,25,50.292,0.4971,0.75097,3.1319,0.93766,FALSE,TRUE,"missense constrained only","pass","none",FALSE,FALSE,1,56.675,0,0,"[]","[]"
301,40,"LONRF2",164832,"Q1L5Z9","RING","RING","","matched","gene symbol checked fallback","E3 source has NCBI GeneID but no Ensembl gene ID; matched to one selected Ensembl protein-coding gnomAD row by symbol.","LONRF2","ENSG00000170500","ENST00000393437","ENST00000393437.8","MANE Select","chr2",100271875,100322501,0.69687,3.1445e-05,35,66.59,0.52561,0.90011,1.3487,0.99733,FALSE,FALSE,"no strong pLoF/missense signal","pass","none",FALSE,FALSE,0.80239,59.985,0,0,"[]","[]"
302,525,"KCTD5",54442,"Q9NXV2","CRL3 substrate receptor (BTB protein)","CRL3","","matched","gene symbol checked fallback","E3 source has NCBI GeneID but no Ensembl gene ID; matched to one selected Ensembl protein-coding gnomAD row by symbol.","KCTD5","ENSG00000167977","ENST00000301738","ENST00000301738.9","MANE Select","chr16",2682523,2709030,0.69696,0.18828,12,27.896,0.43017,0.82235,1.256,1.2108,FALSE,FALSE,"no strong pLoF/missense signal","pass","none",FALSE,FALSE,0.76781,58.293,0.51425,0,"[]","[]"
303,118,"RNF112",7732,"Q9ULX5","RING","RING","","matched","gene symbol checked fallback","E3 source has NCBI GeneID but no Ensembl gene ID; matched to one selected Ensembl protein-coding gnomAD row by symbol.","RNF112","ENSG00000128482","ENST00000461366","ENST00000461366.2","MANE Select","chr17",19411232,19417276,0.69941,4.2174e-05,34,64.719,0.52535,0.86356,1.6965,1.0015,FALSE,FALSE,"no strong pLoF/missense signal","pass","none",FALSE,FALSE,0.99842,59.998,0,0,"[]","[]"
304,519,"KCTD17",79734,"Q8N5Z5","CRL3 substrate receptor (BTB protein)","CRL3","","matched","gene symbol checked fallback","E3 source has NCBI GeneID but no Ensembl gene ID; matched to one selected Ensembl protein-coding gnomAD row by symbol.","KCTD17","ENSG00000100379","ENST00000403888","ENST00000403888.8","MANE Select","chr22",37051742,37063390,0.70076,0.011002,20,41.472,0.48225,0.74195,2.2748,0.89774,FALSE,FALSE,"no strong pLoF/missense signal","pass","none",FALSE,FALSE,0.90234,59.997,0,0.087049,"[]","[]"
305,37,"LNX2",222484,"Q8N448","RING","RING","","matched","gene symbol checked fallback","E3 source has NCBI GeneID but no Ensembl gene ID; matched to one selected Ensembl protein-coding gnomAD row by symbol.","LNX2","ENSG00000139517","ENST00000316334","ENST00000316334.5","MANE Select","chr13",27545913,27620529,0.70076,2.6142e-05,35,66.22,0.52854,0.92972,0.87431,1.0677,FALSE,FALSE,"no strong pLoF/missense signal","pass","none",FALSE,FALSE,0.99952,59.998,0,0,"[]","[]"
306,236,"TRIM43",129868,"Q96BQ3","RING","RING","","matched","gene symbol checked fallback","E3 source has NCBI GeneID but no Ensembl gene ID; matched to one selected Ensembl protein-coding gnomAD row by symbol.","TRIM43","ENSG00000144015","ENST00000272395","ENST00000272395.3","MANE Select","chr2",95592001,95599778,0.70242,0.17225,12,27.679,0.43354,0.52173,3.8513,0.52483,FALSE,FALSE,"missing or flagged constraint","flagged","gene_flags=[""low_exome_mapping_quality""]",TRUE,TRUE,0.55157,38.185,1,0,"[""low_exome_mapping_quality""]","[]"
307,320,"RTF2",51507,"Q9BY42","Degenerate RING","degenerate RING","","matched","gene symbol checked fallback","E3 source has NCBI GeneID but no Ensembl gene ID; matched to one selected Ensembl protein-coding gnomAD row by symbol.","RTF2","ENSG00000022277","ENST00000357348","ENST00000357348.10","MANE Select","chr20",56468627,56519449,0.70301,0.022005,18,37.968,0.47409,0.81931,1.5014,0.91882,FALSE,FALSE,"no strong pLoF/missense signal","pass","none",FALSE,FALSE,1,60,0,0,"[]","[]"
308,92,"PHF7",51533,"Q9BWX1","RING","RING","","matched","gene symbol checked fallback","E3 source has NCBI GeneID but no Ensembl gene ID; matched to one selected Ensembl protein-coding gnomAD row by symbol.","PHF7","ENSG00000010318","ENST00000327906","ENST00000327906.8","MANE Select","chr3",52410660,52423641,0.71065,0.0016581,24,47.495,0.50532,0.79036,1.9108,1.0146,FALSE,FALSE,"no strong pLoF/missense signal","pass","none",FALSE,FALSE,1,59.999,0,0,"[]","[]"
309,518,"KCTD13",253980,"Q8WZ19","CRL3 substrate receptor (BTB protein)","CRL3","","matched","gene symbol checked fallback","E3 source has NCBI GeneID but no Ensembl gene ID; matched to one selected Ensembl protein-coding gnomAD row by symbol.","KCTD13","ENSG00000174943","ENST00000568000","ENST00000568000.6","MANE Select","chr16",29906339,29926226,0.71427,0.050932,15,32.337,0.46387,0.74458,2.3175,0.94433,FALSE,FALSE,"no strong pLoF/missense signal","pass","none",FALSE,FALSE,1,60,0,0,"[]","[]"
310,24,"DTX2",113878,"Q86UW9","RING","RING","","matched","gene symbol checked fallback","E3 source has NCBI GeneID but no Ensembl gene ID; matched to one selected Ensembl protein-coding gnomAD row by symbol.","DTX2","ENSG00000091073","ENST00000430490","ENST00000430490.7","MANE Select","chr7",76461709,76505991,0.7144,0.0001812,29,55.348,0.52396,0.65286,4.246,0.81087,FALSE,FALSE,"missing or flagged constraint","flagged","gene_flags=[""low_exome_mapping_quality""]",TRUE,TRUE,0.85263,49.284,1,0,"[""low_exome_mapping_quality""]","[]"
311,552,"KLHL32",114792,"Q96NJ5","CRL3 substrate receptor (BTB protein)","CRL3","","matched","gene symbol checked fallback","E3 source has NCBI GeneID but no Ensembl gene ID; matched to one selected Ensembl protein-coding gnomAD row by symbol.","KLHL32","ENSG00000186231","ENST00000369261","ENST00000369261.9","MANE Select","chr6",96924728,97140753,0.71651,1.2644e-05,35,64.764,0.54042,0.76642,2.7616,0.92169,FALSE,FALSE,"no strong pLoF/missense signal","pass","none",FALSE,FALSE,1,59.998,0,0,"[]","[]"
312,266,"TRIM67",440730,"Q6ZTA4","RING","RING","","matched","gene symbol checked fallback","E3 source has NCBI GeneID but no Ensembl gene ID; matched to one selected Ensembl protein-coding gnomAD row by symbol.","TRIM67","ENSG00000119283","ENST00000366653","ENST00000366653.6","MANE Select","chr1",231162058,231221565,0.71723,2.1234e-06,39,71.023,0.54912,0.90157,1.379,1.0149,FALSE,FALSE,"no strong pLoF/missense signal","pass","none",FALSE,FALSE,0.99787,59.998,0,0.013197,"[]","[]"
313,498,"CCIN",881,"Q13939","CRL3 substrate receptor (BTB protein)","CRL3","","matched","gene symbol checked fallback","E3 source has NCBI GeneID but no Ensembl gene ID; matched to one selected Ensembl protein-coding gnomAD row by symbol.","CCIN","ENSG00000185972","ENST00000335119","ENST00000335119.4","MANE Select","chr9",36169388,36171334,0.71801,0.047006,15,32.168,0.4663,0.82044,2.1102,1.0156,FALSE,FALSE,"no strong pLoF/missense signal","pass","none",FALSE,FALSE,1,60,0,0,"[]","[]"
314,605,"DET1",55070,"Q7L5Y6","CRL4 substrate receptor (DDB1-binding protein)","CRL4","","matched","gene symbol checked fallback","E3 source has NCBI GeneID but no Ensembl gene ID; matched to one selected Ensembl protein-coding gnomAD row by symbol.","DET1","ENSG00000140543","ENST00000268148","ENST00000268148.13","MANE Select","chr15",88512480,88546681,0.71859,0.0029233,22,43.717,0.50323,0.99961,0.0044275,1.1835,FALSE,FALSE,"no strong pLoF/missense signal","pass","none",FALSE,FALSE,1,60,0,0,"[]","[]"
315,378,"FBXL2",25827,"Q9UKC9","CRL1 substrate receptor (F-box protein)","CRL1","","matched","gene symbol checked fallback","E3 source has NCBI GeneID but no Ensembl gene ID; matched to one selected Ensembl protein-coding gnomAD row by symbol.","FBXL2","ENSG00000153558","ENST00000484457","ENST00000484457.6","MANE Select","chr3",33277442,33388092,0.71981,2.911e-06,38,69.197,0.54916,0.68035,3.1097,0.95358,FALSE,TRUE,"missense constrained only","pass","none",FALSE,FALSE,0.99764,59.999,0,0,"[]","[]"
316,345,"RNF217",154214,"Q8TC41","RING-between-RING","RBR","","matched","gene symbol checked fallback","E3 source has NCBI GeneID but no Ensembl gene ID; matched to one selected Ensembl protein-coding gnomAD row by symbol.","RNF217","ENSG00000146373","ENST00000521654","ENST00000521654.7","MANE Select","chr6",124962437,125092633,0.72348,5.3714e-05,31,57.829,0.53607,0.98265,0.19694,1.0645,FALSE,FALSE,"no strong pLoF/missense signal","pass","none",FALSE,FALSE,0.88622,59.995,0,0,"[]","[]"
317,55,"MARCHF9",92979,"Q86YJ5","RING","RING","","matched","gene symbol checked fallback","E3 source has NCBI GeneID but no Ensembl gene ID; matched to one selected Ensembl protein-coding gnomAD row by symbol.","MARCHF9","ENSG00000139266","ENST00000266643","ENST00000266643.6","MANE Select","chr12",57755103,57760411,0.72438,0.018913,17,35.202,0.48293,0.80719,1.7982,0.88249,FALSE,FALSE,"no strong pLoF/missense signal","pass","none",FALSE,FALSE,0.71676,59.999,0,0,"[]","[]"
318,164,"RNF213",57674,"Q63HN8","RING, atypical E3 (RZ finger)","RING; Atypical","","matched","gene symbol checked fallback","E3 source has NCBI GeneID but no Ensembl gene ID; matched to one selected Ensembl protein-coding gnomAD row by symbol.","RNF213","ENSG00000173821","ENST00000582970","ENST00000582970.6","MANE Select","chr17",80260852,80398794,0.72511,3.099e-71,341,514.38,0.66294,0.87172,4.4498,0.99881,FALSE,TRUE,"missense constrained only","pass","none",FALSE,FALSE,0.9991,59.999,0,0,"[]","[]"
319,467,"PCMTD2",55251,"Q9NV79","CRL2 substrate receptor (BC-CUL2-box), CRL5 substrate receptor (BC-CUL5-box)","CRL2; CRL5","","matched","gene symbol checked fallback","E3 source has NCBI GeneID but no Ensembl gene ID; matched to one selected Ensembl protein-coding gnomAD row by symbol.","PCMTD2","ENSG00000203880","ENST00000308824","ENST00000308824.11","MANE Select","chr20",64255748,64276226,0.72683,0.026487,16,33.434,0.47855,0.83127,1.5263,1.0014,FALSE,FALSE,"no strong pLoF/missense signal","pass","none",FALSE,FALSE,0.99815,59.998,0.090489,0,"[]","[]"
320,590,"DCAF12",25853,"Q5T6F0","CRL4 substrate receptor (DDB1-binding protein)","CRL4","","matched","gene symbol checked fallback","E3 source has NCBI GeneID but no Ensembl gene ID; matched to one selected Ensembl protein-coding gnomAD row by symbol.","DCAF12","ENSG00000198876","ENST00000361264","ENST00000361264.9","MANE Select","chr9",34086387,34126698,0.72708,0.00017314,28,52.799,0.53032,0.76961,2.309,0.90945,FALSE,FALSE,"no strong pLoF/missense signal","pass","none",FALSE,FALSE,1,60,0,0,"[]","[]"
321,571,"RHOBTB1",9886,"O94844","CRL3 substrate receptor (BTB protein)","CRL3","","matched","gene symbol checked fallback","E3 source has NCBI GeneID but no Ensembl gene ID; matched to one selected Ensembl protein-coding gnomAD row by symbol.","RHOBTB1","ENSG00000072422","ENST00000337910","ENST00000337910.10","MANE Select","chr10",60869438,60944185,0.72732,8.2638e-07,40,71.591,0.55873,0.89147,1.384,0.9524,FALSE,FALSE,"no strong pLoF/missense signal","pass","none",FALSE,FALSE,1,59.999,0,0,"[]","[]"
322,103,"RCHY1",25898,"Q96PM5","RING","RING","","matched","gene symbol checked fallback","E3 source has NCBI GeneID but no Ensembl gene ID; matched to one selected Ensembl protein-coding gnomAD row by symbol.","RCHY1","ENSG00000163743","ENST00000324439","ENST00000324439.10","MANE Select","chr4",75479033,75514403,0.72758,0.0033995,21,41.563,0.50526,0.81455,1.4266,0.76778,FALSE,FALSE,"no strong pLoF/missense signal","pass","none",FALSE,FALSE,1,59.997,0,0,"[]","[]"
323,369,"UBE3B",89910,"Q7Z3V4","HECT E3 ligase","HECT","","matched","gene symbol checked fallback","E3 source has NCBI GeneID but no Ensembl gene ID; matched to one selected Ensembl protein-coding gnomAD row by symbol.","UBE3B","ENSG00000151148","ENST00000342494","ENST00000342494.8","MANE Select","chr12",109477634,109536702,0.72837,5.7075e-15,80,132.28,0.60477,0.87779,1.9239,0.93589,FALSE,FALSE,"no strong pLoF/missense signal","pass","none",FALSE,FALSE,0.99157,59.999,0,0,"[]","[]"
324,262,"TRIM64",120146,"A6NGJ6","RING","RING","","matched","gene symbol checked fallback","E3 source has NCBI GeneID but no Ensembl gene ID; matched to one selected Ensembl protein-coding gnomAD row by symbol.","TRIM64","ENSG00000204450","ENST00000533122","ENST00000533122.3","Ensembl canonical","chr11",89968502,89974072,0.73286,0.71324,3,10.58,0.28355,0.19078,4.255,0.14283,FALSE,FALSE,"missing or flagged constraint","flagged","gene_flags=[""low_exome_coverage"",""low_exome_mapping_quality""]",TRUE,TRUE,0,35.993,1,0,"[""low_exome_coverage"",""low_exome_mapping_quality""]","[]"
325,624,"WIPI2",26100,"Q9Y4P8","CRL4 substrate receptor (DDB1-binding protein)","CRL4","","matched","gene symbol checked fallback","E3 source has NCBI GeneID but no Ensembl gene ID; matched to one selected Ensembl protein-coding gnomAD row by symbol.","WIPI2","ENSG00000157954","ENST00000288828","ENST00000288828.9","MANE Select","chr7",5190233,5233840,0.73408,0.00013465,28,52.295,0.53542,0.83927,1.6831,1.0937,FALSE,FALSE,"no strong pLoF/missense signal","pass","none",FALSE,FALSE,0.99413,59.658,0,0,"[]","[]"
326,431,"FBXW10",10517,"Q5XX13","CRL1 substrate receptor (F-box protein)","CRL1","","matched","gene symbol checked fallback","E3 source has NCBI GeneID but no Ensembl gene ID; matched to one selected Ensembl protein-coding gnomAD row by symbol.","FBXW10","ENSG00000171931","ENST00000395665","ENST00000395665.9","MANE Select","chr17",18744054,18779349,0.73578,9.7946e-13,68,113.09,0.6013,0.58623,6.3245,0.60009,FALSE,FALSE,"missing or flagged constraint","flagged","gene_flags=[""low_exome_mapping_quality""]; constraint_flags=[""outlier_syn""]",TRUE,TRUE,0.923,43.199,0.89575,0,"[""low_exome_mapping_quality""]","[""outlier_syn""]"
327,604,"DDB2",1643,"Q92466","CRL4 substrate receptor (DDB1-binding protein)","CRL4","","matched","gene symbol checked fallback","E3 source has NCBI GeneID but no Ensembl gene ID; matched to one selected Ensembl protein-coding gnomAD row by symbol.","DDB2","ENSG00000134574","ENST00000256996","ENST00000256996.9","MANE Select","chr11",47214974,47239217,0.73724,0.0001879,27,50.505,0.5346,0.77714,2.2201,0.85663,FALSE,FALSE,"no strong pLoF/missense signal","pass","none",FALSE,FALSE,1,59.979,0,0,"[]","[]"
328,129,"RNF13",11342,"O43567","RING","RING","","matched","gene symbol checked fallback","E3 source has NCBI GeneID but no Ensembl gene ID; matched to one selected Ensembl protein-coding gnomAD row by symbol.","RNF13","ENSG00000082996","ENST00000392894","ENST00000392894.8","MANE Select","chr3",149813215,149962139,0.73859,0.0058669,19,37.746,0.50336,0.82788,1.5623,0.91269,FALSE,FALSE,"no strong pLoF/missense signal","pass","none",FALSE,FALSE,0.89239,59.804,0.31671,0,"[]","[]"
329,98,"RAG1",5896,"P15918","RING","RING","","matched","gene symbol checked fallback","E3 source has NCBI GeneID but no Ensembl gene ID; matched to one selected Ensembl protein-coding gnomAD row by symbol.","RAG1","ENSG00000166349","ENST00000299440","ENST00000299440.6","MANE Select","chr11",36568007,36579762,0.73994,4.5436e-06,35,62.713,0.55809,0.91429,1.3071,0.98021,FALSE,FALSE,"no strong pLoF/missense signal","pass","none",FALSE,FALSE,1,59.999,0,0,"[]","[]"
330,10,"BRAP",8315,"Q7Z569","RING","RING","","matched","gene symbol checked fallback","E3 source has NCBI GeneID but no Ensembl gene ID; matched to one selected Ensembl protein-coding gnomAD row by symbol.","BRAP","ENSG00000089234","ENST00000419234","ENST00000419234.9","MANE Select","chr12",111642146,111685956,0.74055,1.7139e-07,42,73.356,0.57255,0.78917,2.4648,0.95377,FALSE,FALSE,"no strong pLoF/missense signal","pass","none",FALSE,FALSE,1,59.999,0,0,"[]","[]"
331,544,"KLHL24",54800,"Q6TFL4","CRL3 substrate receptor (BTB protein)","CRL3","","matched","gene symbol checked fallback","E3 source has NCBI GeneID but no Ensembl gene ID; matched to one selected Ensembl protein-coding gnomAD row by symbol.","KLHL24","ENSG00000114796","ENST00000242810","ENST00000242810.11","MANE Select","chr3",183635623,183684519,0.74072,6.79e-05,29,53.382,0.54326,0.67737,3.7532,0.87505,FALSE,TRUE,"missense constrained only","pass","none",FALSE,FALSE,0.99667,59.999,0,0,"[]","[]"
332,86,"PCGF6",84108,"Q9BYE7","RING","RING","","matched","gene symbol checked fallback","E3 source has NCBI GeneID but no Ensembl gene ID; matched to one selected Ensembl protein-coding gnomAD row by symbol.","PCGF6","ENSG00000156374","ENST00000369847","ENST00000369847.4","MANE Select","chr10",103302796,103351140,0.74213,0.00060696,24,45.481,0.5277,0.80332,1.7658,0.93782,FALSE,FALSE,"no strong pLoF/missense signal","pass","none",FALSE,FALSE,0.89714,59.263,0.051429,0.066667,"[]","[]"
333,229,"TRIM37",4591,"O94972","RING","RING","","matched","gene symbol checked fallback","E3 source has NCBI GeneID but no Ensembl gene ID; matched to one selected Ensembl protein-coding gnomAD row by symbol.","TRIM37","ENSG00000108395","ENST00000262294","ENST00000262294.12","MANE Select","chr17",58998202,59106880,0.74227,1.6584e-15,80,129.81,0.61631,0.89587,1.5233,1.0049,FALSE,FALSE,"no strong pLoF/missense signal","pass","none",FALSE,FALSE,1,59.998,0,0,"[]","[]"
334,26,"DTX3L",151636,"Q8TDB6","RING","RING","","matched","gene symbol checked fallback","E3 source has NCBI GeneID but no Ensembl gene ID; matched to one selected Ensembl protein-coding gnomAD row by symbol.","DTX3L","ENSG00000163840","ENST00000296161","ENST00000296161.9","MANE Select","chr3",122564338,122575203,0.74314,6.3043e-06,34,60.911,0.55819,0.92674,0.92373,0.916,FALSE,FALSE,"no strong pLoF/missense signal","pass","none",FALSE,FALSE,1,59.999,0,0,"[]","[]"
335,94,"PJA1",64219,"Q8NG27","RING","RING","","matched","gene symbol checked fallback","E3 source has NCBI GeneID but no Ensembl gene ID; matched to one selected Ensembl protein-coding gnomAD row by symbol.","PJA1","ENSG00000181191","ENST00000374571","ENST00000374571.5","MANE Select","chrX",69160861,69165453,0.74334,0.56099,5,14.143,0.35353,0.81642,1.72,0.91148,FALSE,FALSE,"no strong pLoF/missense signal","pass","none",FALSE,FALSE,1,59.998,0,0,"[]","[]"
336,589,"DCAF11",80344,"Q8TEB1","CRL4 substrate receptor (DDB1-binding protein)","CRL4","","matched","gene symbol checked fallback","E3 source has NCBI GeneID but no Ensembl gene ID; matched to one selected Ensembl protein-coding gnomAD row by symbol.","DCAF11","ENSG00000100897","ENST00000446197","ENST00000446197.8","MANE Select","chr14",24114777,24125242,0.74372,5.6995e-08,44,76.067,0.57844,0.8514,1.688,1.0119,FALSE,FALSE,"no strong pLoF/missense signal","pass","none",FALSE,FALSE,1,59.998,0,0,"[]","[]"
337,382,"FBXL14",144699,"Q8N1E6","CRL1 substrate receptor (F-box protein)","CRL1","","matched","gene symbol checked fallback","E3 source has NCBI GeneID but no Ensembl gene ID; matched to one selected Ensembl protein-coding gnomAD row by symbol.","FBXL14","ENSG00000171823","ENST00000339235","ENST00000339235.4","MANE Select","chr12",1565993,1594581,0.74427,0.12437,11,24.464,0.44965,0.70379,2.9509,1.223,FALSE,FALSE,"no strong pLoF/missense signal","pass","none",FALSE,FALSE,0.95136,59.997,0,0,"[]","[]"
338,475,"ZSWIM4",65249,"Q9H7M6","CRL2 substrate receptor (BC-CUL2-box)","CRL2","","matched","gene symbol checked fallback","E3 source has NCBI GeneID but no Ensembl gene ID; matched to one selected Ensembl protein-coding gnomAD row by symbol.","ZSWIM4","ENSG00000132003","ENST00000590508","ENST00000590508.6","MANE Select","chr19",13795443,13832254,0.7473,7.8286e-12,62,102.5,0.60487,0.83682,2.7218,0.96659,FALSE,FALSE,"no strong pLoF/missense signal","pass","none",FALSE,FALSE,0.8481,59.998,0,0,"[]","[]"
339,207,"TRAIP",10293,"Q9BWF2","RING","RING","","matched","gene symbol checked fallback","E3 source has NCBI GeneID but no Ensembl gene ID; matched to one selected Ensembl protein-coding gnomAD row by symbol.","TRAIP","ENSG00000183763","ENST00000331456","ENST00000331456.7","MANE Select","chr3",49828601,49856564,0.74837,1.2484e-06,37,65.042,0.56886,0.83013,1.7439,0.85368,FALSE,FALSE,"no strong pLoF/missense signal","pass","none",FALSE,FALSE,1,59.998,0,0,"[]","[]"
340,348,"HACE1",57531,"Q8IYU2","HECT E3 ligase","HECT","","matched","gene symbol checked fallback","E3 source has NCBI GeneID but no Ensembl gene ID; matched to one selected Ensembl protein-coding gnomAD row by symbol.","HACE1","ENSG00000085382","ENST00000262903","ENST00000262903.9","MANE Select","chr6",104728094,104859919,0.74898,3.0378e-14,73,118.42,0.61644,0.67957,4.5369,0.98182,FALSE,TRUE,"missense constrained only","pass","none",FALSE,FALSE,0.96883,59.999,0,0,"[]","[]"
341,228,"TRIM36",55521,"Q9NQ86","RING","RING","","matched","gene symbol checked fallback","E3 source has NCBI GeneID but no Ensembl gene ID; matched to one selected Ensembl protein-coding gnomAD row by symbol.","TRIM36","ENSG00000152503","ENST00000513154","ENST00000513154.6","MANE Select","chr5",115124772,115169908,0.74999,1.0816e-07,42,72.433,0.57984,1.0653,-0.81481,1.1139,FALSE,FALSE,"no strong pLoF/missense signal","pass","none",FALSE,FALSE,1,59.999,0,0,"[]","[]"
342,622,"WDR70",55100,"Q9NW82","CRL4 substrate receptor (DDB1-binding protein)","CRL4","","matched","gene symbol checked fallback","E3 source has NCBI GeneID but no Ensembl gene ID; matched to one selected Ensembl protein-coding gnomAD row by symbol.","WDR70","ENSG00000082068","ENST00000265107","ENST00000265107.9","MANE Select","chr5",37379318,37753435,0.75181,4.8043e-10,53,88.624,0.59803,0.74099,3.1695,1.0372,FALSE,TRUE,"missense constrained only","pass","none",FALSE,FALSE,1,59.304,0.15749,0.027013,"[]","[]"
343,665,"CDC20",991,"Q12834","APC substrate receptor","APC/C","","matched","gene symbol checked fallback","E3 source has NCBI GeneID but no Ensembl gene ID; matched to one selected Ensembl protein-coding gnomAD row by symbol.","CDC20","ENSG00000117399","ENST00000310955","ENST00000310955.11","MANE Select","chr1",43358981,43363203,0.75477,3.9463e-06,34,59.973,0.56692,0.72454,2.989,0.81327,FALSE,FALSE,"no strong pLoF/missense signal","pass","none",FALSE,FALSE,0.99332,59.184,0,0,"[]","[]"
344,572,"RHOBTB2",23221,"Q9BYZ6","CRL3 substrate receptor (BTB protein)","CRL3","","matched","gene symbol checked fallback","E3 source has NCBI GeneID but no Ensembl gene ID; matched to one selected Ensembl protein-coding gnomAD row by symbol.","RHOBTB2","ENSG00000008853","ENST00000251822","ENST00000251822.7","MANE Select","chr8",22999548,23020199,0.76659,2.1661e-07,39,66.45,0.58691,0.75571,3.2931,0.98744,FALSE,TRUE,"missense constrained only","pass","none",FALSE,FALSE,1,59.999,0,0.029803,"[]","[]"
345,295,"ZNF598",90850,"Q86UK7","RING","RING","","matched","gene symbol checked fallback","E3 source has NCBI GeneID but no Ensembl gene ID; matched to one selected Ensembl protein-coding gnomAD row by symbol.","ZNF598","ENSG00000167962","ENST00000562103","ENST00000562103.2","Ensembl canonical","chr16",1997655,2009821,0.76743,1.9529e-10,53,86.82,0.61046,1.0659,-1.0096,1.3373,FALSE,FALSE,"no strong pLoF/missense signal","pass","none",FALSE,FALSE,0.89897,59.772,0.24299,0,"[]","[]"
346,318,"PELI2",57161,"Q9HAT8","Degenerate RING","degenerate RING","","matched","gene symbol checked fallback","E3 source has NCBI GeneID but no Ensembl gene ID; matched to one selected Ensembl protein-coding gnomAD row by symbol.","PELI2","ENSG00000139946","ENST00000267460","ENST00000267460.9","MANE Select","chr14",56118411,56301524,0.76994,0.00042756,23,42.322,0.54345,0.83689,1.6362,1.1545,FALSE,FALSE,"no strong pLoF/missense signal","pass","none",FALSE,FALSE,0.99444,59.999,0,0,"[]","[]"
347,109,"RFPL4AL1",729974,"F8VTS6","RING","RING","","matched","gene symbol checked fallback","E3 source has NCBI GeneID but no Ensembl gene ID; matched to one selected Ensembl protein-coding gnomAD row by symbol.","RFPL4AL1","ENSG00000229292","ENST00000341750","ENST00000341750.5","MANE Select","chr19",55769118,55773420,0.77011,0.71585,2,8.1752,0.24464,0.16271,6.6836,0.18964,FALSE,FALSE,"missing or flagged constraint","flagged","gene_flags=[""low_exome_mapping_quality""]; constraint_flags=[""outlier_syn""]",TRUE,TRUE,0.83856,37.06,1,0,"[""low_exome_mapping_quality""]","[""outlier_syn""]"
348,530,"KLHL1",57626,"Q9NR64","CRL3 substrate receptor (BTB protein)","CRL3","","matched","gene symbol checked fallback","E3 source has NCBI GeneID but no Ensembl gene ID; matched to one selected Ensembl protein-coding gnomAD row by symbol.","KLHL1","ENSG00000150361","ENST00000377844","ENST00000377844.9","MANE Select","chr13",69700597,70108452,0.77113,3.2847e-09,47,77.724,0.6047,1.0156,-0.20108,1.1071,FALSE,FALSE,"no strong pLoF/missense signal","pass","none",FALSE,FALSE,1,59.998,0,0,"[]","[]"
349,224,"TRIM32",22954,"Q13049","RING","RING","","matched","gene symbol checked fallback","E3 source has NCBI GeneID but no Ensembl gene ID; matched to one selected Ensembl protein-coding gnomAD row by symbol.","TRIM32","ENSG00000119401","ENST00000450136","ENST00000450136.2","MANE Select","chr9",116687305,116701299,0.77369,0.0025,19,36.034,0.52728,0.88382,1.4405,0.97005,FALSE,FALSE,"no strong pLoF/missense signal","pass","none",FALSE,FALSE,1,59.999,0,0,"[]","[]"
350,347,"AREL1",9870,"O15033","HECT E3 ligase","HECT","","matched","gene symbol checked fallback","E3 source has NCBI GeneID but no Ensembl gene ID; matched to one selected Ensembl protein-coding gnomAD row by symbol.","AREL1","ENSG00000119682","ENST00000356357","ENST00000356357.9","MANE Select","chr14",74661256,74713080,0.77372,1.3641e-12,62,99,0.62626,0.85539,1.9771,1.0093,FALSE,FALSE,"no strong pLoF/missense signal","pass","none",FALSE,FALSE,0.99716,59.999,0,0,"[]","[]"
351,139,"RNF149",284996,"Q8NC42","RING","RING","","matched","gene symbol checked fallback","E3 source has NCBI GeneID but no Ensembl gene ID; matched to one selected Ensembl protein-coding gnomAD row by symbol.","RNF149","ENSG00000163162","ENST00000295317","ENST00000295317.4","MANE Select","chr2",101275601,101308701,0.77459,0.00096575,21,39.041,0.5379,0.9216,0.77331,0.97844,FALSE,FALSE,"no strong pLoF/missense signal","pass","none",FALSE,FALSE,1,59.999,0,0,"[]","[]"
352,290,"VPS41",27072,"P49754","RING","RING","","matched","gene symbol checked fallback","E3 source has NCBI GeneID but no Ensembl gene ID; matched to one selected Ensembl protein-coding gnomAD row by symbol.","VPS41","ENSG00000006715","ENST00000310301","ENST00000310301.9","MANE Select","chr7",38722974,38909191,0.77795,6.078e-18,85,130.86,0.64956,0.858,1.9329,1.0061,FALSE,FALSE,"no strong pLoF/missense signal","pass","none",FALSE,FALSE,1,59.998,0,0,"[]","[]"
353,143,"RNF157",114804,"Q96PX1","RING","RING","","matched","gene symbol checked fallback","E3 source has NCBI GeneID but no Ensembl gene ID; matched to one selected Ensembl protein-coding gnomAD row by symbol.","RNF157","ENSG00000141576","ENST00000269391","ENST00000269391.11","MANE Select","chr17",76142474,76240493,0.77966,3.5279e-11,55,88.308,0.62282,0.91544,1.0581,0.97885,FALSE,FALSE,"no strong pLoF/missense signal","pass","none",FALSE,FALSE,0.9568,59.996,0,0,"[]","[]"
354,514,"KBTBD8",84541,"Q8NFY9","CRL3 substrate receptor (BTB protein)","CRL3","","matched","gene symbol checked fallback","E3 source has NCBI GeneID but no Ensembl gene ID; matched to one selected Ensembl protein-coding gnomAD row by symbol.","KBTBD8","ENSG00000163376","ENST00000417314","ENST00000417314.2","MANE Select","chr3",66998307,67011210,0.78179,6.2326e-06,31,53.515,0.57928,0.87249,1.4751,1.0109,FALSE,FALSE,"no strong pLoF/missense signal","pass","none",FALSE,FALSE,0.98835,59.998,0,0,"[]","[]"
355,565,"KLHL8",57563,"Q9P2G9","CRL3 substrate receptor (BTB protein)","CRL3","","matched","gene symbol checked fallback","E3 source has NCBI GeneID but no Ensembl gene ID; matched to one selected Ensembl protein-coding gnomAD row by symbol.","KLHL8","ENSG00000145332","ENST00000273963","ENST00000273963.10","MANE Select","chr4",87160103,87220618,0.78416,1.7098e-07,38,63.518,0.59826,0.75228,2.8979,0.88084,FALSE,FALSE,"no strong pLoF/missense signal","pass","none",FALSE,FALSE,1,59.999,0,0,"[]","[]"
356,319,"PELI3",246330,"Q8N2H9","Degenerate RING","degenerate RING","","matched","gene symbol checked fallback","E3 source has NCBI GeneID but no Ensembl gene ID; matched to one selected Ensembl protein-coding gnomAD row by symbol.","PELI3","ENSG00000174516","ENST00000320740","ENST00000320740.12","MANE Select","chr11",66466905,66477337,0.78543,0.0019101,19,35.495,0.53528,0.74113,2.8389,0.93824,FALSE,FALSE,"no strong pLoF/missense signal","pass","none",FALSE,FALSE,0.94883,59.998,0,0,"[]","[]"
357,562,"KLHL5",51088,"Q96PQ7","CRL3 substrate receptor (BTB protein)","CRL3","","matched","gene symbol checked fallback","E3 source has NCBI GeneID but no Ensembl gene ID; matched to one selected Ensembl protein-coding gnomAD row by symbol.","KLHL5","ENSG00000109790","ENST00000504108","ENST00000504108.7","MANE Select","chr4",39062232,39126233,0.78576,9.5128e-10,48,77.7,0.61776,0.84096,1.9889,0.87547,FALSE,FALSE,"no strong pLoF/missense signal","pass","none",FALSE,FALSE,1,59.908,0.025388,0,"[]","[]"
358,73,"MYLIP",29116,"Q8WY64","RING","RING","","matched","gene symbol checked fallback","E3 source has NCBI GeneID but no Ensembl gene ID; matched to one selected Ensembl protein-coding gnomAD row by symbol.","MYLIP","ENSG00000007944","ENST00000356840","ENST00000356840.8","MANE Select","chr6",16129086,16148248,0.7871,6.2209e-05,26,45.835,0.56726,0.88916,1.1142,0.97654,FALSE,FALSE,"no strong pLoF/missense signal","pass","none",FALSE,FALSE,1,60,0,0,"[]","[]"
359,128,"RNF128",79589,"Q8TEB7","RING","RING","","matched","gene symbol checked fallback","E3 source has NCBI GeneID but no Ensembl gene ID; matched to one selected Ensembl protein-coding gnomAD row by symbol.","RNF128","ENSG00000133135","ENST00000255499","ENST00000255499.3","MANE Select","chrX",106726701,106797016,0.78926,0.027994,13,26.187,0.49643,0.90077,0.79141,1.0455,FALSE,FALSE,"no strong pLoF/missense signal","pass","none",FALSE,FALSE,1,59.999,0,0,"[]","[]"
360,344,"RNF216",54476,"Q9NWF9","RING-between-RING","RBR","","matched","gene symbol checked fallback","E3 source has NCBI GeneID but no Ensembl gene ID; matched to one selected Ensembl protein-coding gnomAD row by symbol.","RNF216","ENSG00000011275","ENST00000389902","ENST00000389902.8","MANE Select","chr7",5620047,5781663,0.79043,2.3385e-15,72,110.82,0.64968,1.176,-2.5355,1.2147,FALSE,FALSE,"no strong pLoF/missense signal","pass","none",FALSE,FALSE,1,58.74,0.16251,0,"[]","[]"
361,496,"BTBD8",284697,"Q5XKL5","CRL3 substrate receptor (BTB protein)","CRL3","","matched","gene symbol checked fallback","E3 source has NCBI GeneID but no Ensembl gene ID; matched to one selected Ensembl protein-coding gnomAD row by symbol.","BTBD8","ENSG00000189195","ENST00000636805","ENST00000636805.2","MANE Select","chr1",92080345,92184723,0.79136,2.4971e-24,110,162.86,0.67544,0.91352,1.6844,0.93141,FALSE,FALSE,"no strong pLoF/missense signal","pass","none",FALSE,FALSE,0.99312,59.999,0,0,"[]","[]"
362,412,"FBXO34",55030,"Q9NWN3","CRL1 substrate receptor (F-box protein)","CRL1","","matched","gene symbol checked fallback","E3 source has NCBI GeneID but no Ensembl gene ID; matched to one selected Ensembl protein-coding gnomAD row by symbol.","FBXO34","ENSG00000178974","ENST00000313833","ENST00000313833.5","MANE Select","chr14",55271421,55353611,0.79363,0.040503,12,24.498,0.48983,0.95952,0.5056,1.0259,FALSE,FALSE,"no strong pLoF/missense signal","pass","none",FALSE,FALSE,1,60,0,0,"[]","[]"
363,338,"RBCK1",10616,"Q9BYM8","RING-between-RING","RBR","","matched","gene symbol checked fallback","E3 source has NCBI GeneID but no Ensembl gene ID; matched to one selected Ensembl protein-coding gnomAD row by symbol.","RBCK1","ENSG00000125826","ENST00000356286","ENST00000356286.10","MANE Select","chr20",408299,432139,0.79543,4.8299e-09,44,71.122,0.61865,0.83067,1.8901,1.0941,FALSE,FALSE,"no strong pLoF/missense signal","pass","none",FALSE,FALSE,1,59.997,0,0,"[]","[]"
364,159,"RNF20",56254,"Q5VTR2","RING","RING","","matched","gene symbol checked fallback","E3 source has NCBI GeneID but no Ensembl gene ID; matched to one selected Ensembl protein-coding gnomAD row by symbol.","RNF20","ENSG00000155827","ENST00000389120","ENST00000389120.8","MANE Select","chr9",101533853,101563344,0.79827,1.99e-18,84,126.16,0.66581,0.73133,3.9499,0.96551,FALSE,TRUE,"missense constrained only","pass","none",FALSE,FALSE,0.99282,59.998,0,0.037949,"[]","[]"
365,596,"DCAF4",26094,"Q8WV16","CRL4 substrate receptor (DDB1-binding protein)","CRL4","","matched","gene symbol checked fallback","E3 source has NCBI GeneID but no Ensembl gene ID; matched to one selected Ensembl protein-coding gnomAD row by symbol.","DCAF4","ENSG00000119599","ENST00000358377","ENST00000358377.7","MANE Select","chr14",72926464,72959703,0.79963,1.5567e-07,37,60.872,0.60783,0.88767,1.2214,0.95388,FALSE,FALSE,"no strong pLoF/missense signal","pass","none",FALSE,FALSE,1,59.998,0,0,"[]","[]"
366,472,"SOCS1",8651,"O15524","CRL2 substrate receptor (BC-CUL2-box), CRL5 substrate receptor (BC-CUL5-box)","CRL2; CRL5","","matched","gene symbol checked fallback","E3 source has NCBI GeneID but no Ensembl gene ID; matched to one selected Ensembl protein-coding gnomAD row by symbol.","SOCS1","ENSG00000185338","ENST00000332029","ENST00000332029.4","MANE Select","chr16",11254417,11256204,0.79978,0.61294,3,9.6948,0.30944,1.1332,-1.0239,1.2918,FALSE,FALSE,"no strong pLoF/missense signal","pass","none",FALSE,FALSE,0.75829,59.998,0,0.097946,"[]","[]"
367,458,"KLHDC2",23588,"Q9Y2U9","CRL2 substrate receptor (BC-CUL2-box), CRL5 substrate receptor (BC-CUL5-box)","CRL2; CRL5","","matched","gene symbol checked fallback","E3 source has NCBI GeneID but no Ensembl gene ID; matched to one selected Ensembl protein-coding gnomAD row by symbol.","KLHDC2","ENSG00000165516","ENST00000298307","ENST00000298307.10","MANE Select","chr14",49768153,49786385,0.80006,9.1028e-08,38,62.256,0.61039,0.86819,1.2511,0.98762,FALSE,FALSE,"no strong pLoF/missense signal","pass","none",FALSE,FALSE,0.97701,60,0,0,"[]","[]"
368,145,"RNF167",26001,"Q9H6Y7","RING","RING","","matched","gene symbol checked fallback","E3 source has NCBI GeneID but no Ensembl gene ID; matched to one selected Ensembl protein-coding gnomAD row by symbol.","RNF167","ENSG00000108523","ENST00000262482","ENST00000262482.11","MANE Select","chr17",4940268,4945222,0.80066,0.0013628,19,34.82,0.54566,1.038,-0.34287,1.1734,FALSE,FALSE,"no strong pLoF/missense signal","pass","none",FALSE,FALSE,1,59.999,0,0,"[]","[]"
369,351,"HECTD3",79654,"Q5T447","HECT E3 ligase","HECT","","matched","gene symbol checked fallback","E3 source has NCBI GeneID but no Ensembl gene ID; matched to one selected Ensembl protein-coding gnomAD row by symbol.","HECTD3","ENSG00000126107","ENST00000372172","ENST00000372172.5","MANE Select","chr1",45002548,45011324,0.80171,1.0741e-15,72,109.27,0.65895,0.89342,1.5515,1.0194,FALSE,FALSE,"no strong pLoF/missense signal","pass","none",FALSE,FALSE,0.94232,59.999,0,0,"[]","[]"
370,491,"BTBD19",149478,"C9JJ37","CRL3 substrate receptor (BTB protein)","CRL3","","matched","gene symbol checked fallback","E3 source has NCBI GeneID but no Ensembl gene ID; matched to one selected Ensembl protein-coding gnomAD row by symbol.","BTBD19","ENSG00000222009","ENST00000450269","ENST00000450269.5","Ensembl canonical","chr1",44808482,44814129,0.80489,0.00075994,20,36.107,0.55391,0.83386,1.3988,0.90051,FALSE,FALSE,"no strong pLoF/missense signal","pass","none",FALSE,FALSE,0.93127,59.996,0,0,"[]","[]"
371,446,"ZC3HC1",51530,"Q86WB0","CRL1 substrate receptor (F-box protein)","CRL1","","matched","gene symbol checked fallback","E3 source has NCBI GeneID but no Ensembl gene ID; matched to one selected Ensembl protein-coding gnomAD row by symbol.","ZC3HC1","ENSG00000091732","ENST00000358303","ENST00000358303.9","MANE Select","chr7",130018292,130051374,0.80528,7.4431e-08,38,61.853,0.61436,0.88968,1.1741,0.92632,FALSE,FALSE,"no strong pLoF/missense signal","pass","none",FALSE,FALSE,1,59.999,0,0,"[]","[]"
372,363,"NEDD4",4734,"P46934","HECT E3 ligase","HECT","","matched","gene symbol checked fallback","E3 source has NCBI GeneID but no Ensembl gene ID; matched to one selected Ensembl protein-coding gnomAD row by symbol.","NEDD4","ENSG00000069869","ENST00000435532","ENST00000435532.8","MANE Select","chr15",55826922,55993612,0.80763,2.2889e-22,99,144.87,0.68339,0.92409,1.057,0.907,FALSE,FALSE,"no strong pLoF/missense signal","pass","none",FALSE,FALSE,0.96852,59.999,0,0,"[]","[]"
373,19,"CHFR",55743,"Q96EP1","RING","RING","","matched","gene symbol checked fallback","E3 source has NCBI GeneID but no Ensembl gene ID; matched to one selected Ensembl protein-coding gnomAD row by symbol.","CHFR","ENSG00000072609","ENST00000450056","ENST00000450056.7","MANE Select","chr12",132832356,132887605,0.81098,2.1656e-12,57,87.634,0.65043,0.92052,0.99747,1.0608,FALSE,FALSE,"no strong pLoF/missense signal","pass","none",FALSE,FALSE,0.99796,59.999,0,0,"[]","[]"
374,279,"TTC3",7267,"P53804","RING","RING","","matched","gene symbol checked fallback","E3 source has NCBI GeneID but no Ensembl gene ID; matched to one selected Ensembl protein-coding gnomAD row by symbol.","TTC3","ENSG00000182670","ENST00000355666","ENST00000355666.5","Ensembl canonical","chr21",37073271,37203103,0.81609,7.8327e-43,180,249.58,0.7212,0.85931,2.9386,0.89066,FALSE,FALSE,"no strong pLoF/missense signal","pass","none",FALSE,FALSE,1,59.056,0.19671,0.013663,"[]","[]"
375,397,"FBXO15",201456,"Q8NCQ5","CRL1 substrate receptor (F-box protein)","CRL1","","matched","gene symbol checked fallback","E3 source has NCBI GeneID but no Ensembl gene ID; matched to one selected Ensembl protein-coding gnomAD row by symbol.","FBXO15","ENSG00000141665","ENST00000419743","ENST00000419743.7","MANE Select","chr18",74073368,74147834,0.82146,2.9095e-06,30,49.534,0.60564,0.9358,0.68809,1.0744,FALSE,FALSE,"no strong pLoF/missense signal","pass","none",FALSE,FALSE,0.99935,59.999,0,0,"[]","[]"
376,427,"FBXO6",26270,"Q9NRD1","CRL1 substrate receptor (F-box protein)","CRL1","","matched","gene symbol checked fallback","E3 source has NCBI GeneID but no Ensembl gene ID; matched to one selected Ensembl protein-coding gnomAD row by symbol.","FBXO6","ENSG00000116663","ENST00000376753","ENST00000376753.9","MANE Select","chr1",11664200,11674354,0.82751,0.015425,13,24.977,0.52049,0.97305,0.2241,0.88863,FALSE,FALSE,"no strong pLoF/missense signal","pass","none",FALSE,FALSE,1,59.153,0,0,"[]","[]"
377,678,"RASD2",23551,"Q96D21","Atypical E3, SUMO E3","Atypical","","matched","gene symbol checked fallback","E3 source has NCBI GeneID but no Ensembl gene ID; matched to one selected Ensembl protein-coding gnomAD row by symbol.","RASD2","ENSG00000100302","ENST00000216127","ENST00000216127.5","MANE Select","chr22",35540831,35553999,0.82966,0.20374,7,15.848,0.44171,0.7158,2.3715,1.0093,FALSE,FALSE,"no strong pLoF/missense signal","pass","none",FALSE,FALSE,1,59.999,0,0,"[]","[]"
378,155,"RNF185",91445,"Q96GF1","RING","RING","","matched","gene symbol checked fallback","E3 source has NCBI GeneID but no Ensembl gene ID; matched to one selected Ensembl protein-coding gnomAD row by symbol.","RNF185","ENSG00000138942","ENST00000326132","ENST00000326132.11","MANE Select","chr22",31160182,31207019,0.82977,0.014916,13,24.909,0.5219,0.75197,1.6547,0.87519,FALSE,FALSE,"no strong pLoF/missense signal","pass","none",FALSE,FALSE,1,56.344,0.16493,0,"[]","[]"
379,504,"IPP",3652,"Q9Y573","CRL3 substrate receptor (BTB protein)","CRL3","","matched","gene symbol checked fallback","E3 source has NCBI GeneID but no Ensembl gene ID; matched to one selected Ensembl protein-coding gnomAD row by symbol.","IPP","ENSG00000197429","ENST00000396478","ENST00000396478.4","MANE Select","chr1",45698711,45750653,0.83042,5.6419e-09,41,64.061,0.64001,0.92312,0.86941,0.90979,FALSE,FALSE,"no strong pLoF/missense signal","pass","none",FALSE,FALSE,1,59.999,0,0,"[]","[]"
380,428,"FBXO7",25793,"Q9Y3I1","CRL1 substrate receptor (F-box protein)","CRL1","","matched","gene symbol checked fallback","E3 source has NCBI GeneID but no Ensembl gene ID; matched to one selected Ensembl protein-coding gnomAD row by symbol.","FBXO7","ENSG00000100225","ENST00000266087","ENST00000266087.12","MANE Select","chr22",32474811,32498829,0.83272,1.2135e-06,31,50.242,0.61701,1.0316,-0.3425,1.0114,FALSE,FALSE,"no strong pLoF/missense signal","pass","none",FALSE,FALSE,0.99936,59.999,0,0,"[]","[]"
381,243,"TRIM49B",283116,"A6NDI0","RING","RING","","matched","gene symbol checked fallback","E3 source has NCBI GeneID but no Ensembl gene ID; matched to one selected Ensembl protein-coding gnomAD row by symbol.","TRIM49B","ENSG00000182053","ENST00000332682","ENST00000332682.9","MANE Select","chr11",49028823,49038155,0.83922,0.0010277,18,31.805,0.56594,0.91706,0.82101,1.0852,FALSE,FALSE,"no strong pLoF/missense signal","pass","none",FALSE,FALSE,1,50.111,1,0,"[]","[]"
382,424,"FBXO47",494188,"Q5MNV8","CRL1 substrate receptor (F-box protein)","CRL1","","matched","gene symbol checked fallback","E3 source has NCBI GeneID but no Ensembl gene ID; matched to one selected Ensembl protein-coding gnomAD row by symbol.","FBXO47","ENSG00000204952","ENST00000378079","ENST00000378079.3","MANE Select","chr17",38936432,38967403,0.83926,1.9321e-07,34,53.935,0.63038,0.89604,1.0315,0.90874,FALSE,FALSE,"no strong pLoF/missense signal","pass","none",FALSE,FALSE,0.99484,59.999,0,0,"[]","[]"
383,564,"KLHL7",55975,"Q8IXQ5","CRL3 substrate receptor (BTB protein)","CRL3","","matched","gene symbol checked fallback","E3 source has NCBI GeneID but no Ensembl gene ID; matched to one selected Ensembl protein-coding gnomAD row by symbol.","KLHL7","ENSG00000122550","ENST00000339077","ENST00000339077.10","MANE Select","chr7",23105785,23177914,0.83958,7.4558e-10,44,67.382,0.653,0.50407,5.6681,1.0356,FALSE,TRUE,"missense constrained only","pass","none",FALSE,FALSE,1,59.999,0,0,"[]","[]"
384,151,"RNF180",285671,"Q86T96","RING","RING","","matched","gene symbol checked fallback","E3 source has NCBI GeneID but no Ensembl gene ID; matched to one selected Ensembl protein-coding gnomAD row by symbol.","RNF180","ENSG00000164197","ENST00000389100","ENST00000389100.9","MANE Select","chr5",64165843,64372869,0.84158,1.9615e-08,38,59.185,0.64206,1.0058,-0.0657,1.0904,FALSE,FALSE,"no strong pLoF/missense signal","pass","none",FALSE,FALSE,0.97523,59.999,0,0,"[]","[]"
385,331,"PPIL2",23759,"Q13356","Degenerate RING (U-box)","degenerate RING","","matched","gene symbol checked fallback","E3 source has NCBI GeneID but no Ensembl gene ID; matched to one selected Ensembl protein-coding gnomAD row by symbol.","PPIL2","ENSG00000100023","ENST00000398831","ENST00000398831.8","MANE Select","chr22",21666012,21697907,0.84161,2.3422e-11,50,75.198,0.66491,0.86127,1.5486,0.94674,FALSE,FALSE,"no strong pLoF/missense signal","pass","none",FALSE,FALSE,0.99744,60,0,0,"[]","[]"
386,436,"FBXW4",6468,"P57775","CRL1 substrate receptor (F-box protein)","CRL1","","matched","gene symbol checked fallback","E3 source has NCBI GeneID but no Ensembl gene ID; matched to one selected Ensembl protein-coding gnomAD row by symbol.","FBXW4","ENSG00000107829","ENST00000331272","ENST00000331272.9","MANE Select","chr10",101610666,101695170,0.84248,6.2347e-09,40,61.805,0.6472,0.89148,1.2707,0.991,FALSE,FALSE,"no strong pLoF/missense signal","pass","none",FALSE,FALSE,0.68195,59.943,0.23516,0.014697,"[]","[]"
387,592,"DCAF13",25879,"Q9NV06","CRL4 substrate receptor (DDB1-binding protein)","CRL4","","matched","gene symbol checked fallback","E3 source has NCBI GeneID but no Ensembl gene ID; matched to one selected Ensembl protein-coding gnomAD row by symbol.","DCAF13","ENSG00000164934","ENST00000612750","ENST00000612750.5","MANE Select","chr8",103415386,103443453,0.84366,1.8233e-08,38,59.039,0.64365,0.83988,1.6137,0.98855,FALSE,FALSE,"no strong pLoF/missense signal","pass","none",FALSE,FALSE,1,59.581,0,0,"[]","[]"
388,619,"WDR12",55759,"Q9GZL7","CRL4 substrate receptor (DDB1-binding protein)","CRL4","","matched","gene symbol checked fallback","E3 source has NCBI GeneID but no Ensembl gene ID; matched to one selected Ensembl protein-coding gnomAD row by symbol.","WDR12","ENSG00000138442","ENST00000261015","ENST00000261015.5","MANE Select","chr2",202874261,202911673,0.84437,1.8966e-09,42,64.337,0.65281,0.94827,0.49064,0.91148,FALSE,FALSE,"no strong pLoF/missense signal","pass","none",FALSE,FALSE,1,59.867,0,0,"[]","[]"
389,28,"DZIP3",9666,"Q86Y13","RING","RING","","matched","gene symbol checked fallback","E3 source has NCBI GeneID but no Ensembl gene ID; matched to one selected Ensembl protein-coding gnomAD row by symbol.","DZIP3","ENSG00000198919","ENST00000361582","ENST00000361582.8","MANE Select","chr3",108589722,108694840,0.84888,8.7564e-29,118,161.97,0.72853,0.94597,0.86433,0.95512,FALSE,FALSE,"no strong pLoF/missense signal","pass","none",FALSE,FALSE,0.96523,59.997,0,0,"[]","[]"
390,560,"KLHL41",10324,"O60662","CRL3 substrate receptor (BTB protein)","CRL3","","matched","gene symbol checked fallback","E3 source has NCBI GeneID but no Ensembl gene ID; matched to one selected Ensembl protein-coding gnomAD row by symbol.","KLHL41","ENSG00000239474","ENST00000284669","ENST00000284669.2","MANE Select","chr2",169509702,169526258,0.85038,7.1981e-07,31,49.199,0.6301,0.91238,1.0074,0.84334,FALSE,FALSE,"no strong pLoF/missense signal","pass","none",FALSE,FALSE,1,59.999,0,0,"[]","[]"
391,653,"SOCS4",122809,"Q8WXH5","CRL5 substrate receptor (BC-box protein with CUL5 box)","CRL5","","matched","gene symbol checked fallback","E3 source has NCBI GeneID but no Ensembl gene ID; matched to one selected Ensembl protein-coding gnomAD row by symbol.","SOCS4","ENSG00000180008","ENST00000555846","ENST00000555846.2","MANE Select","chr14",55027236,55049489,0.85103,0.00028469,20,34.149,0.58567,0.89963,0.98776,0.96571,FALSE,FALSE,"no strong pLoF/missense signal","pass","none",FALSE,FALSE,1,59.999,0,0,"[]","[]"
392,538,"KLHL18",23276,"O94889","CRL3 substrate receptor (BTB protein)","CRL3","","matched","gene symbol checked fallback","E3 source has NCBI GeneID but no Ensembl gene ID; matched to one selected Ensembl protein-coding gnomAD row by symbol.","KLHL18","ENSG00000114648","ENST00000232766","ENST00000232766.6","MANE Select","chr3",47282944,47346816,0.85115,1.4059e-08,38,58.519,0.64936,0.80161,2.3607,1.0035,FALSE,FALSE,"no strong pLoF/missense signal","pass","none",FALSE,FALSE,1,59.999,0,0,"[]","[]"
393,210,"TRIM13",10206,"O60858","RING","RING","","matched","gene symbol checked fallback","E3 source has NCBI GeneID but no Ensembl gene ID; matched to one selected Ensembl protein-coding gnomAD row by symbol.","TRIM13","ENSG00000204977","ENST00000378182","ENST00000378182.4","MANE Select","chr13",49997042,50018467,0.8512,0.0039344,15,27.135,0.55279,0.85138,1.3774,1.1255,FALSE,FALSE,"no strong pLoF/missense signal","pass","none",FALSE,FALSE,1,59.999,0,0,"[]","[]"
394,452,"CISH",1154,"Q9NSE2","CRL2 substrate receptor (BC-CUL2-box), CRL5 substrate receptor (BC-CUL5-box)","CRL2; CRL5","","matched","gene symbol checked fallback","E3 source has NCBI GeneID but no Ensembl gene ID; matched to one selected Ensembl protein-coding gnomAD row by symbol.","CISH","ENSG00000114737","ENST00000348721","ENST00000348721.4","MANE Select","chr3",50606489,50611774,0.85314,0.028656,11,21.342,0.51542,0.79615,1.6304,0.82928,FALSE,FALSE,"no strong pLoF/missense signal","pass","none",FALSE,FALSE,1,59.999,0,0,"[]","[]"
395,17,"CCNB1IP1",57820,"Q9NPC3","RING","RING","","matched","gene symbol checked fallback","E3 source has NCBI GeneID but no Ensembl gene ID; matched to one selected Ensembl protein-coding gnomAD row by symbol.","CCNB1IP1","ENSG00000100814","ENST00000358932","ENST00000358932.9","MANE Select","chr14",20311370,20333279,0.85384,0.0063164,14,25.633,0.54617,0.81202,1.4834,1.025,FALSE,FALSE,"no strong pLoF/missense signal","pass","none",FALSE,FALSE,1,59.904,0,0,"[]","[]"
396,49,"MARCHF3",115123,"Q86UD3","RING","RING","","matched","gene symbol checked fallback","E3 source has NCBI GeneID but no Ensembl gene ID; matched to one selected Ensembl protein-coding gnomAD row by symbol.","MARCHF3","ENSG00000173926","ENST00000308660","ENST00000308660.6","MANE Select","chr5",126867714,127030558,0.85393,0.010501,13,24.204,0.5371,0.84922,1.1593,1.0486,FALSE,FALSE,"no strong pLoF/missense signal","pass","none",FALSE,FALSE,1,59.998,0,0,"[]","[]"
397,237,"TRIM43B",653192,"A6NCK2","RING","RING","","matched","gene symbol checked fallback","E3 source has NCBI GeneID but no Ensembl gene ID; matched to one selected Ensembl protein-coding gnomAD row by symbol.","TRIM43B","ENSG00000144010","ENST00000639673","ENST00000639673.2","Ensembl canonical","chr2",95477164,95484731,0.85402,0.0037612,15,27.045,0.55463,0.59352,2.9512,0.70526,FALSE,FALSE,"missing or flagged constraint","flagged","gene_flags=[""low_exome_mapping_quality""]",TRUE,TRUE,0.55157,37.83,1,0,"[""low_exome_mapping_quality""]","[]"
398,527,"KCTD7",154881,"Q96MP8","CRL3 substrate receptor (BTB protein)","CRL3","","matched","gene symbol checked fallback","E3 source has NCBI GeneID but no Ensembl gene ID; matched to one selected Ensembl protein-coding gnomAD row by symbol.","KCTD7","ENSG00000243335","ENST00000639828","ENST00000639828.2","MANE Select","chr7",66628881,66643047,0.85506,0.0036997,15,27.012,0.5553,0.7495,2.1339,0.97713,FALSE,FALSE,"no strong pLoF/missense signal","pass","none",FALSE,FALSE,0.98616,60,0,0,"[]","[]"
399,500,"GAN",8139,"Q9H2C0","CRL3 substrate receptor (BTB protein)","CRL3","","matched","gene symbol checked fallback","E3 source has NCBI GeneID but no Ensembl gene ID; matched to one selected Ensembl protein-coding gnomAD row by symbol.","GAN","ENSG00000261609","ENST00000648994","ENST00000648994.2","MANE Select","chr16",81314962,81390809,0.85605,3.9305e-11,48,71.321,0.67302,1.205,-2.426,1.3945,FALSE,FALSE,"no strong pLoF/missense signal","pass","none",FALSE,FALSE,0.97934,59.999,0,0,"[]","[]"
400,415,"FBXO39",162517,"Q8N4B4","CRL1 substrate receptor (F-box protein)","CRL1","","matched","gene symbol checked fallback","E3 source has NCBI GeneID but no Ensembl gene ID; matched to one selected Ensembl protein-coding gnomAD row by symbol.","FBXO39","ENSG00000177294","ENST00000321535","ENST00000321535.5","MANE Select","chr17",6776215,6787646,0.85728,8.5081e-05,22,36.645,0.60036,0.98543,0.14492,1.0011,FALSE,FALSE,"no strong pLoF/missense signal","pass","none",FALSE,FALSE,1,60,0,0,"[]","[]"
401,612,"PWP1",11137,"Q13610","CRL4 substrate receptor (DDB1-binding protein)","CRL4","","matched","gene symbol checked fallback","E3 source has NCBI GeneID but no Ensembl gene ID; matched to one selected Ensembl protein-coding gnomAD row by symbol.","PWP1","ENSG00000136045","ENST00000412830","ENST00000412830.8","MANE Select","chr12",107685799,107713162,0.85765,6.5413e-11,47,69.883,0.67255,0.90501,0.99962,1.0661,FALSE,FALSE,"no strong pLoF/missense signal","pass","none",FALSE,FALSE,1,59.999,0,0,"[]","[]"
402,140,"RNF150",57484,"Q9ULK6","RING","RING","","matched","gene symbol checked fallback","E3 source has NCBI GeneID but no Ensembl gene ID; matched to one selected Ensembl protein-coding gnomAD row by symbol.","RNF150","ENSG00000170153","ENST00000515673","ENST00000515673.7","MANE Select","chr4",140859807,141133469,0.85828,2.7899e-05,24,39.325,0.61029,0.85401,1.5095,1.122,FALSE,FALSE,"no strong pLoF/missense signal","pass","none",FALSE,FALSE,1,59.999,0,0,"[]","[]"
403,580,"ARPC1B",10095,"O15143","CRL4 substrate receptor (DDB1-binding protein)","CRL4","","matched","gene symbol checked fallback","E3 source has NCBI GeneID but no Ensembl gene ID; matched to one selected Ensembl protein-coding gnomAD row by symbol.","ARPC1B","ENSG00000130429","ENST00000646101","ENST00000646101.2","MANE Select","chr7",99374730,99394816,0.86049,1.6533e-06,29,45.952,0.63109,0.886,1.1186,0.93979,FALSE,FALSE,"no strong pLoF/missense signal","pass","none",FALSE,FALSE,1,59.999,0,0,"[]","[]"
404,88,"PDZRN4",29951,"Q6ZMN7","RING","RING","","matched","gene symbol checked fallback","E3 source has NCBI GeneID but no Ensembl gene ID; matched to one selected Ensembl protein-coding gnomAD row by symbol.","PDZRN4","ENSG00000165966","ENST00000402685","ENST00000402685.7","MANE Select","chr12",41188320,41574745,0.86279,7.3834e-17,70,98.987,0.70717,1.1073,-1.6694,1.0986,FALSE,FALSE,"no strong pLoF/missense signal","pass","none",FALSE,FALSE,0.9231,59.999,0,0.02574,"[]","[]"
405,161,"RNF208",727800,"Q9H0X6","RING","RING","","matched","gene symbol checked fallback","E3 source has NCBI GeneID but no Ensembl gene ID; matched to one selected Ensembl protein-coding gnomAD row by symbol.","RNF208","ENSG00000212864","ENST00000391553","ENST00000391553.3","MANE Select","chr9",137220259,137222240,0.86321,0.15762,7,15.232,0.45957,0.93928,0.49413,1.2932,FALSE,FALSE,"no strong pLoF/missense signal","pass","none",FALSE,FALSE,0.98212,59.995,0,0,"[]","[]"
406,341,"RNF144B",255488,"Q7Z419","RING-between-RING","RBR","","matched","gene symbol checked fallback","E3 source has NCBI GeneID but no Ensembl gene ID; matched to one selected Ensembl protein-coding gnomAD row by symbol.","RNF144B","ENSG00000137393","ENST00000259939","ENST00000259939.4","MANE Select","chr6",18387350,18468870,0.86795,1.2823e-05,25,40.228,0.62145,0.97675,0.19172,1.0638,FALSE,FALSE,"no strong pLoF/missense signal","pass","none",FALSE,FALSE,1,60,0,0,"[]","[]"
407,430,"FBXO9",26268,"Q9UK97","CRL1 substrate receptor (F-box protein)","CRL1","","matched","gene symbol checked fallback","E3 source has NCBI GeneID but no Ensembl gene ID; matched to one selected Ensembl protein-coding gnomAD row by symbol.","FBXO9","ENSG00000112146","ENST00000323557","ENST00000323557.12","MANE Select","chr6",53065404,53100873,0.87007,4.0959e-10,43,63.729,0.67473,0.82894,1.6847,0.90853,FALSE,FALSE,"no strong pLoF/missense signal","pass","none",FALSE,FALSE,0.99771,59.997,0,0,"[]","[]"
408,556,"KLHL36",79786,"Q8N4N3","CRL3 substrate receptor (BTB protein)","CRL3","","matched","gene symbol checked fallback","E3 source has NCBI GeneID but no Ensembl gene ID; matched to one selected Ensembl protein-coding gnomAD row by symbol.","KLHL36","ENSG00000135686","ENST00000564996","ENST00000564996.6","MANE Select","chr16",84648511,84667686,0.87106,4.0566e-08,35,53.273,0.65699,0.96258,0.47815,1.1832,FALSE,FALSE,"no strong pLoF/missense signal","pass","none",FALSE,FALSE,1,59.998,0,0,"[]","[]"
409,464,"LRRC58",116064,"Q96CX6","CRL2 substrate receptor (BC-CUL2-box), CRL5 substrate receptor (BC-CUL5-box)","CRL2; CRL5","","matched","gene symbol checked fallback","E3 source has NCBI GeneID but no Ensembl gene ID; matched to one selected Ensembl protein-coding gnomAD row by symbol.","LRRC58","ENSG00000163428","ENST00000295628","ENST00000295628.4","MANE Select","chr3",120324509,120349354,0.87175,0.00056584,18,30.619,0.58787,0.89663,0.95414,1.0729,FALSE,FALSE,"no strong pLoF/missense signal","pass","none",FALSE,FALSE,0.95238,59.994,0,0,"[]","[]"
410,188,"RNFT1",51136,"Q5M7Z0","RING","RING","","matched","gene symbol checked fallback","E3 source has NCBI GeneID but no Ensembl gene ID; matched to one selected Ensembl protein-coding gnomAD row by symbol.","RNFT1","ENSG00000189050","ENST00000305783","ENST00000305783.13","MANE Select","chr17",59952240,59964740,0.87279,3.8478e-08,35,53.168,0.65829,0.81739,1.7675,0.81583,FALSE,FALSE,"no strong pLoF/missense signal","pass","none",FALSE,FALSE,1,58.144,1,0,"[]","[]"
411,679,"TECPR1",25851,"Q7Z6L1","Atypical E3 (catalytic site formed from multiple interfaces), Ubl E3","Atypical","Yes","matched","gene symbol checked fallback","E3 source has NCBI GeneID but no Ensembl gene ID; matched to one selected Ensembl protein-coding gnomAD row by symbol.","TECPR1","ENSG00000205356","ENST00000447648","ENST00000447648.7","MANE Select","chr7",98214624,98252232,0.8732,7.9487e-31,122,162.38,0.75131,0.88495,1.9738,0.95735,FALSE,FALSE,"no strong pLoF/missense signal","pass","none",FALSE,FALSE,0.99256,59.998,0,0,"[]","[]"
412,608,"GRWD1",83743,"Q9BQ67","CRL4 substrate receptor (DDB1-binding protein)","CRL4","","matched","gene symbol checked fallback","E3 source has NCBI GeneID but no Ensembl gene ID; matched to one selected Ensembl protein-coding gnomAD row by symbol.","GRWD1","ENSG00000105447","ENST00000253237","ENST00000253237.10","MANE Select","chr19",48445983,48457022,0.87347,1.1733e-06,29,45.269,0.64062,0.95667,0.45968,1.0169,FALSE,FALSE,"no strong pLoF/missense signal","pass","none",FALSE,FALSE,1,59.997,0,0,"[]","[]"
413,120,"RNF113B",140432,"Q8IZP6","RING","RING","","matched","gene symbol checked fallback","E3 source has NCBI GeneID but no Ensembl gene ID; matched to one selected Ensembl protein-coding gnomAD row by symbol.","RNF113B","ENSG00000139797","ENST00000267291","ENST00000267291.7","MANE Select","chr13",98175785,98177269,0.87412,0.013349,12,22.242,0.53951,0.97061,0.26752,1.0509,FALSE,FALSE,"no strong pLoF/missense signal","pass","none",FALSE,FALSE,1,59.999,0,0,"[]","[]"
414,74,"NEURL1",9148,"O76050","RING","RING","","matched","gene symbol checked fallback","E3 source has NCBI GeneID but no Ensembl gene ID; matched to one selected Ensembl protein-coding gnomAD row by symbol.","NEURL1","ENSG00000107954","ENST00000369780","ENST00000369780.9","MANE Select","chr10",103493705,103592546,0.87466,6.2454e-06,26,41.246,0.63036,0.87365,1.5904,0.99437,FALSE,FALSE,"no strong pLoF/missense signal","pass","none",FALSE,FALSE,0.79094,59.998,0,0,"[]","[]"
415,448,"AMN1",196394,"Q8IY45","CRL2 substrate receptor (BC-CUL2-box), CRL5 substrate receptor (BC-CUL5-box)","CRL2; CRL5","Yes","matched","gene symbol checked fallback","E3 source has NCBI GeneID but no Ensembl gene ID; matched to one selected Ensembl protein-coding gnomAD row by symbol.","AMN1","ENSG00000151743","ENST00000281471","ENST00000281471.11","MANE Select","chr12",31671142,31729021,0.8794,0.00016358,20,33.048,0.60519,0.80033,1.493,1.0187,FALSE,FALSE,"no strong pLoF/missense signal","pass","none",FALSE,FALSE,1,59.997,0,0,"[]","[]"
416,566,"KLHL9",55958,"Q9P2J3","CRL3 substrate receptor (BTB protein)","CRL3","","matched","gene symbol checked fallback","E3 source has NCBI GeneID but no Ensembl gene ID; matched to one selected Ensembl protein-coding gnomAD row by symbol.","KLHL9","ENSG00000198642","ENST00000359039","ENST00000359039.5","MANE Select","chr9",21329665,21335404,0.8797,3.1373e-06,27,42.326,0.6379,0.83835,1.8884,1.0768,FALSE,FALSE,"no strong pLoF/missense signal","pass","none",FALSE,FALSE,1,59.978,0,0,"[]","[]"
417,390,"FBXL4",26235,"Q9UKA2","CRL1 substrate receptor (F-box protein)","CRL1","","matched","gene symbol checked fallback","E3 source has NCBI GeneID but no Ensembl gene ID; matched to one selected Ensembl protein-coding gnomAD row by symbol.","FBXL4","ENSG00000112234","ENST00000369244","ENST00000369244.7","MANE Select","chr6",98868535,98947946,0.88413,1.4507e-09,40,58.893,0.6792,0.9205,0.91886,0.99046,FALSE,FALSE,"no strong pLoF/missense signal","pass","none",FALSE,FALSE,1,59.999,0,0,"[]","[]"
418,473,"VHL",7428,"P40337","CRL2 substrate receptor (BC-CUL2-box)","CRL2","","matched","gene symbol checked fallback","E3 source has NCBI GeneID but no Ensembl gene ID; matched to one selected Ensembl protein-coding gnomAD row by symbol.","VHL","ENSG00000134086","ENST00000256474","ENST00000256474.3","MANE Select","chr3",10141778,10153667,0.88521,0.032546,10,19.162,0.52187,1.1205,-0.87958,1.2898,FALSE,FALSE,"no strong pLoF/missense signal","pass","none",FALSE,FALSE,1,59.999,0,0,"[]","[]"
419,218,"TRIM25",7706,"Q14258","RING, Ubl E3","RING","","matched","gene symbol checked fallback","E3 source has NCBI GeneID but no Ensembl gene ID; matched to one selected Ensembl protein-coding gnomAD row by symbol.","TRIM25","ENSG00000121060","ENST00000316881","ENST00000316881.9","MANE Select","chr17",56887909,56914049,0.88528,7.2169e-11,45,65.171,0.69049,0.88842,1.3491,0.94295,FALSE,FALSE,"no strong pLoF/missense signal","pass","none",FALSE,FALSE,1,60,0,0,"[]","[]"
420,304,"ANAPC11",51529,"Q9NYG5","Degenerate RING","degenerate RING","","matched","gene symbol checked fallback","E3 source has NCBI GeneID but no Ensembl gene ID; matched to one selected Ensembl protein-coding gnomAD row by symbol.","ANAPC11","ENSG00000141552","ENST00000344877","ENST00000344877.10","MANE Select","chr17",81891723,81900255,0.88754,0.28417,5,11.845,0.42211,0.60249,1.8011,1.0983,FALSE,FALSE,"no strong pLoF/missense signal","pass","none",FALSE,FALSE,1,59.999,0,0,"[]","[]"
421,577,"TNFAIP1",7126,"Q13829","CRL3 substrate receptor (BTB protein)","CRL3","","matched","gene symbol checked fallback","E3 source has NCBI GeneID but no Ensembl gene ID; matched to one selected Ensembl protein-coding gnomAD row by symbol.","TNFAIP1","ENSG00000109079","ENST00000226225","ENST00000226225.7","MANE Select","chr17",28335761,28347009,0.89135,0.00013081,20,32.604,0.61341,0.75035,2.1953,0.99501,FALSE,FALSE,"no strong pLoF/missense signal","pass","none",FALSE,FALSE,1,59.997,0,0,"[]","[]"
422,573,"RHOBTB3",22836,"O94955","CRL3 substrate receptor (BTB protein)","CRL3","","matched","gene symbol checked fallback","E3 source has NCBI GeneID but no Ensembl gene ID; matched to one selected Ensembl protein-coding gnomAD row by symbol.","RHOBTB3","ENSG00000164292","ENST00000379982","ENST00000379982.8","MANE Select","chr5",95731336,95796361,0.89206,1.6957e-11,47,67.188,0.69953,0.84134,1.8532,0.99572,FALSE,FALSE,"no strong pLoF/missense signal","pass","none",FALSE,FALSE,1,60,0,0,"[]","[]"
423,616,"TOR1AIP2",163590,"Q8NFQ8","CRL4 substrate receptor (DDB1-binding protein)","CRL4","","matched","gene symbol checked fallback","E3 source has NCBI GeneID but no Ensembl gene ID; matched to one selected Ensembl protein-coding gnomAD row by symbol.","TOR1AIP2","ENSG00000169905","ENST00000609928","ENST00000609928.6","MANE Select","chr1",179839976,179877803,0.89273,0.00012754,20,32.554,0.61436,0.8234,1.7724,1.0151,FALSE,FALSE,"no strong pLoF/missense signal","pass","none",FALSE,FALSE,1,59.999,0,0,"[]","[]"
424,440,"FBXW9",84261,"Q5XUX1","CRL1 substrate receptor (F-box protein)","CRL1","","matched","gene symbol checked fallback","E3 source has NCBI GeneID but no Ensembl gene ID; matched to one selected Ensembl protein-coding gnomAD row by symbol.","FBXW9","ENSG00000132004","ENST00000393261","ENST00000393261.8","MANE Select","chr19",12688916,12696631,0.89301,3.5542e-09,38,55.776,0.6813,0.95251,0.50412,1.0387,FALSE,FALSE,"no strong pLoF/missense signal","pass","none",FALSE,FALSE,1,59.998,0,0,"[]","[]"
425,189,"RNFT2",84900,"Q96EX2","RING","RING","","matched","gene symbol checked fallback","E3 source has NCBI GeneID but no Ensembl gene ID; matched to one selected Ensembl protein-coding gnomAD row by symbol.","RNFT2","ENSG00000135119","ENST00000257575","ENST00000257575.9","MANE Select","chr12",116738315,116853631,0.89655,1.0472e-08,36,53.027,0.67891,0.87778,1.2613,1.027,FALSE,FALSE,"no strong pLoF/missense signal","pass","none",FALSE,FALSE,1,59.999,0,0,"[]","[]"
426,501,"GMCL1",64395,"Q96IK5","CRL3 substrate receptor (BTB protein)","CRL3","","matched","gene symbol checked fallback","E3 source has NCBI GeneID but no Ensembl gene ID; matched to one selected Ensembl protein-coding gnomAD row by symbol.","GMCL1","ENSG00000087338","ENST00000282570","ENST00000282570.4","MANE Select","chr2",69829660,69881384,0.89668,2.0457e-13,54,75.546,0.7148,0.86234,1.465,1.0018,FALSE,FALSE,"no strong pLoF/missense signal","pass","none",FALSE,FALSE,1,59.518,0.060194,0,"[]","[]"
427,672,"ZNF451",26036,"Q9Y4E5","Atypical E3 (SIM and PLRP motif), SUMO E3","Atypical","","matched","gene symbol checked fallback","E3 source has NCBI GeneID but no Ensembl gene ID; matched to one selected Ensembl protein-coding gnomAD row by symbol.","ZNF451","ENSG00000112200","ENST00000370706","ENST00000370706.9","MANE Select","chr6",57090188,57170305,0.8994,2.0048e-20,80,107.13,0.74678,0.8955,1.567,0.89046,FALSE,FALSE,"no strong pLoF/missense signal","pass","none",FALSE,FALSE,0.97361,59.391,0.032988,0,"[]","[]"
428,324,"WDR59",79726,"Q6PJI9","Degenerate RING","degenerate RING","Yes","matched","gene symbol checked fallback","E3 source has NCBI GeneID but no Ensembl gene ID; matched to one selected Ensembl protein-coding gnomAD row by symbol.","WDR59","ENSG00000103091","ENST00000262144","ENST00000262144.11","MANE Select","chr16",74871362,74985123,0.89998,7.2947e-26,100,131.2,0.76218,0.9531,0.71065,1.2891,FALSE,FALSE,"no strong pLoF/missense signal","pass","none",FALSE,FALSE,1,59.949,0.10815,0,"[]","[]"
429,652,"SOCS3",9021,"O14543","CRL5 substrate receptor (BC-box protein with CUL5 box)","CRL5","","matched","gene symbol checked fallback","E3 source has NCBI GeneID but no Ensembl gene ID; matched to one selected Ensembl protein-coding gnomAD row by symbol.","SOCS3","ENSG00000184557","ENST00000330871","ENST00000330871.3","MANE Select","chr17",78356778,78360077,0.90058,0.26664,5,11.674,0.42831,0.67228,2.4288,1.0493,FALSE,FALSE,"no strong pLoF/missense signal","pass","none",FALSE,FALSE,1,59.998,0,0,"[]","[]"
430,80,"NSMCE1",197370,"Q8WV22","RING","RING","","matched","gene symbol checked fallback","E3 source has NCBI GeneID but no Ensembl gene ID; matched to one selected Ensembl protein-coding gnomAD row by symbol.","NSMCE1","ENSG00000169189","ENST00000361439","ENST00000361439.9","MANE Select","chr16",27224994,27268772,0.90102,0.00034249,18,29.624,0.60762,0.91382,0.68128,0.92931,FALSE,FALSE,"no strong pLoF/missense signal","pass","none",FALSE,FALSE,1,59.999,0,0,"[]","[]"
431,465,"MED8",112950,"Q96G25","CRL2 substrate receptor (BC-CUL2-box)","CRL2","","matched","gene symbol checked fallback","E3 source has NCBI GeneID but no Ensembl gene ID; matched to one selected Ensembl protein-coding gnomAD row by symbol.","MED8","ENSG00000159479","ENST00000372457","ENST00000372457.9","MANE Select","chr1",43383917,43389800,0.90153,3.4396e-05,22,34.846,0.63135,0.79674,1.566,0.87365,FALSE,FALSE,"no strong pLoF/missense signal","pass","none",FALSE,FALSE,1,59.999,0,0,"[]","[]"
432,543,"KLHL23",151230,"Q8NBE8","CRL3 substrate receptor (BTB protein)","CRL3","","matched","gene symbol checked fallback","E3 source has NCBI GeneID but no Ensembl gene ID; matched to one selected Ensembl protein-coding gnomAD row by symbol.","KLHL23","ENSG00000213160","ENST00000392647","ENST00000392647.7","MANE Select","chr2",169733832,169751878,0.90196,5.3444e-08,33,48.921,0.67455,0.90796,1.0158,1.0103,FALSE,FALSE,"no strong pLoF/missense signal","pass","none",FALSE,FALSE,1,59.998,0,0,"[]","[]"
433,659,"SPSB3",90864,"Q6PJ21","CRL5 substrate receptor (BC-box protein with CUL5 box)","CRL5","","matched","gene symbol checked fallback","E3 source has NCBI GeneID but no Ensembl gene ID; matched to one selected Ensembl protein-coding gnomAD row by symbol.","SPSB3","ENSG00000162032","ENST00000566339","ENST00000566339.6","MANE Select","chr16",1776712,1782571,0.9058,0.00031649,18,29.468,0.61084,1.064,-0.61473,1.3969,FALSE,FALSE,"no strong pLoF/missense signal","pass","none",FALSE,FALSE,1,60,0,0,"[]","[]"
434,563,"KLHL6",89857,"Q8WZ60","CRL3 substrate receptor (BTB protein)","CRL3","","matched","gene symbol checked fallback","E3 source has NCBI GeneID but no Ensembl gene ID; matched to one selected Ensembl protein-coding gnomAD row by symbol.","KLHL6","ENSG00000172578","ENST00000341319","ENST00000341319.8","MANE Select","chr3",183487551,183555706,0.90795,3.6395e-10,41,58.591,0.69977,0.8863,1.3763,1.0473,FALSE,FALSE,"no strong pLoF/missense signal","pass","none",FALSE,FALSE,1,59.998,0,0,"[]","[]"
435,111,"RFWD3",55159,"Q6PCD5","RING","RING","","matched","gene symbol checked fallback","E3 source has NCBI GeneID but no Ensembl gene ID; matched to one selected Ensembl protein-coding gnomAD row by symbol.","RFWD3","ENSG00000168411","ENST00000361070","ENST00000361070.9","MANE Select","chr16",74621399,74666877,0.91135,1.197e-16,65,87.68,0.74133,1.1486,-1.9417,1.2274,FALSE,FALSE,"no strong pLoF/missense signal","pass","none",FALSE,FALSE,1,60,0,0,"[]","[]"
436,651,"SOCS2",8835,"O14508","CRL5 substrate receptor (BC-box protein with CUL5 box)","CRL5","","matched","gene symbol checked fallback","E3 source has NCBI GeneID but no Ensembl gene ID; matched to one selected Ensembl protein-coding gnomAD row by symbol.","SOCS2","ENSG00000120833","ENST00000551556","ENST00000551556.2","MANE Select","chr12",93572675,93576745,0.91162,0.024738,10,18.607,0.53744,0.93454,0.43895,0.99974,FALSE,FALSE,"no strong pLoF/missense signal","pass","none",FALSE,FALSE,1,59.994,0,0,"[]","[]"
437,551,"KLHL31",401265,"Q9H511","CRL3 substrate receptor (BTB protein)","CRL3","","matched","gene symbol checked fallback","E3 source has NCBI GeneID but no Ensembl gene ID; matched to one selected Ensembl protein-coding gnomAD row by symbol.","KLHL31","ENSG00000124743","ENST00000370905","ENST00000370905.4","MANE Select","chr6",53647916,53665756,0.91179,7.4765e-08,32,47.141,0.67882,0.97274,0.33284,1.015,FALSE,FALSE,"no strong pLoF/missense signal","pass","none",FALSE,FALSE,1,59.999,0,0,"[]","[]"
438,595,"DCAF17",80067,"Q5H9S7","CRL4 substrate receptor (DDB1-binding protein)","CRL4","","matched","gene symbol checked fallback","E3 source has NCBI GeneID but no Ensembl gene ID; matched to one selected Ensembl protein-coding gnomAD row by symbol.","DCAF17","ENSG00000115827","ENST00000375255","ENST00000375255.8","MANE Select","chr2",171434226,171485052,0.92471,2.7578e-12,48,66.025,0.727,0.90244,1.0383,0.95978,FALSE,FALSE,"no strong pLoF/missense signal","pass","none",FALSE,FALSE,1,59.997,0,0,"[]","[]"
439,307,"RNF7",9616,"Q9UBF6","Degenerate RING","degenerate RING","","matched","gene symbol checked fallback","E3 source has NCBI GeneID but no Ensembl gene ID; matched to one selected Ensembl protein-coding gnomAD row by symbol.","RNF7","ENSG00000114125","ENST00000273480","ENST00000273480.4","MANE Select","chr3",141738298,141747560,0.9248,0.036863,9,16.982,0.52996,0.59684,2.076,1.1691,FALSE,FALSE,"no strong pLoF/missense signal","pass","none",FALSE,FALSE,0.9941,59.679,0,0,"[]","[]"
440,511,"KBTBD4",55709,"Q9NVX7","CRL3 substrate receptor (BTB protein)","CRL3","","matched","gene symbol checked fallback","E3 source has NCBI GeneID but no Ensembl gene ID; matched to one selected Ensembl protein-coding gnomAD row by symbol.","KBTBD4","ENSG00000123444","ENST00000430070","ENST00000430070.7","MANE Select","chr11",47572197,47578970,0.92621,1.7452e-07,30,43.932,0.68287,0.85973,1.5471,1.0044,FALSE,FALSE,"no strong pLoF/missense signal","pass","none",FALSE,FALSE,1,59.999,0,0,"[]","[]"
441,11,"BRCA1",672,"P38398","RING","RING","","matched","gene symbol checked fallback","E3 source has NCBI GeneID but no Ensembl gene ID; matched to one selected Ensembl protein-coding gnomAD row by symbol.","BRCA1","ENSG00000012048","ENST00000357654","ENST00000357654.9","MANE Select","chr17",43044295,43125364,0.92759,5.5171e-38,140,173.66,0.80618,0.91279,1.7336,0.87561,FALSE,FALSE,"no strong pLoF/missense signal","pass","none",FALSE,FALSE,1,59.998,0.014314,0.00017892,"[]","[]"
442,193,"SH3RF2",153769,"Q8TEC5","RING","RING","","matched","gene symbol checked fallback","E3 source has NCBI GeneID but no Ensembl gene ID; matched to one selected Ensembl protein-coding gnomAD row by symbol.","SH3RF2","ENSG00000156463","ENST00000359120","ENST00000359120.9","MANE Select","chr5",145936578,146063292,0.93901,3.8951e-11,43,59.05,0.72819,0.98924,0.14075,0.9988,FALSE,FALSE,"no strong pLoF/missense signal","pass","none",FALSE,FALSE,0.99771,59.999,0,0,"[]","[]"
443,569,"RCBTB1",55213,"Q8NDN9","CRL3 substrate receptor (BTB protein)","CRL3","","matched","gene symbol checked fallback","E3 source has NCBI GeneID but no Ensembl gene ID; matched to one selected Ensembl protein-coding gnomAD row by symbol.","RCBTB1","ENSG00000136144","ENST00000378302","ENST00000378302.7","MANE Select","chr13",49531946,49585558,0.94218,5.2831e-12,46,62.426,0.73688,0.86279,1.4975,0.90301,FALSE,FALSE,"no strong pLoF/missense signal","pass","none",FALSE,FALSE,1,59.729,0,0,"[]","[]"
444,486,"BTBD1",53339,"Q9H0C5","CRL3 substrate receptor (BTB protein)","CRL3","","matched","gene symbol checked fallback","E3 source has NCBI GeneID but no Ensembl gene ID; matched to one selected Ensembl protein-coding gnomAD row by symbol.","BTBD1","ENSG00000064726","ENST00000261721","ENST00000261721.9","MANE Select","chr15",83016423,83067252,0.94232,9.9543e-09,34,48.036,0.7078,0.86793,1.4089,1.0779,FALSE,FALSE,"no strong pLoF/missense signal","pass","none",FALSE,FALSE,0.89488,59.999,0,0.011065,"[]","[]"
445,468,"PRAME",23532,"P78395","CRL2 substrate receptor (BC-CUL2-box)","CRL2","","matched","gene symbol checked fallback","E3 source has NCBI GeneID but no Ensembl gene ID; matched to one selected Ensembl protein-coding gnomAD row by symbol.","PRAME","ENSG00000185686","ENST00000405655","ENST00000405655.8","MANE Select","chr22",22547701,22559265,0.94317,2.8905e-05,21,32.063,0.65497,1.0462,-0.49141,1.0896,FALSE,FALSE,"no strong pLoF/missense signal","pass","none",FALSE,FALSE,1,59.999,0,0,"[]","[]"
446,204,"TRAF5",7188,"O00463","RING","RING","","matched","gene symbol checked fallback","E3 source has NCBI GeneID but no Ensembl gene ID; matched to one selected Ensembl protein-coding gnomAD row by symbol.","TRAF5","ENSG00000082512","ENST00000261464","ENST00000261464.10","MANE Select","chr1",211326833,211374946,0.94622,1.2913e-12,48,64.524,0.74391,0.82234,1.9507,0.85667,FALSE,FALSE,"no strong pLoF/missense signal","pass","none",FALSE,FALSE,1,59.995,0,0,"[]","[]"
447,68,"MKRN2",23609,"Q9H000","RING","RING","","matched","gene symbol checked fallback","E3 source has NCBI GeneID but no Ensembl gene ID; matched to one selected Ensembl protein-coding gnomAD row by symbol.","MKRN2","ENSG00000075975","ENST00000170447","ENST00000170447.12","MANE Select","chr3",12557087,12583713,0.94631,3.1337e-08,32,45.421,0.70452,0.98007,0.19692,1.0707,FALSE,FALSE,"no strong pLoF/missense signal","pass","none",FALSE,FALSE,1,60,0,0,"[]","[]"
448,144,"RNF166",115992,"Q96A37","RING","RING","","matched","gene symbol checked fallback","E3 source has NCBI GeneID but no Ensembl gene ID; matched to one selected Ensembl protein-coding gnomAD row by symbol.","RNF166","ENSG00000158717","ENST00000312838","ENST00000312838.9","MANE Select","chr16",88696501,88706408,0.94702,9.0558e-05,19,29.439,0.64541,1.0772,-0.59067,1.2717,FALSE,FALSE,"no strong pLoF/missense signal","pass","none",FALSE,FALSE,0.782,59.999,0,0,"[]","[]"
449,673,"UFL1",23376,"O94874","Atypical E3 (catalytic site formed from multiple interfaces), Ubl E3","Atypical","","matched","gene symbol checked fallback","E3 source has NCBI GeneID but no Ensembl gene ID; matched to one selected Ensembl protein-coding gnomAD row by symbol.","UFL1","ENSG00000014123","ENST00000369278","ENST00000369278.5","MANE Select","chr6",96521806,96555276,0.94877,4.4525e-21,78,99.251,0.78589,0.99893,0.013969,1.0396,FALSE,FALSE,"no strong pLoF/missense signal","pass","none",FALSE,FALSE,1,59.997,0,0,"[]","[]"
450,287,"UNKL",64718,"Q9H9P5","RING","RING","","matched","gene symbol checked fallback","E3 source has NCBI GeneID but no Ensembl gene ID; matched to one selected Ensembl protein-coding gnomAD row by symbol.","UNKL","ENSG00000059145","ENST00000389221","ENST00000389221.9","MANE Select","chr16",1363205,1414704,0.95391,4.2766e-16,60,77.984,0.76939,1.1083,-1.4936,1.2806,FALSE,FALSE,"no strong pLoF/missense signal","pass","none",FALSE,FALSE,0.86858,59.988,0,0,"[]","[]"
451,521,"KCTD2",23510,"Q14681","CRL3 substrate receptor (BTB protein)","CRL3","","matched","gene symbol checked fallback","E3 source has NCBI GeneID but no Ensembl gene ID; matched to one selected Ensembl protein-coding gnomAD row by symbol.","KCTD2","ENSG00000180901","ENST00000322444","ENST00000322444.7","MANE Select","chr17",75047225,75065886,0.95541,0.00014553,18,27.938,0.64429,0.80455,1.5551,1.1791,FALSE,FALSE,"no strong pLoF/missense signal","pass","none",FALSE,FALSE,0.76172,59.99,0,0,"[]","[]"
452,330,"NOSIP",51070,"Q9Y314","Degenerate RING (U-box)","degenerate RING","","matched","gene symbol checked fallback","E3 source has NCBI GeneID but no Ensembl gene ID; matched to one selected Ensembl protein-coding gnomAD row by symbol.","NOSIP","ENSG00000142546","ENST00000596358","ENST00000596358.6","MANE Select","chr19",49555468,49580556,0.95974,1.8349e-06,25,36.381,0.68718,0.86251,1.2145,1.0437,FALSE,FALSE,"no strong pLoF/missense signal","pass","none",FALSE,FALSE,1,59.998,0,0,"[]","[]"
453,45,"MARCHF1",55016,"Q8TCQ1","RING","RING","","matched","gene symbol checked fallback","E3 source has NCBI GeneID but no Ensembl gene ID; matched to one selected Ensembl protein-coding gnomAD row by symbol.","MARCHF1","ENSG00000145416","ENST00000514618","ENST00000514618.6","MANE Select","chr4",163524718,164384019,0.96098,1.3471e-10,40,54.184,0.73823,0.89255,1.1742,0.99886,FALSE,FALSE,"no strong pLoF/missense signal","pass","none",FALSE,FALSE,1,59.999,0,0,"[]","[]"
454,461,"LRRC14",9684,"Q15048","CRL2 substrate receptor (BC-CUL2-box)","CRL2","","matched","gene symbol checked fallback","E3 source has NCBI GeneID but no Ensembl gene ID; matched to one selected Ensembl protein-coding gnomAD row by symbol.","LRRC14","ENSG00000160959","ENST00000292524","ENST00000292524.6","MANE Select","chr8",144517992,144525172,0.961,0.00044957,16,25.288,0.63272,0.89937,1.103,1.2165,FALSE,FALSE,"no strong pLoF/missense signal","pass","none",FALSE,FALSE,1,59.999,0,0,"[]","[]"
455,42,"LRSAM1",90678,"Q6UWE0","RING","RING","","matched","gene symbol checked fallback","E3 source has NCBI GeneID but no Ensembl gene ID; matched to one selected Ensembl protein-coding gnomAD row by symbol.","LRSAM1","ENSG00000148356","ENST00000300417","ENST00000300417.11","MANE Select","chr9",127451510,127503499,0.96329,1.3274e-26,96,118.08,0.81299,0.8782,1.5718,0.88414,FALSE,FALSE,"no strong pLoF/missense signal","pass","none",FALSE,FALSE,1,59.998,0,0,"[]","[]"
456,626,"ASB1",51665,"Q9Y576","CRL5 substrate receptor (BC-box protein with CUL5 box)","CRL5","","matched","gene symbol checked fallback","E3 source has NCBI GeneID but no Ensembl gene ID; matched to one selected Ensembl protein-coding gnomAD row by symbol.","ASB1","ENSG00000065802","ENST00000264607","ENST00000264607.9","MANE Select","chr2",238426927,238452250,0.96444,0.00012734,18,27.676,0.65039,0.87888,1.0979,1.0073,FALSE,FALSE,"no strong pLoF/missense signal","pass","none",FALSE,FALSE,0.95124,59.998,0,0,"[]","[]"
457,99,"RAPSN",5913,"Q13702","RING","RING","","matched","gene symbol checked fallback","E3 source has NCBI GeneID but no Ensembl gene ID; matched to one selected Ensembl protein-coding gnomAD row by symbol.","RAPSN","ENSG00000165917","ENST00000298854","ENST00000298854.7","MANE Select","chr11",47437764,47449136,0.96635,1.0266e-08,33,45.662,0.72271,0.92781,0.72815,1.0443,FALSE,FALSE,"no strong pLoF/missense signal","pass","none",FALSE,FALSE,0.99595,59.999,0,0,"[]","[]"
458,497,"BTBD9",114781,"Q96Q07","CRL3 substrate receptor (BTB protein)","CRL3","","matched","gene symbol checked fallback","E3 source has NCBI GeneID but no Ensembl gene ID; matched to one selected Ensembl protein-coding gnomAD row by symbol.","BTBD9","ENSG00000183826","ENST00000481247","ENST00000481247.6","MANE Select","chr6",38168451,38639929,0.96721,3.3035e-13,49,64.279,0.7623,0.78469,2.5349,0.94643,FALSE,FALSE,"no strong pLoF/missense signal","pass","none",FALSE,FALSE,1,59.999,0,0,"[]","[]"
459,553,"KLHL33",123103,"A6NCF5","CRL3 substrate receptor (BTB protein)","CRL3","","matched","gene symbol checked fallback","E3 source has NCBI GeneID but no Ensembl gene ID; matched to one selected Ensembl protein-coding gnomAD row by symbol.","KLHL33","ENSG00000185271","ENST00000636854","ENST00000636854.3","MANE Select","chr14",20425852,20436166,0.96792,2.2711e-12,46,60.765,0.75701,1.055,-0.74123,1.0042,FALSE,FALSE,"no strong pLoF/missense signal","pass","none",FALSE,FALSE,0.68716,59.999,0,0,"[]","[]"
460,264,"TRIM64C",646754,"A6NLI5","RING","RING","","matched","gene symbol checked fallback","E3 source has NCBI GeneID but no Ensembl gene ID; matched to one selected Ensembl protein-coding gnomAD row by symbol.","TRIM64C","ENSG00000214891","ENST00000617704","ENST00000617704.1","MANE Select","chr11",49053714,49059112,0.96832,1.557e-06,25,36.059,0.69332,0.91097,0.87968,1.1416,FALSE,FALSE,"no strong pLoF/missense signal","pass","none",FALSE,FALSE,1,55.954,1,0,"[]","[]"
461,135,"RNF141",50862,"Q8WVD5","RING","RING","","matched","gene symbol checked fallback","E3 source has NCBI GeneID but no Ensembl gene ID; matched to one selected Ensembl protein-coding gnomAD row by symbol.","RNF141","ENSG00000110315","ENST00000265981","ENST00000265981.7","MANE Select","chr11",10511673,10541187,0.97327,0.00011201,18,27.425,0.65634,0.82327,1.2598,1.0038,FALSE,FALSE,"no strong pLoF/missense signal","pass","none",FALSE,FALSE,1,58.559,0,0,"[]","[]"
462,64,"MIB2",142678,"Q96AX9","RING","RING","","matched","gene symbol checked fallback","E3 source has NCBI GeneID but no Ensembl gene ID; matched to one selected Ensembl protein-coding gnomAD row by symbol.","MIB2","ENSG00000197530","ENST00000355826","ENST00000355826.10","MANE Select","chr1",1615500,1630605,0.9745,1.1578e-21,78,96.63,0.8072,1.0836,-1.3451,1.3027,FALSE,FALSE,"no strong pLoF/missense signal","pass","none",FALSE,FALSE,0.9815,59.997,0,0,"[]","[]"
463,456,"KLHDC1",122773,"Q8N7A1","CRL2 substrate receptor (BC-CUL2-box), CRL5 substrate receptor (BC-CUL5-box)","CRL2; CRL5","","matched","gene symbol checked fallback","E3 source has NCBI GeneID but no Ensembl gene ID; matched to one selected Ensembl protein-coding gnomAD row by symbol.","KLHDC1","ENSG00000197776","ENST00000359332","ENST00000359332.7","MANE Select","chr14",49693120,49753150,0.97547,1.8019e-14,53,68.304,0.77595,0.95474,0.42826,0.93088,FALSE,FALSE,"no strong pLoF/missense signal","pass","none",FALSE,FALSE,0.9335,59.999,0,0,"[]","[]"
464,489,"BTBD17",388419,"A6NE02","CRL3 substrate receptor (BTB protein)","CRL3","","matched","gene symbol checked fallback","E3 source has NCBI GeneID but no Ensembl gene ID; matched to one selected Ensembl protein-coding gnomAD row by symbol.","BTBD17","ENSG00000204347","ENST00000375366","ENST00000375366.4","MANE Select","chr17",74356416,74361868,0.97649,7.0799e-07,26,36.945,0.70375,0.91134,0.9942,1.0089,FALSE,FALSE,"no strong pLoF/missense signal","pass","none",FALSE,FALSE,0.94003,59.999,0,0,"[]","[]"
465,636,"ASB3",51130,"Q9Y575","CRL5 substrate receptor (BC-box protein with CUL5 box)","CRL5","","matched","gene symbol checked fallback","E3 source has NCBI GeneID but no Ensembl gene ID; matched to one selected Ensembl protein-coding gnomAD row by symbol.","ASB3","ENSG00000115239","ENST00000263634","ENST00000263634.8","MANE Select","chr2",53669980,53786953,0.9769,4.4752e-11,41,54.455,0.75291,1.1823,-1.936,1.2027,FALSE,FALSE,"no strong pLoF/missense signal","pass","none",FALSE,FALSE,1,59.999,0,0,"[]","[]"
466,359,"HERC5",51191,"Q9UII4","HECT E3 ligase, Ubl E3","HECT","","matched","gene symbol checked fallback","E3 source has NCBI GeneID but no Ensembl gene ID; matched to one selected Ensembl protein-coding gnomAD row by symbol.","HERC5","ENSG00000138646","ENST00000264350","ENST00000264350.8","MANE Select","chr4",88457119,88506163,0.97816,6.7857e-28,99,119.61,0.8277,1.0207,-0.31077,1.072,FALSE,FALSE,"no strong pLoF/missense signal","pass","none",FALSE,FALSE,0.90788,59.998,0,0.0035807,"[]","[]"
467,594,"DCAF16",54876,"Q9NXF7","CRL4 substrate receptor (DDB1-binding protein)","CRL4","","matched","gene symbol checked fallback","E3 source has NCBI GeneID but no Ensembl gene ID; matched to one selected Ensembl protein-coding gnomAD row by symbol.","DCAF16","ENSG00000163257","ENST00000382247","ENST00000382247.6","MANE Select","chr4",17800655,17810757,0.9799,0.012897,10,17.31,0.5777,1.0059,-0.039413,1.1955,FALSE,FALSE,"no strong pLoF/missense signal","pass","none",FALSE,FALSE,1,60,0,0,"[]","[]"
468,381,"FBXL13",222235,"Q8NEE6","CRL1 substrate receptor (F-box protein)","CRL1","","matched","gene symbol checked fallback","E3 source has NCBI GeneID but no Ensembl gene ID; matched to one selected Ensembl protein-coding gnomAD row by symbol.","FBXL13","ENSG00000161040","ENST00000313221","ENST00000313221.8","Ensembl canonical","chr7",102813233,103074568,0.98239,1.2488e-18,67,83.58,0.80163,0.94867,0.64446,0.90816,FALSE,FALSE,"no strong pLoF/missense signal","pass","none",FALSE,FALSE,1,60,0,0,"[]","[]"
469,280,"UBOX5",22888,"O94941","RING, degenerate RING (U-box)","RING; degenerate RING","","matched","gene symbol checked fallback","E3 source has NCBI GeneID but no Ensembl gene ID; matched to one selected Ensembl protein-coding gnomAD row by symbol.","UBOX5","ENSG00000185019","ENST00000217173","ENST00000217173.7","MANE Select","chr20",3107573,3159865,0.98308,1.7335e-07,28,39.049,0.71704,0.86739,1.4688,1.0273,FALSE,FALSE,"no strong pLoF/missense signal","pass","none",FALSE,FALSE,1,59.999,0,0,"[]","[]"
470,227,"TRIM35",23087,"Q9UPQ4","RING","RING","","matched","gene symbol checked fallback","E3 source has NCBI GeneID but no Ensembl gene ID; matched to one selected Ensembl protein-coding gnomAD row by symbol.","TRIM35","ENSG00000104228","ENST00000305364","ENST00000305364.9","MANE Select","chr8",27284886,27311272,0.99038,4.2502e-10,37,49.148,0.75283,0.92221,0.87943,1.044,FALSE,FALSE,"no strong pLoF/missense signal","pass","none",FALSE,FALSE,1,59.999,0,0,"[]","[]"
471,36,"LNX1",84708,"Q8TBB1","RING","RING","","matched","gene symbol checked fallback","E3 source has NCBI GeneID but no Ensembl gene ID; matched to one selected Ensembl protein-coding gnomAD row by symbol.","LNX1","ENSG00000072201","ENST00000263925","ENST00000263925.8","MANE Select","chr4",53459301,53591486,0.99086,5.3416e-15,54,68.365,0.78988,0.97802,0.28534,0.96005,FALSE,FALSE,"no strong pLoF/missense signal","pass","none",FALSE,FALSE,1,59.998,0,0,"[]","[]"
472,254,"TRIM56",81844,"Q9BRZ2","RING","RING","","matched","gene symbol checked fallback","E3 source has NCBI GeneID but no Ensembl gene ID; matched to one selected Ensembl protein-coding gnomAD row by symbol.","TRIM56","ENSG00000169871","ENST00000306085","ENST00000306085.11","MANE Select","chr7",101085481,101097967,0.99169,0.011616,10,17.104,0.58465,0.87716,1.6995,1.0624,FALSE,FALSE,"no strong pLoF/missense signal","pass","none",FALSE,FALSE,0.98852,59.998,0,0,"[]","[]"
473,479,"ZYG11A",440590,"Q6WRX3","CRL2 substrate receptor (BC-CUL2-box)","CRL2","","matched","gene symbol checked fallback","E3 source has NCBI GeneID but no Ensembl gene ID; matched to one selected Ensembl protein-coding gnomAD row by symbol.","ZYG11A","ENSG00000203995","ENST00000371528","ENST00000371528.2","MANE Select","chr1",52842760,52894998,0.99243,2.3431e-17,62,77.183,0.80328,0.92329,0.97979,0.97058,FALSE,FALSE,"no strong pLoF/missense signal","pass","none",FALSE,FALSE,1,59.999,0,0,"[]","[]"
474,97,"RAD18",56852,"Q9NS91","RING","RING","","matched","gene symbol checked fallback","E3 source has NCBI GeneID but no Ensembl gene ID; matched to one selected Ensembl protein-coding gnomAD row by symbol.","RAD18","ENSG00000070950","ENST00000264926","ENST00000264926.7","MANE Select","chr3",8877075,8963472,0.99304,5.2987e-13,47,60.356,0.77872,1.0787,-0.81797,1.1507,FALSE,FALSE,"no strong pLoF/missense signal","pass","none",FALSE,FALSE,1,59.999,0,0,"[]","[]"
475,150,"RNF175",285533,"Q8N4F7","RING","RING","","matched","gene symbol checked fallback","E3 source has NCBI GeneID but no Ensembl gene ID; matched to one selected Ensembl protein-coding gnomAD row by symbol.","RNF175","ENSG00000145428","ENST00000347063","ENST00000347063.9","MANE Select","chr4",153710160,153760024,0.99608,1.9002e-10,38,50.004,0.75993,0.94723,0.45552,1.0609,FALSE,FALSE,"no strong pLoF/missense signal","pass","none",FALSE,FALSE,0.96646,59.999,0,0,"[]","[]"
476,185,"RNF5",6048,"Q99942","RING","RING","","matched","gene symbol checked fallback","E3 source has NCBI GeneID but no Ensembl gene ID; matched to one selected Ensembl protein-coding gnomAD row by symbol.","RNF5","ENSG00000204308","ENST00000375094","ENST00000375094.4","MANE Select","chr6",32178405,32180793,0.99619,0.00028447,16,24.394,0.6559,0.78152,1.4336,0.72308,FALSE,FALSE,"no strong pLoF/missense signal","pass","none",FALSE,FALSE,1,55.445,0,0,"[]","[]"
477,249,"TRIM51",84767,"Q9BSJ1","RING","RING","","matched","gene symbol checked fallback","E3 source has NCBI GeneID but no Ensembl gene ID; matched to one selected Ensembl protein-coding gnomAD row by symbol.","TRIM51","ENSG00000124900","ENST00000449290","ENST00000449290.6","MANE Select","chr11",55883297,55891810,0.99674,3.3318e-06,23,32.692,0.70353,1.0979,-0.96909,0.97287,FALSE,FALSE,"no strong pLoF/missense signal","pass","none",FALSE,FALSE,1,53.495,1,0,"[]","[]"
478,585,"CIAO1",9391,"O76071","CRL4 substrate receptor (DDB1-binding protein)","CRL4","","matched","gene symbol checked fallback","E3 source has NCBI GeneID but no Ensembl gene ID; matched to one selected Ensembl protein-coding gnomAD row by symbol.","CIAO1","ENSG00000144021","ENST00000488633","ENST00000488633.2","MANE Select","chr2",96266225,96274173,0.99786,9.4468e-09,32,43.074,0.7429,0.94887,0.456,1.0674,FALSE,FALSE,"no strong pLoF/missense signal","pass","none",FALSE,FALSE,0.99017,59.999,0,0,"[]","[]"
479,494,"BTBD6",90135,"Q96KE9","CRL3 substrate receptor (BTB protein)","CRL3","","matched","gene symbol checked fallback","E3 source has NCBI GeneID but no Ensembl gene ID; matched to one selected Ensembl protein-coding gnomAD row by symbol.","BTBD6","ENSG00000184887","ENST00000392554","ENST00000392554.8","MANE Select","chr14",105248533,105251093,1.0021,3.1973e-08,30,40.604,0.73885,1.0049,-0.055501,1.2244,FALSE,FALSE,"no strong pLoF/missense signal","pass","none",FALSE,FALSE,0.76766,59.805,1,0.042131,"[]","[]"
480,434,"FBXW12",285231,"Q6X9E4","CRL1 substrate receptor (F-box protein)","CRL1","","matched","gene symbol checked fallback","E3 source has NCBI GeneID but no Ensembl gene ID; matched to one selected Ensembl protein-coding gnomAD row by symbol.","FBXW12","ENSG00000164049","ENST00000296438","ENST00000296438.9","MANE Select","chr3",48372219,48394725,1.0027,5.7101e-12,43,55.298,0.77761,0.9349,0.65728,0.90272,FALSE,FALSE,"no strong pLoF/missense signal","pass","none",FALSE,FALSE,1,59.999,0,0,"[]","[]"
481,14,"CBLC",23624,"Q9ULV8","RING","RING","","matched","gene symbol checked fallback","E3 source has NCBI GeneID but no Ensembl gene ID; matched to one selected Ensembl protein-coding gnomAD row by symbol.","CBLC","ENSG00000142273","ENST00000647358","ENST00000647358.2","MANE Select","chr19",44777890,44800652,1.0044,7.2778e-13,46,58.558,0.78555,1.0466,-0.49761,1.0256,FALSE,FALSE,"no strong pLoF/missense signal","pass","none",FALSE,FALSE,0.95921,59.999,0,0,"[]","[]"
482,510,"KBTBD3",143879,"Q8NAB2","CRL3 substrate receptor (BTB protein)","CRL3","","matched","gene symbol checked fallback","E3 source has NCBI GeneID but no Ensembl gene ID; matched to one selected Ensembl protein-coding gnomAD row by symbol.","KBTBD3","ENSG00000182359","ENST00000531837","ENST00000531837.2","MANE Select","chr11",106051098,106077347,1.0044,1.5334e-10,38,49.59,0.76629,0.92839,0.81497,0.85472,FALSE,FALSE,"no strong pLoF/missense signal","pass","none",FALSE,FALSE,1,60,0,0,"[]","[]"
483,654,"SOCS5",9655,"O75159","CRL5 substrate receptor (BC-box protein with CUL5 box)","CRL5","","matched","gene symbol checked fallback","E3 source has NCBI GeneID but no Ensembl gene ID; matched to one selected Ensembl protein-coding gnomAD row by symbol.","SOCS5","ENSG00000171150","ENST00000394861","ENST00000394861.3","MANE Select","chr2",46699295,46763129,1.0052,8.0312e-09,32,42.76,0.74836,0.96016,0.43418,1.2325,FALSE,FALSE,"no strong pLoF/missense signal","pass","none",FALSE,FALSE,1,59.154,1,0,"[]","[]"
484,54,"MARCHF8",220972,"Q5T0T0","RING","RING","","matched","gene symbol checked fallback","E3 source has NCBI GeneID but no Ensembl gene ID; matched to one selected Ensembl protein-coding gnomAD row by symbol.","MARCHF8","ENSG00000165406","ENST00000453424","ENST00000453424.7","MANE Select","chr10",45454585,45535371,1.0081,3.663e-11,40,51.65,0.77444,0.96665,0.3786,0.93817,FALSE,FALSE,"no strong pLoF/missense signal","pass","none",FALSE,FALSE,1,60,0,0,"[]","[]"
485,640,"ASB8",140461,"Q9H765","CRL5 substrate receptor (BC-box protein with CUL5 box)","CRL5","","matched","gene symbol checked fallback","E3 source has NCBI GeneID but no Ensembl gene ID; matched to one selected Ensembl protein-coding gnomAD row by symbol.","ASB8","ENSG00000177981","ENST00000317697","ENST00000317697.8","MANE Select","chr12",48147789,48157515,1.0087,0.0004574,15,22.897,0.6551,0.82369,1.4206,0.88102,FALSE,FALSE,"no strong pLoF/missense signal","pass","none",FALSE,FALSE,1,59.999,0,0,"[]","[]"
486,248,"TRIM50",135892,"Q86XT4","RING","RING","","matched","gene symbol checked fallback","E3 source has NCBI GeneID but no Ensembl gene ID; matched to one selected Ensembl protein-coding gnomAD row by symbol.","TRIM50","ENSG00000146755","ENST00000333149","ENST00000333149.7","MANE Select","chr7",73312536,73328082,1.0091,1.9564e-09,34,44.857,0.75796,0.95378,0.50783,1.0546,FALSE,FALSE,"no strong pLoF/missense signal","pass","none",FALSE,FALSE,1,57.878,1,0,"[]","[]"
487,481,"ABTB1",80325,"Q969K4","CRL3 substrate receptor (BTB protein)","CRL3","","matched","gene symbol checked fallback","E3 source has NCBI GeneID but no Ensembl gene ID; matched to one selected Ensembl protein-coding gnomAD row by symbol.","ABTB1","ENSG00000114626","ENST00000232744","ENST00000232744.13","MANE Select","chr3",127672952,127680926,1.0097,1.2158e-12,45,57.138,0.78756,0.94551,0.59988,1.0964,FALSE,FALSE,"no strong pLoF/missense signal","pass","none",FALSE,FALSE,0.99163,59.999,0,0,"[]","[]"
488,154,"RNF183",138065,"Q96D59","RING","RING","","matched","gene symbol checked fallback","E3 source has NCBI GeneID but no Ensembl gene ID; matched to one selected Ensembl protein-coding gnomAD row by symbol.","RNF183","ENSG00000165188","ENST00000489339","ENST00000489339.2","MANE Select","chr9",113297093,113303376,1.0128,0.24511,4,9.0382,0.44257,0.89498,0.7133,0.94847,FALSE,FALSE,"no strong pLoF/missense signal","pass","none",FALSE,FALSE,1,59.999,0,0,"[]","[]"
489,398,"FBXO16",157574,"Q8IX29","CRL1 substrate receptor (F-box protein)","CRL1","","matched","gene symbol checked fallback","E3 source has NCBI GeneID but no Ensembl gene ID; matched to one selected Ensembl protein-coding gnomAD row by symbol.","FBXO16","ENSG00000214050","ENST00000380254","ENST00000380254.7","MANE Select","chr8",28428412,28490229,1.0208,1.1171e-08,31,40.985,0.75637,1.0429,-0.34025,1.1291,FALSE,FALSE,"no strong pLoF/missense signal","pass","none",FALSE,FALSE,1,59.998,0,0,"[]","[]"
490,275,"TRIM77",390231,"I1YAP6","RING","RING","","matched","gene symbol checked fallback","E3 source has NCBI GeneID but no Ensembl gene ID; matched to one selected Ensembl protein-coding gnomAD row by symbol.","TRIM77","ENSG00000214414","ENST00000398290","ENST00000398290.7","MANE Select","chr11",89710299,89717872,1.0246,2.1049e-06,23,31.802,0.72322,0.82715,1.7118,0.86845,FALSE,FALSE,"no strong pLoF/missense signal","pass","none",FALSE,FALSE,0.99037,57.343,1,0.0081481,"[]","[]"
491,522,"KCTD20",222658,"Q7Z5Y7","CRL3 substrate receptor (BTB protein)","CRL3","","matched","gene symbol checked fallback","E3 source has NCBI GeneID but no Ensembl gene ID; matched to one selected Ensembl protein-coding gnomAD row by symbol.","KCTD20","ENSG00000112078","ENST00000373731","ENST00000373731.7","MANE Select","chr6",36443000,36491141,1.0285,1.865e-08,30,39.564,0.75826,0.80849,1.8661,0.89693,FALSE,FALSE,"no strong pLoF/missense signal","pass","none",FALSE,FALSE,1,59.997,0,0,"[]","[]"
492,301,"ZSWIM2",151112,"Q8NEG5","RING","RING","","matched","gene symbol checked fallback","E3 source has NCBI GeneID but no Ensembl gene ID; matched to one selected Ensembl protein-coding gnomAD row by symbol.","ZSWIM2","ENSG00000163012","ENST00000295131","ENST00000295131.3","MANE Select","chr2",186827475,186849170,1.0294,8.1855e-11,38,48.387,0.78534,1.0627,-0.72262,0.95519,FALSE,FALSE,"no strong pLoF/missense signal","pass","none",FALSE,FALSE,0.99473,59.998,0,0,"[]","[]"
493,574,"SHKBP1",92799,"Q8TBC3","CRL3 substrate receptor (BTB protein)","CRL3","","matched","gene symbol checked fallback","E3 source has NCBI GeneID but no Ensembl gene ID; matched to one selected Ensembl protein-coding gnomAD row by symbol.","SHKBP1","ENSG00000160410","ENST00000291842","ENST00000291842.10","MANE Select","chr19",40576873,40591397,1.0312,9.0042e-21,71,83.884,0.84641,0.83877,2.1553,0.93216,FALSE,FALSE,"no strong pLoF/missense signal","pass","none",FALSE,FALSE,0.99434,59.997,0,0,"[]","[]"
494,223,"TRIM31",11074,"Q9BZY9","RING","RING","","matched","gene symbol checked fallback","E3 source has NCBI GeneID but no Ensembl gene ID; matched to one selected Ensembl protein-coding gnomAD row by symbol.","TRIM31","ENSG00000204616","ENST00000376734","ENST00000376734.4","MANE Select","chr6",30102897,30113090,1.0315,8.9566e-09,31,40.561,0.76427,0.91456,0.81279,0.84581,FALSE,FALSE,"no strong pLoF/missense signal","pass","none",FALSE,FALSE,1,59.999,0,0,"[]","[]"
495,386,"FBXL18",80028,"Q96ME1","CRL1 substrate receptor (F-box protein)","CRL1","","matched","gene symbol checked fallback","E3 source has NCBI GeneID but no Ensembl gene ID; matched to one selected Ensembl protein-coding gnomAD row by symbol.","FBXL18","ENSG00000155034","ENST00000382368","ENST00000382368.8","MANE Select","chr7",5475797,5513809,1.0326,2.9559e-10,36,46.041,0.78191,0.973,0.36486,1.1971,FALSE,FALSE,"no strong pLoF/missense signal","pass","none",FALSE,FALSE,1,59.998,0,0,"[]","[]"
496,46,"MARCHF10",162333,"Q8NA82","RING","RING","","matched","gene symbol checked fallback","E3 source has NCBI GeneID but no Ensembl gene ID; matched to one selected Ensembl protein-coding gnomAD row by symbol.","MARCHF10","ENSG00000173838","ENST00000311269","ENST00000311269.10","MANE Select","chr17",62701314,62808314,1.0339,1.096e-18,64,76.219,0.83968,0.91339,1.1433,0.95113,FALSE,FALSE,"no strong pLoF/missense signal","pass","none",FALSE,FALSE,1,59.999,0,0,"[]","[]"
497,520,"KCTD18",130535,"Q6PI47","CRL3 substrate receptor (BTB protein)","CRL3","","matched","gene symbol checked fallback","E3 source has NCBI GeneID but no Ensembl gene ID; matched to one selected Ensembl protein-coding gnomAD row by symbol.","KCTD18","ENSG00000155729","ENST00000359878","ENST00000359878.8","MANE Select","chr2",200488958,200510068,1.0348,3.4743e-06,22,30.358,0.72468,0.96596,0.33971,0.89013,FALSE,FALSE,"no strong pLoF/missense signal","pass","none",FALSE,FALSE,1,59.997,0,0,"[]","[]"
498,253,"TRIM55",84675,"Q9BYV6","RING","RING","","matched","gene symbol checked fallback","E3 source has NCBI GeneID but no Ensembl gene ID; matched to one selected Ensembl protein-coding gnomAD row by symbol.","TRIM55","ENSG00000147573","ENST00000315962","ENST00000315962.9","MANE Select","chr8",66127129,66175485,1.0391,1.6114e-14,50,60.905,0.82096,1.0212,-0.23366,0.99532,FALSE,FALSE,"no strong pLoF/missense signal","pass","none",FALSE,FALSE,1,59.997,0,0.043796,"[]","[]"
499,212,"TRIM17",51127,"Q9Y577","RING","RING","","matched","gene symbol checked fallback","E3 source has NCBI GeneID but no Ensembl gene ID; matched to one selected Ensembl protein-coding gnomAD row by symbol.","TRIM17","ENSG00000162931","ENST00000366698","ENST00000366698.7","MANE Select","chr1",228407935,228416861,1.04,1.1266e-07,27,35.802,0.75415,0.9497,0.53103,0.97385,FALSE,FALSE,"no strong pLoF/missense signal","pass","none",FALSE,FALSE,0.9993,59.999,0,0,"[]","[]"
500,360,"HERC6",55008,"Q8IVU3","HECT E3 ligase","HECT","","matched","gene symbol checked fallback","E3 source has NCBI GeneID but no Ensembl gene ID; matched to one selected Ensembl protein-coding gnomAD row by symbol.","HERC6","ENSG00000138642","ENST00000264346","ENST00000264346.12","MANE Select","chr4",88378852,88443097,1.0406,2.3602e-30,101,114.51,0.882,0.92047,1.19,0.93529,FALSE,FALSE,"no strong pLoF/missense signal","pass","none",FALSE,FALSE,0.98369,59.935,0,0,"[]","[]"
501,421,"FBXO44",93611,"Q9H4M3","CRL1 substrate receptor (F-box protein)","CRL1","","matched","gene symbol checked fallback","E3 source has NCBI GeneID but no Ensembl gene ID; matched to one selected Ensembl protein-coding gnomAD row by symbol.","FBXO44","ENSG00000132879","ENST00000251547","ENST00000251547.10","MANE Select","chr1",11654877,11663327,1.0424,4.1537e-07,25,33.496,0.74635,0.904,0.75938,0.96197,FALSE,FALSE,"no strong pLoF/missense signal","pass","none",FALSE,FALSE,1,59.079,0,0,"[]","[]"
502,268,"TRIM69",140691,"Q86WT6","RING","RING","","matched","gene symbol checked fallback","E3 source has NCBI GeneID but no Ensembl gene ID; matched to one selected Ensembl protein-coding gnomAD row by symbol.","TRIM69","ENSG00000185880","ENST00000329464","ENST00000329464.9","MANE Select","chr15",44736528,44767827,1.048,2.5055e-08,29,37.729,0.76864,1.0277,-0.2849,0.984,FALSE,FALSE,"no strong pLoF/missense signal","pass","none",FALSE,FALSE,1,60,0,0,"[]","[]"
503,570,"RCBTB2",1102,"O95199","CRL3 substrate receptor (BTB protein)","CRL3","","matched","gene symbol checked fallback","E3 source has NCBI GeneID but no Ensembl gene ID; matched to one selected Ensembl protein-coding gnomAD row by symbol.","RCBTB2","ENSG00000136161","ENST00000344532","ENST00000344532.8","MANE Select","chr13",48488963,48533080,1.0521,3.1358e-16,55,65.44,0.84046,0.88074,1.3264,0.86216,FALSE,FALSE,"no strong pLoF/missense signal","pass","none",FALSE,FALSE,1,59.771,0,0,"[]","[]"
504,124,"RNF122",79845,"Q9H9V4","RING","RING","","matched","gene symbol checked fallback","E3 source has NCBI GeneID but no Ensembl gene ID; matched to one selected Ensembl protein-coding gnomAD row by symbol.","RNF122","ENSG00000133874","ENST00000256257","ENST00000256257.2","MANE Select","chr8",33547754,33567128,1.0554,7.2292e-05,17,24.16,0.70365,0.84792,0.91298,0.90533,FALSE,FALSE,"no strong pLoF/missense signal","pass","none",FALSE,FALSE,1,59.999,0,0,"[]","[]"
505,22,"DCST1",149095,"Q5T197","RING","RING","","matched","gene symbol checked fallback","E3 source has NCBI GeneID but no Ensembl gene ID; matched to one selected Ensembl protein-coding gnomAD row by symbol.","DCST1","ENSG00000163357","ENST00000295542","ENST00000295542.6","MANE Select","chr1",155033824,155050930,1.0565,1.7376e-23,78,89.128,0.87515,0.96916,0.40085,0.97882,FALSE,FALSE,"no strong pLoF/missense signal","pass","none",FALSE,FALSE,1,59.999,0,0,"[]","[]"
506,47,"MARCHF11",441061,"A6NNE9","RING","RING","","matched","gene symbol checked fallback","E3 source has NCBI GeneID but no Ensembl gene ID; matched to one selected Ensembl protein-coding gnomAD row by symbol.","MARCHF11","ENSG00000183654","ENST00000332432","ENST00000332432.9","MANE Select","chr5",16067139,16179791,1.0592,2.0318e-08,29,37.331,0.77683,0.90371,0.9484,1.0221,FALSE,FALSE,"no strong pLoF/missense signal","pass","none",FALSE,FALSE,0.64842,59.999,0,0.053897,"[]","[]"
507,122,"RNF115",27246,"Q9Y4L5","RING","RING","","matched","gene symbol checked fallback","E3 source has NCBI GeneID but no Ensembl gene ID; matched to one selected Ensembl protein-coding gnomAD row by symbol.","RNF115","ENSG00000265491","ENST00000582693","ENST00000582693.5","MANE Select","chr1",145738868,145824095,1.0676,4.3405e-09,31,39.188,0.79106,1.006,-0.050026,0.94652,FALSE,FALSE,"no strong pLoF/missense signal","pass","none",FALSE,FALSE,1,59.468,0.0625,0,"[]","[]"
508,586,"CRBN",51185,"Q96SW2","CRL4 substrate receptor (DDB1-binding protein)","CRL4","","matched","gene symbol checked fallback","E3 source has NCBI GeneID but no Ensembl gene ID; matched to one selected Ensembl protein-coding gnomAD row by symbol.","CRBN","ENSG00000113851","ENST00000231948","ENST00000231948.9","MANE Select","chr3",3150011,3179691,1.0716,6.7652e-16,53,62.179,0.85237,1.1599,-1.572,1.1811,FALSE,FALSE,"no strong pLoF/missense signal","pass","none",FALSE,FALSE,1,59.999,0,0,"[]","[]"
509,517,"KCTD12",115207,"Q96CX2","CRL3 substrate receptor (BTB protein)","CRL3","","matched","gene symbol checked fallback","E3 source has NCBI GeneID but no Ensembl gene ID; matched to one selected Ensembl protein-coding gnomAD row by symbol.","KCTD12","ENSG00000178695","ENST00000377474","ENST00000377474.4","MANE Select","chr13",76880175,76886405,1.0734,0.00011455,16,22.639,0.70673,0.96334,0.33869,1.1402,FALSE,FALSE,"no strong pLoF/missense signal","pass","none",FALSE,FALSE,0.91692,59.998,0,0,"[]","[]"
510,215,"TRIM22",10346,"Q8IYM9","RING","RING","","matched","gene symbol checked fallback","E3 source has NCBI GeneID but no Ensembl gene ID; matched to one selected Ensembl protein-coding gnomAD row by symbol.","TRIM22","ENSG00000132274","ENST00000379965","ENST00000379965.8","MANE Select","chr11",5689790,5710863,1.0761,1.828e-13,45,53.613,0.83934,1.0424,-0.43984,1.039,FALSE,FALSE,"no strong pLoF/missense signal","pass","none",FALSE,FALSE,1,59.999,0,0,"[]","[]"
511,322,"RMND5B",64777,"Q96G75","Degenerate RING","degenerate RING","","matched","gene symbol checked fallback","E3 source has NCBI GeneID but no Ensembl gene ID; matched to one selected Ensembl protein-coding gnomAD row by symbol.","RMND5B","ENSG00000145916","ENST00000313386","ENST00000313386.9","MANE Select","chr5",178131014,178150568,1.078,1.4805e-12,42,50.392,0.83346,0.91048,0.86097,1.0477,FALSE,FALSE,"no strong pLoF/missense signal","pass","none",FALSE,FALSE,1,60,0,0,"[]","[]"
512,625,"ANKRD9",122416,"Q96BM1","CRL5 substrate receptor (BC-box protein with CUL5 box)","CRL5","","matched","gene symbol checked fallback","E3 source has NCBI GeneID but no Ensembl gene ID; matched to one selected Ensembl protein-coding gnomAD row by symbol.","ANKRD9","ENSG00000156381","ENST00000286918","ENST00000286918.9","MANE Select","chr14",102501767,102509776,1.0789,0.00080009,13,19.156,0.67862,1.0362,-0.34476,1.0826,FALSE,FALSE,"no strong pLoF/missense signal","pass","none",FALSE,FALSE,0.39642,59.997,0,0,"[]","[]"
513,240,"TRIM47",91107,"Q96LD4","RING","RING","","matched","gene symbol checked fallback","E3 source has NCBI GeneID but no Ensembl gene ID; matched to one selected Ensembl protein-coding gnomAD row by symbol.","TRIM47","ENSG00000132481","ENST00000254816","ENST00000254816.6","MANE Select","chr17",75874164,75878581,1.0802,7.963e-14,46,54.449,0.84483,0.9065,1.203,0.95554,FALSE,FALSE,"no strong pLoF/missense signal","pass","none",FALSE,FALSE,0.64734,59.999,0,0,"[]","[]"
514,257,"TRIM6",117854,"Q9C030","RING","RING","","matched","gene symbol checked fallback","E3 source has NCBI GeneID but no Ensembl gene ID; matched to one selected Ensembl protein-coding gnomAD row by symbol.","TRIM6","ENSG00000121236","ENST00000380097","ENST00000380097.8","MANE Select","chr11",5596637,5612952,1.0828,6.384e-13,43,51.207,0.83973,1.0807,-0.85673,0.92506,FALSE,FALSE,"no strong pLoF/missense signal","pass","none",FALSE,FALSE,1,59.967,0,0,"[]","[]"
515,674,"DDRGK1",65992,"Q96HY6","Atypical E3 (catalytic site formed from multiple interfaces), Ubl E3","Atypical","","matched","gene symbol checked fallback","E3 source has NCBI GeneID but no Ensembl gene ID; matched to one selected Ensembl protein-coding gnomAD row by symbol.","DDRGK1","ENSG00000198171","ENST00000354488","ENST00000354488.8","MANE Select","chr20",3190350,3204682,1.087,2.0672e-11,38,45.823,0.82928,0.95971,0.35213,1.0139,FALSE,FALSE,"no strong pLoF/missense signal","pass","none",FALSE,FALSE,1,60,0,0,"[]","[]"
516,416,"FBXO4",26272,"Q9UKT5","CRL1 substrate receptor (F-box protein)","CRL1","","matched","gene symbol checked fallback","E3 source has NCBI GeneID but no Ensembl gene ID; matched to one selected Ensembl protein-coding gnomAD row by symbol.","FBXO4","ENSG00000151876","ENST00000281623","ENST00000281623.8","MANE Select","chr5",41925281,41941743,1.087,8.6127e-11,36,43.737,0.82309,0.91756,0.76557,1.0873,FALSE,FALSE,"no strong pLoF/missense signal","pass","none",FALSE,FALSE,0.83721,59.998,0,0,"[]","[]"
517,7,"BIRC7",79444,"Q96CA5","RING","RING","","matched","gene symbol checked fallback","E3 source has NCBI GeneID but no Ensembl gene ID; matched to one selected Ensembl protein-coding gnomAD row by symbol.","BIRC7","ENSG00000101197","ENST00000217169","ENST00000217169.8","MANE Select","chr20",63235905,63240495,1.0876,9.9087e-08,26,33.17,0.78385,1.0194,-0.16601,1.0295,FALSE,FALSE,"no strong pLoF/missense signal","pass","none",FALSE,FALSE,1,59.998,0,0,"[]","[]"
518,439,"FBXW8",26259,"Q8N3Y1","CRL1 substrate receptor (F-box protein)","CRL1","","matched","gene symbol checked fallback","E3 source has NCBI GeneID but no Ensembl gene ID; matched to one selected Ensembl protein-coding gnomAD row by symbol.","FBXW8","ENSG00000174989","ENST00000652555","ENST00000652555.1","MANE Select","chr12",116910950,117031148,1.089,2.0226e-17,57,65.263,0.87339,0.95356,0.56532,0.93265,FALSE,FALSE,"no strong pLoF/missense signal","pass","none",FALSE,FALSE,0.82274,59.994,0,0,"[]","[]"
519,173,"RNF24",11237,"Q9Y225","RING","RING","","matched","gene symbol checked fallback","E3 source has NCBI GeneID but no Ensembl gene ID; matched to one selected Ensembl protein-coding gnomAD row by symbol.","RNF24","ENSG00000101236","ENST00000358395","ENST00000358395.11","MANE Select","chr20",3927311,4015558,1.0957,0.00034968,14,19.974,0.70091,0.69831,1.7146,0.73631,FALSE,FALSE,"no strong pLoF/missense signal","pass","none",FALSE,FALSE,1,60,0,0,"[]","[]"
520,582,"ATG16L2",89849,"Q8NAA4","CRL4 substrate receptor (DDB1-binding protein)","CRL4","","matched","gene symbol checked fallback","E3 source has NCBI GeneID but no Ensembl gene ID; matched to one selected Ensembl protein-coding gnomAD row by symbol.","ATG16L2","ENSG00000168010","ENST00000321297","ENST00000321297.10","MANE Select","chr11",72814411,72829635,1.0987,3.9506e-24,77,84.708,0.909,0.95649,0.53061,1.053,FALSE,FALSE,"no strong pLoF/missense signal","pass","none",FALSE,FALSE,0.99946,59.997,0,0,"[]","[]"
521,108,"RFPL4A",342931,"A6NLU0","RING","RING","","matched","gene symbol checked fallback","E3 source has NCBI GeneID but no Ensembl gene ID; matched to one selected Ensembl protein-coding gnomAD row by symbol.","RFPL4A","ENSG00000223638","ENST00000434937","ENST00000434937.3","MANE Select","chr19",55759097,55763421,1.0996,0.18283,4,8.3246,0.4805,0.30944,5.5781,0.31482,FALSE,FALSE,"missing or flagged constraint","flagged","gene_flags=[""low_exome_mapping_quality""]; constraint_flags=[""outlier_syn""]",TRUE,TRUE,0.90941,37.651,1,0,"[""low_exome_mapping_quality""]","[""outlier_syn""]"
522,91,"PEX2",5828,"P28328","RING","RING","","matched","gene symbol checked fallback","E3 source has NCBI GeneID but no Ensembl gene ID; matched to one selected Ensembl protein-coding gnomAD row by symbol.","PEX2","ENSG00000164751","ENST00000357039","ENST00000357039.9","MANE Select","chr8",76980258,77000078,1.1045,1.0299e-05,19,25.241,0.75274,0.98979,0.081498,1.104,FALSE,FALSE,"no strong pLoF/missense signal","pass","none",FALSE,FALSE,1,59.998,0,0,"[]","[]"
523,160,"RNF207",388591,"Q6ZRF8","RING","RING","","matched","gene symbol checked fallback","E3 source has NCBI GeneID but no Ensembl gene ID; matched to one selected Ensembl protein-coding gnomAD row by symbol.","RNF207","ENSG00000158286","ENST00000377939","ENST00000377939.5","MANE Select","chr1",6206119,6221299,1.1094,1.0707e-22,72,78.962,0.91183,1.0938,-1.17,0.95032,FALSE,FALSE,"no strong pLoF/missense signal","pass","none",FALSE,FALSE,0.98423,59.998,0,0,"[]","[]"
524,400,"FBXO2",26232,"Q9UK22","CRL1 substrate receptor (F-box protein)","CRL1","","matched","gene symbol checked fallback","E3 source has NCBI GeneID but no Ensembl gene ID; matched to one selected Ensembl protein-coding gnomAD row by symbol.","FBXO2","ENSG00000116661","ENST00000354287","ENST00000354287.5","MANE Select","chr1",11648387,11654429,1.1122,9.0265e-10,32,38.647,0.82802,1.0758,-0.66104,1.0331,FALSE,FALSE,"no strong pLoF/missense signal","pass","none",FALSE,FALSE,0.96059,59.998,0,0,"[]","[]"
525,404,"FBXO25",26260,"Q8TCJ0","CRL1 substrate receptor (F-box protein)","CRL1","","matched","gene symbol checked fallback","E3 source has NCBI GeneID but no Ensembl gene ID; matched to one selected Ensembl protein-coding gnomAD row by symbol.","FBXO25","ENSG00000147364","ENST00000350302","ENST00000350302.8","MANE Select","chr8",406958,477967,1.1126,6.7139e-14,45,51.857,0.86778,1.1831,-1.6164,1.3181,FALSE,FALSE,"no strong pLoF/missense signal","pass","none",FALSE,FALSE,0.98696,56.126,0.35475,0,"[]","[]"
526,462,"LRRC28",123355,"Q86X40","CRL2 substrate receptor (BC-CUL2-box), CRL5 substrate receptor (BC-CUL5-box)","CRL2; CRL5","","matched","gene symbol checked fallback","E3 source has NCBI GeneID but no Ensembl gene ID; matched to one selected Ensembl protein-coding gnomAD row by symbol.","LRRC28","ENSG00000168904","ENST00000301981","ENST00000301981.8","MANE Select","chr15",99251481,99390729,1.1157,5.1433e-12,39,45.658,0.85418,0.99197,0.071695,1.1523,FALSE,FALSE,"no strong pLoF/missense signal","pass","none",FALSE,FALSE,1,59.92,0,0,"[]","[]"
527,235,"TRIM42",287015,"Q8IWZ5","RING","RING","","matched","gene symbol checked fallback","E3 source has NCBI GeneID but no Ensembl gene ID; matched to one selected Ensembl protein-coding gnomAD row by symbol.","TRIM42","ENSG00000155890","ENST00000286349","ENST00000286349.4","MANE Select","chr3",140678064,140701150,1.1289,1.0299e-18,59,64.914,0.90889,0.94454,0.72109,1.0222,FALSE,FALSE,"no strong pLoF/missense signal","pass","none",FALSE,FALSE,1,59.999,0,0,"[]","[]"
528,89,"PEX10",5192,"O60683","RING","RING","","matched","gene symbol checked fallback","E3 source has NCBI GeneID but no Ensembl gene ID; matched to one selected Ensembl protein-coding gnomAD row by symbol.","PEX10","ENSG00000157911","ENST00000447513","ENST00000447513.7","MANE Select","chr1",2403974,2412564,1.13,6.4321e-10,32,38.036,0.8413,1.0554,-0.50524,0.9939,FALSE,FALSE,"no strong pLoF/missense signal","pass","none",FALSE,FALSE,0.88548,59.999,0,0,"[]","[]"
529,269,"TRIM7",81786,"Q9C029","RING","RING","","matched","gene symbol checked fallback","E3 source has NCBI GeneID but no Ensembl gene ID; matched to one selected Ensembl protein-coding gnomAD row by symbol.","TRIM7","ENSG00000146054","ENST00000274773","ENST00000274773.12","MANE Select","chr5",181193924,181205196,1.1342,5.9434e-10,32,37.895,0.84443,1.0252,-0.28721,1.0924,FALSE,FALSE,"no strong pLoF/missense signal","pass","none",FALSE,FALSE,0.77756,59.997,0,0,"[]","[]"
530,507,"KBTBD12",166348,"Q3ZCT8","CRL3 substrate receptor (BTB protein)","CRL3","","matched","gene symbol checked fallback","E3 source has NCBI GeneID but no Ensembl gene ID; matched to one selected Ensembl protein-coding gnomAD row by symbol.","KBTBD12","ENSG00000187715","ENST00000405109","ENST00000405109.5","MANE Select","chr3",127915232,127987666,1.1358,8.1366e-17,53,58.664,0.90345,0.93706,0.73578,0.90844,FALSE,FALSE,"no strong pLoF/missense signal","pass","none",FALSE,FALSE,1,59.999,0,0,"[]","[]"
531,267,"TRIM68",55128,"Q6AZZ1","RING","RING","","matched","gene symbol checked fallback","E3 source has NCBI GeneID but no Ensembl gene ID; matched to one selected Ensembl protein-coding gnomAD row by symbol.","TRIM68","ENSG00000167333","ENST00000300747","ENST00000300747.10","MANE Select","chr11",4598672,4608231,1.1359,3.0037e-11,36,41.855,0.86012,1.0444,-0.46584,1.0018,FALSE,FALSE,"no strong pLoF/missense signal","pass","none",FALSE,FALSE,1,59.999,0,0,"[]","[]"
532,32,"HLTF",6596,"Q14527","RING","RING","","matched","gene symbol checked fallback","E3 source has NCBI GeneID but no Ensembl gene ID; matched to one selected Ensembl protein-coding gnomAD row by symbol.","HLTF","ENSG00000071794","ENST00000310053","ENST00000310053.10","MANE Select","chr3",149030127,149086533,1.1369,9.7251e-43,127,129.44,0.98116,0.95949,0.59523,0.85384,FALSE,FALSE,"no strong pLoF/missense signal","pass","none",FALSE,FALSE,0.98051,60,0,0,"[]","[]"
533,559,"KLHL40",131377,"Q2TBA0","CRL3 substrate receptor (BTB protein)","CRL3","","matched","gene symbol checked fallback","E3 source has NCBI GeneID but no Ensembl gene ID; matched to one selected Ensembl protein-coding gnomAD row by symbol.","KLHL40","ENSG00000157119","ENST00000287777","ENST00000287777.5","MANE Select","chr3",42685537,42692544,1.1386,7.0535e-14,44,49.684,0.88559,1.0491,-0.61046,1.1199,FALSE,FALSE,"no strong pLoF/missense signal","pass","none",FALSE,FALSE,1,59.998,0,0,"[]","[]"
534,561,"KLHL42",57542,"Q9P2K6","CRL3 substrate receptor (BTB protein)","CRL3","","matched","gene symbol checked fallback","E3 source has NCBI GeneID but no Ensembl gene ID; matched to one selected Ensembl protein-coding gnomAD row by symbol.","KLHL42","ENSG00000087448","ENST00000381271","ENST00000381271.7","MANE Select","chr12",27780233,27803040,1.1387,2.1388e-08,27,32.699,0.82571,0.8756,1.2564,1.0756,FALSE,FALSE,"no strong pLoF/missense signal","pass","none",FALSE,FALSE,0.70363,59.999,0,0,"[]","[]"
535,138,"RNF148",378925,"Q8N7C7","RING","RING","","matched","gene symbol checked fallback","E3 source has NCBI GeneID but no Ensembl gene ID; matched to one selected Ensembl protein-coding gnomAD row by symbol.","RNF148","ENSG00000235631","ENST00000434824","ENST00000434824.2","MANE Select","chr7",122701668,122702922,1.1502,5.1493e-05,16,21.128,0.75727,1.1332,-1.0989,1.0994,FALSE,FALSE,"no strong pLoF/missense signal","pass","none",FALSE,FALSE,1,59.999,0,0,"[]","[]"
536,3,"BARD1",580,"Q99728","RING","RING","","matched","gene symbol checked fallback","E3 source has NCBI GeneID but no Ensembl gene ID; matched to one selected Ensembl protein-coding gnomAD row by symbol.","BARD1","ENSG00000138376","ENST00000260947","ENST00000260947.9","MANE Select","chr2",214725646,214809683,1.1523,5.9005e-24,73,76.975,0.94837,1.0577,-0.75402,1.1362,FALSE,FALSE,"no strong pLoF/missense signal","pass","none",FALSE,FALSE,1,59.996,0,0.009438,"[]","[]"
537,260,"TRIM62",55223,"Q9BVG3","RING","RING","","matched","gene symbol checked fallback","E3 source has NCBI GeneID but no Ensembl gene ID; matched to one selected Ensembl protein-coding gnomAD row by symbol.","TRIM62","ENSG00000116525","ENST00000291416","ENST00000291416.10","MANE Select","chr1",33145399,33182043,1.1528,2.1848e-12,39,44.186,0.88263,0.81739,2.0092,0.95096,FALSE,FALSE,"no strong pLoF/missense signal","pass","none",FALSE,FALSE,0.99298,59.999,0,0,"[]","[]"
538,329,"WDSUB1",151525,"Q8N9V3","Degenerate RING (U-box)","degenerate RING","","matched","gene symbol checked fallback","E3 source has NCBI GeneID but no Ensembl gene ID; matched to one selected Ensembl protein-coding gnomAD row by symbol.","WDSUB1","ENSG00000196151","ENST00000359774","ENST00000359774.9","MANE Select","chr2",159235798,159286703,1.1542,9.9556e-16,49,53.866,0.90967,0.9146,0.86341,0.96731,FALSE,FALSE,"no strong pLoF/missense signal","pass","none",FALSE,FALSE,1,59.999,0,0,"[]","[]"
539,18,"CGRRF1",10668,"Q99675","RING","RING","","matched","gene symbol checked fallback","E3 source has NCBI GeneID but no Ensembl gene ID; matched to one selected Ensembl protein-coding gnomAD row by symbol.","CGRRF1","ENSG00000100532","ENST00000216420","ENST00000216420.12","MANE Select","chr14",54509906,54539292,1.1563,3.943e-10,32,37.171,0.86088,1.022,-0.18324,1.005,FALSE,FALSE,"no strong pLoF/missense signal","pass","none",FALSE,FALSE,1,59.788,0,0,"[]","[]"
540,450,"ASB2",51676,"Q96Q27","CRL2 substrate receptor (BC-CUL2-box), CRL5 substrate receptor (BC-CUL5-box)","CRL2; CRL5","","matched","gene symbol checked fallback","E3 source has NCBI GeneID but no Ensembl gene ID; matched to one selected Ensembl protein-coding gnomAD row by symbol.","ASB2","ENSG00000100628","ENST00000555019","ENST00000555019.6","MANE Select","chr14",93934166,93976570,1.1572,7.8282e-19,58,62.374,0.92988,1.0452,-0.5743,1.0017,FALSE,FALSE,"no strong pLoF/missense signal","pass","none",FALSE,FALSE,0.99738,59.998,0,0,"[]","[]"
541,106,"RFPL2",10739,"O75678","RING","RING","","matched","gene symbol checked fallback","E3 source has NCBI GeneID but no Ensembl gene ID; matched to one selected Ensembl protein-coding gnomAD row by symbol.","RFPL2","ENSG00000128253","ENST00000652607","ENST00000652607.2","MANE Select","chr22",32190438,32205073,1.158,0.00040145,13,17.849,0.72832,0.89919,0.94127,1.0448,FALSE,FALSE,"no strong pLoF/missense signal","pass","none",FALSE,FALSE,1,55.425,0.89506,0,"[]","[]"
542,176,"RNF32",140545,"Q9H0A6","RING","RING","","matched","gene symbol checked fallback","E3 source has NCBI GeneID but no Ensembl gene ID; matched to one selected Ensembl protein-coding gnomAD row by symbol.","RNF32","ENSG00000105982","ENST00000317955","ENST00000317955.10","MANE Select","chr7",156640774,156677130,1.1582,1.8794e-11,36,41.046,0.87706,0.94568,0.48416,0.95735,FALSE,FALSE,"no strong pLoF/missense signal","pass","none",FALSE,FALSE,0.99632,59.997,0,0,"[]","[]"
543,126,"RNF125",54941,"Q96EQ8","RING","RING","","matched","gene symbol checked fallback","E3 source has NCBI GeneID but no Ensembl gene ID; matched to one selected Ensembl protein-coding gnomAD row by symbol.","RNF125","ENSG00000101695","ENST00000217740","ENST00000217740.4","MANE Select","chr18",32018825,32073219,1.1613,1.2405e-06,21,26.039,0.80647,0.90194,0.72356,0.86971,FALSE,FALSE,"no strong pLoF/missense signal","pass","none",FALSE,FALSE,1,60,0,0,"[]","[]"
544,79,"NHLRC1",378884,"Q6VVB1","RING","RING","","matched","gene symbol checked fallback","E3 source has NCBI GeneID but no Ensembl gene ID; matched to one selected Ensembl protein-coding gnomAD row by symbol.","NHLRC1","ENSG00000187566","ENST00000340650","ENST00000340650.6","MANE Select","chr6",18120440,18122677,1.1658,0.0030877,10,14.55,0.68728,1.006,-0.058734,1.0314,FALSE,FALSE,"no strong pLoF/missense signal","pass","none",FALSE,FALSE,1,59.999,0,0,"[]","[]"
545,632,"ASB15",142685,"Q8WXK1","CRL5 substrate receptor (BC-box protein with CUL5 box)","CRL5","","matched","gene symbol checked fallback","E3 source has NCBI GeneID but no Ensembl gene ID; matched to one selected Ensembl protein-coding gnomAD row by symbol.","ASB15","ENSG00000146809","ENST00000451215","ENST00000451215.6","MANE Select","chr7",123601821,123639481,1.1678,1.2802e-17,54,58.005,0.93096,0.96134,0.43852,0.94877,FALSE,FALSE,"no strong pLoF/missense signal","pass","none",FALSE,FALSE,1,59.999,0,0,"[]","[]"
546,232,"TRIM4",89122,"Q9C037","RING","RING","","matched","gene symbol checked fallback","E3 source has NCBI GeneID but no Ensembl gene ID; matched to one selected Ensembl protein-coding gnomAD row by symbol.","TRIM4","ENSG00000146833","ENST00000349062","ENST00000349062.7","MANE Select","chr7",99890403,99919530,1.1729,2.8048e-09,29,33.713,0.86019,0.9332,0.69416,0.96125,FALSE,FALSE,"no strong pLoF/missense signal","pass","none",FALSE,FALSE,1,59.999,0,0,"[]","[]"
547,81,"OBI1",79596,"Q5W0B1","RING","RING","","matched","gene symbol checked fallback","E3 source has NCBI GeneID but no Ensembl gene ID; matched to one selected Ensembl protein-coding gnomAD row by symbol.","OBI1","ENSG00000152193","ENST00000282003","ENST00000282003.7","MANE Select","chr13",78614289,78659155,1.1745,1.842e-19,59,62.393,0.94562,1.0531,-0.65306,1.0314,FALSE,FALSE,"no strong pLoF/missense signal","pass","none",FALSE,FALSE,1,59.999,0,0,"[]","[]"
548,337,"PRKN",5071,"O60260","RING-between-RING, Ubl E3","RBR","","matched","gene symbol checked fallback","E3 source has NCBI GeneID but no Ensembl gene ID; matched to one selected Ensembl protein-coding gnomAD row by symbol.","PRKN","ENSG00000185345","ENST00000366898","ENST00000366898.6","MANE Select","chr6",161347417,162727766,1.1751,2.0239e-18,56,59.538,0.94057,1.1015,-1.0576,1.1258,FALSE,FALSE,"no strong pLoF/missense signal","pass","none",FALSE,FALSE,0.99928,59.999,0,0,"[]","[]"
549,247,"TRIM5",85363,"Q9C035","RING","RING","","matched","gene symbol checked fallback","E3 source has NCBI GeneID but no Ensembl gene ID; matched to one selected Ensembl protein-coding gnomAD row by symbol.","TRIM5","ENSG00000132256","ENST00000380034","ENST00000380034.8","MANE Select","chr11",5663195,5685074,1.1752,5.9562e-10,31,35.599,0.87081,1.0294,-0.30546,1.1273,FALSE,FALSE,"no strong pLoF/missense signal","pass","none",FALSE,FALSE,1,59.961,0,0,"[]","[]"
550,638,"ASB6",140459,"Q9NWX5","CRL5 substrate receptor (BC-box protein with CUL5 box)","CRL5","","matched","gene symbol checked fallback","E3 source has NCBI GeneID but no Ensembl gene ID; matched to one selected Ensembl protein-coding gnomAD row by symbol.","ASB6","ENSG00000148331","ENST00000277458","ENST00000277458.5","MANE Select","chr9",129634605,129642151,1.1796,1.0721e-07,24,28.613,0.83877,0.92709,0.73569,1.097,FALSE,FALSE,"no strong pLoF/missense signal","pass","none",FALSE,FALSE,1,59.999,0,0,"[]","[]"
551,163,"RNF212B",100507650,"A8MTL3","RING","RING","","matched","gene symbol checked fallback","E3 source has NCBI GeneID but no Ensembl gene ID; matched to one selected Ensembl protein-coding gnomAD row by symbol.","RNF212B","ENSG00000215277","ENST00000430154","ENST00000430154.7","MANE Select","chr14",23237936,23273477,1.1801,4.2192e-17,52,55.519,0.93661,0.82466,1.3999,0.8155,FALSE,FALSE,"no strong pLoF/missense signal","pass","none",FALSE,FALSE,0.93,59.998,0,0,"[]","[]"
552,383,"FBXL15",79176,"Q9H469","CRL1 substrate receptor (F-box protein)","CRL1","","matched","gene symbol checked fallback","E3 source has NCBI GeneID but no Ensembl gene ID; matched to one selected Ensembl protein-coding gnomAD row by symbol.","FBXL15","ENSG00000107872","ENST00000369956","ENST00000369956.8","MANE Select","chr10",102420836,102423136,1.1827,4.1948e-06,19,23.573,0.80601,0.90511,0.83464,1.0785,FALSE,FALSE,"no strong pLoF/missense signal","pass","none",FALSE,FALSE,0.99444,59.998,0,0,"[]","[]"
553,392,"FBXL6",26233,"Q8N531","CRL1 substrate receptor (F-box protein)","CRL1","","matched","gene symbol checked fallback","E3 source has NCBI GeneID but no Ensembl gene ID; matched to one selected Ensembl protein-coding gnomAD row by symbol.","FBXL6","ENSG00000182325","ENST00000331890","ENST00000331890.6","MANE Select","chr8",144355431,144358472,1.1876,1.6522e-16,50,53.288,0.9383,1.1336,-1.5274,1.2544,FALSE,FALSE,"no strong pLoF/missense signal","pass","none",FALSE,FALSE,0.78108,59.994,0,0,"[]","[]"
554,166,"RNF215",200312,"Q9Y6U7","RING","RING","","matched","gene symbol checked fallback","E3 source has NCBI GeneID but no Ensembl gene ID; matched to one selected Ensembl protein-coding gnomAD row by symbol.","RNF215","ENSG00000099999","ENST00000382363","ENST00000382363.8","MANE Select","chr22",30378821,30387411,1.1885,2.0374e-13,41,44.759,0.91601,0.91099,0.84559,0.94751,FALSE,FALSE,"no strong pLoF/missense signal","pass","none",FALSE,FALSE,0.84439,59.997,0,0.1176,"[]","[]"
555,376,"ECT2L",345930,"Q008S8","CRL1 substrate receptor (F-box protein)","CRL1","","matched","gene symbol checked fallback","E3 source has NCBI GeneID but no Ensembl gene ID; matched to one selected Ensembl protein-coding gnomAD row by symbol.","ECT2L","ENSG00000203734","ENST00000541398","ENST00000541398.7","MANE Select","chr6",138796087,138904070,1.1894,2.5003e-44,126,122.83,1.0258,0.95105,0.68104,1.0085,FALSE,FALSE,"no strong pLoF/missense signal","pass","none",FALSE,FALSE,0.99668,59.999,0,0,"[]","[]"
556,523,"KCTD21",283219,"Q4G0X4","CRL3 substrate receptor (BTB protein)","CRL3","","matched","gene symbol checked fallback","E3 source has NCBI GeneID but no Ensembl gene ID; matched to one selected Ensembl protein-coding gnomAD row by symbol.","KCTD21","ENSG00000188997","ENST00000340067","ENST00000340067.4","MANE Select","chr11",78171249,78188626,1.1923,0.0052489,9,13.172,0.68328,0.90035,0.77962,1.0331,FALSE,FALSE,"no strong pLoF/missense signal","pass","none",FALSE,FALSE,1,59.999,0,0,"[]","[]"
557,72,"MUL1",79594,"Q969V5","RING","RING","","matched","gene symbol checked fallback","E3 source has NCBI GeneID but no Ensembl gene ID; matched to one selected Ensembl protein-coding gnomAD row by symbol.","MUL1","ENSG00000090432","ENST00000264198","ENST00000264198.5","MANE Select","chr1",20499448,20508151,1.1924,9.5096e-10,30,34.126,0.8791,0.93009,0.63286,1.0168,FALSE,FALSE,"no strong pLoF/missense signal","pass","none",FALSE,FALSE,1,59.994,0,0,"[]","[]"
558,607,"ERCC8",1161,"Q13216","CRL4 substrate receptor (DDB1-binding protein)","CRL4","","matched","gene symbol checked fallback","E3 source has NCBI GeneID but no Ensembl gene ID; matched to one selected Ensembl protein-coding gnomAD row by symbol.","ERCC8","ENSG00000049167","ENST00000676185","ENST00000676185.1","MANE Select","chr5",60866454,60945070,1.1925,2.835e-17,52,54.94,0.9465,1.1027,-0.94606,0.92892,FALSE,FALSE,"no strong pLoF/missense signal","pass","none",FALSE,FALSE,0.99832,59.999,0,0,"[]","[]"
559,298,"ZNRF2",223082,"Q8NHG8","RING","RING","","matched","gene symbol checked fallback","E3 source has NCBI GeneID but no Ensembl gene ID; matched to one selected Ensembl protein-coding gnomAD row by symbol.","ZNRF2","ENSG00000180233","ENST00000323037","ENST00000323037.5","MANE Select","chr7",30284597,30367689,1.1926,3.4329e-05,16,20.377,0.78522,1.0921,-0.71615,1.2282,FALSE,FALSE,"no strong pLoF/missense signal","pass","none",FALSE,FALSE,0.53719,59.918,0.64601,0.084022,"[]","[]"
560,179,"RNF39",80352,"Q9H2S5","RING","RING","","matched","gene symbol checked fallback","E3 source has NCBI GeneID but no Ensembl gene ID; matched to one selected Ensembl protein-coding gnomAD row by symbol.","RNF39","ENSG00000204618","ENST00000244360","ENST00000244360.8","MANE Select","chr6",30070270,30075769,1.1976,3.9541e-08,25,29.156,0.85746,1.0078,-0.075382,0.95621,FALSE,FALSE,"no strong pLoF/missense signal","pass","none",FALSE,FALSE,0.87216,59.997,0,0,"[]","[]"
561,293,"ZFPL1",7542,"O95159","RING","RING","","matched","gene symbol checked fallback","E3 source has NCBI GeneID but no Ensembl gene ID; matched to one selected Ensembl protein-coding gnomAD row by symbol.","ZFPL1","ENSG00000162300","ENST00000294258","ENST00000294258.8","MANE Select","chr11",65084222,65088398,1.1995,3.9167e-09,28,32.004,0.87489,0.90863,0.80321,0.93241,FALSE,FALSE,"no strong pLoF/missense signal","pass","none",FALSE,FALSE,1,59.998,0,0,"[]","[]"
562,451,"ASB4",51666,"Q9Y574","CRL2 substrate receptor (BC-CUL2-box), CRL5 substrate receptor (BC-CUL5-box)","CRL2; CRL5","","matched","gene symbol checked fallback","E3 source has NCBI GeneID but no Ensembl gene ID; matched to one selected Ensembl protein-coding gnomAD row by symbol.","ASB4","ENSG00000005981","ENST00000325885","ENST00000325885.6","MANE Select","chr7",95485943,95540233,1.2016,1.6857e-11,35,38.619,0.90628,1.0565,-0.55292,0.96889,FALSE,FALSE,"no strong pLoF/missense signal","pass","none",FALSE,FALSE,1,59.997,0,0,"[]","[]"
563,488,"BTBD16",118663,"Q32M84","CRL3 substrate receptor (BTB protein)","CRL3","","matched","gene symbol checked fallback","E3 source has NCBI GeneID but no Ensembl gene ID; matched to one selected Ensembl protein-coding gnomAD row by symbol.","BTBD16","ENSG00000138152","ENST00000260723","ENST00000260723.6","MANE Select","chr10",122271296,122338159,1.2023,1.9057e-22,66,67.376,0.97958,1.0292,-0.30955,1.0236,FALSE,FALSE,"no strong pLoF/missense signal","pass","none",FALSE,FALSE,0.99736,59.999,0,0,"[]","[]"
564,157,"RNF187",149603,"Q5TA31","RING","RING","","matched","gene symbol checked fallback","E3 source has NCBI GeneID but no Ensembl gene ID; matched to one selected Ensembl protein-coding gnomAD row by symbol.","RNF187","ENSG00000168159","ENST00000305943","ENST00000305943.9","MANE Select","chr1",228487382,228496188,1.2032,7.0822e-06,18,22.184,0.81139,1.0358,-0.27206,1.1636,FALSE,FALSE,"no strong pLoF/missense signal","pass","none",FALSE,FALSE,0.44681,59.998,0,0,"[]","[]"
565,591,"DCAF12L2",340578,"Q5VW00","CRL4 substrate receptor (DDB1-binding protein)","CRL4","","matched","gene symbol checked fallback","E3 source has NCBI GeneID but no Ensembl gene ID; matched to one selected Ensembl protein-coding gnomAD row by symbol.","DCAF12L2","ENSG00000198354","ENST00000360028","ENST00000360028.4","MANE Select","chrX",126163499,126166289,1.2041,3.0878e-05,16,20.182,0.79279,0.87688,1.0565,1.0264,FALSE,FALSE,"no strong pLoF/missense signal","pass","none",FALSE,FALSE,1,59.481,0,0,"[]","[]"
566,4,"BFAR",51283,"Q9NZS9","RING","RING","","matched","gene symbol checked fallback","E3 source has NCBI GeneID but no Ensembl gene ID; matched to one selected Ensembl protein-coding gnomAD row by symbol.","BFAR","ENSG00000103429","ENST00000261658","ENST00000261658.7","MANE Select","chr16",14632951,14669236,1.2054,1.882e-17,52,54.352,0.95673,1.0692,-0.68222,1.0523,FALSE,FALSE,"no strong pLoF/missense signal","pass","none",FALSE,FALSE,0.99704,59.999,0,0,"[]","[]"
567,332,"STUB1",10273,"Q9UNE7","Degenerate RING (U-box)","degenerate RING","","matched","gene symbol checked fallback","E3 source has NCBI GeneID but no Ensembl gene ID; matched to one selected Ensembl protein-coding gnomAD row by symbol.","STUB1","ENSG00000103266","ENST00000219548","ENST00000219548.9","MANE Select","chr16",680410,682801,1.2083,3.0604e-12,37,40.286,0.91844,1.0903,-0.79115,1.4309,FALSE,FALSE,"no strong pLoF/missense signal","pass","none",FALSE,FALSE,0.82508,59.997,0,0,"[]","[]"
568,609,"LRWD1",222229,"Q9UFC0","CRL4 substrate receptor (DDB1-binding protein)","CRL4","","matched","gene symbol checked fallback","E3 source has NCBI GeneID but no Ensembl gene ID; matched to one selected Ensembl protein-coding gnomAD row by symbol.","LRWD1","ENSG00000161036","ENST00000292616","ENST00000292616.10","MANE Select","chr7",102464984,102473168,1.217,2.0217e-26,76,75.581,1.0055,1.0639,-0.79951,1.2917,FALSE,FALSE,"no strong pLoF/missense signal","pass","none",FALSE,FALSE,1,59.997,0,0,"[]","[]"
569,502,"GMCL2",64396,"Q8NEA9","CRL3 substrate receptor (BTB protein)","CRL3","","matched","gene symbol checked fallback","E3 source has NCBI GeneID but no Ensembl gene ID; matched to one selected Ensembl protein-coding gnomAD row by symbol.","GMCL2","ENSG00000244234","ENST00000463439","ENST00000463439.3","MANE Select","chr5",178184505,178187371,1.2188,5.8445e-11,33,36.204,0.9115,0.92911,0.68574,0.93305,FALSE,FALSE,"no strong pLoF/missense signal","pass","none",FALSE,FALSE,0.24968,59.509,0.081115,0,"[]","[]"
570,169,"RNF223",401934,"E7ERA6","RING","RING","","matched","gene symbol checked fallback","E3 source has NCBI GeneID but no Ensembl gene ID; matched to one selected Ensembl protein-coding gnomAD row by symbol.","RNF223","ENSG00000237330","ENST00000453464","ENST00000453464.3","MANE Select","chr1",1070967,1074306,1.2206,0.0021811,10,13.897,0.71957,0.99727,0.022713,0.96918,FALSE,FALSE,"no strong pLoF/missense signal","pass","none",FALSE,FALSE,0.77376,59.998,0,0,"[]","[]"
571,105,"RFPL1",5988,"O75677","RING","RING","","matched","gene symbol checked fallback","E3 source has NCBI GeneID but no Ensembl gene ID; matched to one selected Ensembl protein-coding gnomAD row by symbol.","RFPL1","ENSG00000128250","ENST00000354373","ENST00000354373.2","Ensembl canonical","chr22",29438583,29442455,1.2279,0.034793,6,9.6447,0.6221,0.88358,0.99103,0.97036,FALSE,FALSE,"no strong pLoF/missense signal","pass","none",FALSE,FALSE,0.99685,56.924,1,0,"[]","[]"
572,541,"KLHL21",9903,"Q9UJP4","CRL3 substrate receptor (BTB protein)","CRL3","","matched","gene symbol checked fallback","E3 source has NCBI GeneID but no Ensembl gene ID; matched to one selected Ensembl protein-coding gnomAD row by symbol.","KLHL21","ENSG00000162413","ENST00000377658","ENST00000377658.8","MANE Select","chr1",6590724,6602869,1.2328,3.1699e-14,42,44.065,0.95314,1.0325,-0.41295,1.2731,FALSE,FALSE,"no strong pLoF/missense signal","pass","none",FALSE,FALSE,0.94193,59.996,0,0,"[]","[]"
573,238,"TRIM45",80263,"Q9H8W5","RING","RING","","matched","gene symbol checked fallback","E3 source has NCBI GeneID but no Ensembl gene ID; matched to one selected Ensembl protein-coding gnomAD row by symbol.","TRIM45","ENSG00000134253","ENST00000256649","ENST00000256649.9","MANE Select","chr1",117111060,117121749,1.2358,2.4952e-15,45,46.687,0.96386,0.93351,0.7654,0.90638,FALSE,FALSE,"no strong pLoF/missense signal","pass","none",FALSE,FALSE,1,59.999,0,0,"[]","[]"
574,252,"TRIM54",57159,"Q9BYV2","RING","RING","","matched","gene symbol checked fallback","E3 source has NCBI GeneID but no Ensembl gene ID; matched to one selected Ensembl protein-coding gnomAD row by symbol.","TRIM54","ENSG00000138100","ENST00000380075","ENST00000380075.7","MANE Select","chr2",27282429,27307435,1.2402,1.3724e-13,40,41.986,0.9527,1.0097,-0.090802,1.021,FALSE,FALSE,"no strong pLoF/missense signal","pass","none",FALSE,FALSE,1,59.999,0,0,"[]","[]"
575,251,"TRIM52",84851,"Q96A61","RING","RING","","matched","gene symbol checked fallback","E3 source has NCBI GeneID but no Ensembl gene ID; matched to one selected Ensembl protein-coding gnomAD row by symbol.","TRIM52","ENSG00000183718","ENST00000688015","ENST00000688015.1","MANE Select","chr5",181255147,181261143,1.248,4.3833e-08,24,27.046,0.88738,0.98962,0.083413,0.98795,FALSE,FALSE,"no strong pLoF/missense signal","pass","none",FALSE,FALSE,0.94077,59.981,0,0.073171,"[]","[]"
576,444,"NCCRP1",342897,"Q6ZVX7","CRL1 substrate receptor (F-box protein)","CRL1","","matched","gene symbol checked fallback","E3 source has NCBI GeneID but no Ensembl gene ID; matched to one selected Ensembl protein-coding gnomAD row by symbol.","NCCRP1","ENSG00000188505","ENST00000339852","ENST00000339852.5","MANE Select","chr19",39196964,39201884,1.249,7.5801e-11,32,34.412,0.9299,0.94947,0.42654,0.95492,FALSE,FALSE,"no strong pLoF/missense signal","pass","none",FALSE,FALSE,0.89697,59.999,0,0,"[]","[]"
577,550,"KLHL30",377007,"Q0D2K2","CRL3 substrate receptor (BTB protein)","CRL3","","matched","gene symbol checked fallback","E3 source has NCBI GeneID but no Ensembl gene ID; matched to one selected Ensembl protein-coding gnomAD row by symbol.","KLHL30","ENSG00000168427","ENST00000409223","ENST00000409223.2","MANE Select","chr2",238138668,238152947,1.251,3.4807e-19,55,55.036,0.99935,0.96849,0.3828,0.95557,FALSE,FALSE,"no strong pLoF/missense signal","pass","none",FALSE,FALSE,0.94233,59.997,0,0,"[]","[]"
578,463,"LRRC42",115353,"Q9Y546","CRL2 substrate receptor (BC-CUL2-box)","CRL2","","matched","gene symbol checked fallback","E3 source has NCBI GeneID but no Ensembl gene ID; matched to one selected Ensembl protein-coding gnomAD row by symbol.","LRRC42","ENSG00000116212","ENST00000371370","ENST00000371370.8","MANE Select","chr1",53946350,53968168,1.2515,8.8182e-15,43,44.305,0.97054,1.0607,-0.58384,1.0603,FALSE,FALSE,"no strong pLoF/missense signal","pass","none",FALSE,FALSE,1,59.999,0,0,"[]","[]"
579,460,"LRR1",122769,"Q96L50","CRL2 substrate receptor (BC-CUL2-box), CRL5 substrate receptor (BC-CUL5-box)","CRL2; CRL5","","matched","gene symbol checked fallback","E3 source has NCBI GeneID but no Ensembl gene ID; matched to one selected Ensembl protein-coding gnomAD row by symbol.","LRR1","ENSG00000165501","ENST00000298288","ENST00000298288.11","MANE Select","chr14",49598940,49614672,1.2527,7.8917e-10,29,31.564,0.91877,0.99547,0.042686,0.98697,FALSE,FALSE,"no strong pLoF/missense signal","pass","none",FALSE,FALSE,1,59.999,0,0,"[]","[]"
580,557,"KLHL38",340359,"Q2WGJ6","CRL3 substrate receptor (BTB protein)","CRL3","","matched","gene symbol checked fallback","E3 source has NCBI GeneID but no Ensembl gene ID; matched to one selected Ensembl protein-coding gnomAD row by symbol.","KLHL38","ENSG00000175946","ENST00000684634","ENST00000684634.1","MANE Select","chr8",123644442,123653801,1.2568,4.9364e-13,38,39.63,0.95888,1.0734,-0.85637,1.0654,FALSE,FALSE,"no strong pLoF/missense signal","pass","none",FALSE,FALSE,1,60,0,0,"[]","[]"
581,380,"FBXL12",54850,"Q9NXK8","CRL1 substrate receptor (F-box protein)","CRL1","","matched","gene symbol checked fallback","E3 source has NCBI GeneID but no Ensembl gene ID; matched to one selected Ensembl protein-coding gnomAD row by symbol.","FBXL12","ENSG00000127452","ENST00000247977","ENST00000247977.9","MANE Select","chr19",9810270,9819079,1.2595,1.8244e-07,22,24.943,0.88202,0.8846,1.0255,0.99587,FALSE,FALSE,"no strong pLoF/missense signal","pass","none",FALSE,FALSE,0.99693,59.988,0,0,"[]","[]"
582,649,"RAB40B",10966,"Q12829","CRL5 substrate receptor (BC-box protein with CUL5 box)","CRL5","","matched","gene symbol checked fallback","E3 source has NCBI GeneID but no Ensembl gene ID; matched to one selected Ensembl protein-coding gnomAD row by symbol.","RAB40B","ENSG00000141542","ENST00000571995","ENST00000571995.6","MANE Select","chr17",82654973,82698698,1.2618,3.8856e-07,21,23.966,0.87623,0.89123,0.91664,0.98338,FALSE,FALSE,"no strong pLoF/missense signal","pass","none",FALSE,FALSE,0.96043,59.837,0,0.032374,"[]","[]"
583,417,"FBXO40",51725,"Q9UH90","CRL1 substrate receptor (F-box protein)","CRL1","","matched","gene symbol checked fallback","E3 source has NCBI GeneID but no Ensembl gene ID; matched to one selected Ensembl protein-coding gnomAD row by symbol.","FBXO40","ENSG00000163833","ENST00000338040","ENST00000338040.6","MANE Select","chr3",121593379,121630295,1.2684,1.4904e-17,50,49.894,1.0021,1.0286,-0.35973,1.0617,FALSE,FALSE,"no strong pLoF/missense signal","pass","none",FALSE,FALSE,1,59.999,0,0,"[]","[]"
584,628,"ASB11",140456,"Q8WXH4","CRL5 substrate receptor (BC-box protein with CUL5 box)","CRL5","","matched","gene symbol checked fallback","E3 source has NCBI GeneID but no Ensembl gene ID; matched to one selected Ensembl protein-coding gnomAD row by symbol.","ASB11","ENSG00000165192","ENST00000480796","ENST00000480796.6","MANE Select","chrX",15281697,15315640,1.2711,7.9368e-06,17,20.061,0.84742,1.0081,-0.055084,1.0136,FALSE,FALSE,"no strong pLoF/missense signal","pass","none",FALSE,FALSE,0.98865,59.997,0,0.06192,"[]","[]"
585,162,"RNF212",285498,"Q495C1","RING","RING","","matched","gene symbol checked fallback","E3 source has NCBI GeneID but no Ensembl gene ID; matched to one selected Ensembl protein-coding gnomAD row by symbol.","RNF212","ENSG00000178222","ENST00000433731","ENST00000433731.7","MANE Select","chr4",1071478,1113564,1.2713,2.285e-11,33,34.709,0.95076,1.0408,-0.33147,1.0289,FALSE,FALSE,"no strong pLoF/missense signal","pass","none",FALSE,FALSE,0.99888,59.994,0,0,"[]","[]"
586,546,"KLHL26",55295,"Q53HC5","CRL3 substrate receptor (BTB protein)","CRL3","","matched","gene symbol checked fallback","E3 source has NCBI GeneID but no Ensembl gene ID; matched to one selected Ensembl protein-coding gnomAD row by symbol.","KLHL26","ENSG00000167487","ENST00000300976","ENST00000300976.9","MANE Select","chr19",18637028,18671721,1.2809,0.10713,4,7.146,0.55975,0.96908,0.40101,1.1229,FALSE,FALSE,"no strong pLoF/missense signal","pass","none",FALSE,FALSE,0.95501,59.998,0,0,"[]","[]"
587,214,"TRIM21",6737,"P19474","RING","RING","","matched","gene symbol checked fallback","E3 source has NCBI GeneID but no Ensembl gene ID; matched to one selected Ensembl protein-coding gnomAD row by symbol.","TRIM21","ENSG00000132109","ENST00000254436","ENST00000254436.8","MANE Select","chr11",4384897,4393702,1.2847,3.4229e-12,35,36.12,0.96899,1.1127,-1.1482,1.2103,FALSE,FALSE,"no strong pLoF/missense signal","pass","none",FALSE,FALSE,1,59.999,0,0,"[]","[]"
588,90,"PEX12",5193,"O00623","RING","RING","","matched","gene symbol checked fallback","E3 source has NCBI GeneID but no Ensembl gene ID; matched to one selected Ensembl protein-coding gnomAD row by symbol.","PEX12","ENSG00000108733","ENST00000225873","ENST00000225873.9","MANE Select","chr17",35574795,35578571,1.2868,9.1004e-11,31,32.512,0.9535,0.85682,1.2499,0.94168,FALSE,FALSE,"no strong pLoF/missense signal","pass","none",FALSE,FALSE,1,59.99,0,0,"[]","[]"
589,146,"RNF168",165918,"Q8IYW5","RING","RING","","matched","gene symbol checked fallback","E3 source has NCBI GeneID but no Ensembl gene ID; matched to one selected Ensembl protein-coding gnomAD row by symbol.","RNF168","ENSG00000163961","ENST00000318037","ENST00000318037.3","MANE Select","chr3",196468783,196503768,1.2961,6.413e-12,34,34.924,0.97356,1.0622,-0.69319,1.0366,FALSE,FALSE,"no strong pLoF/missense signal","pass","none",FALSE,FALSE,1,59.989,0,0,"[]","[]"
590,230,"TRIM38",10475,"O00635","RING","RING","","matched","gene symbol checked fallback","E3 source has NCBI GeneID but no Ensembl gene ID; matched to one selected Ensembl protein-coding gnomAD row by symbol.","TRIM38","ENSG00000112343","ENST00000357085","ENST00000357085.5","MANE Select","chr6",25962802,25991231,1.2971,2.7198e-12,35,35.776,0.97831,0.97866,0.21478,0.96735,FALSE,FALSE,"no strong pLoF/missense signal","pass","none",FALSE,FALSE,1,59.988,0,0,"[]","[]"
591,211,"TRIM15",89870,"Q9C019","RING","RING","","matched","gene symbol checked fallback","E3 source has NCBI GeneID but no Ensembl gene ID; matched to one selected Ensembl protein-coding gnomAD row by symbol.","TRIM15","ENSG00000204610","ENST00000376694","ENST00000376694.9","MANE Select","chr6",30163546,30172693,1.2975,2.6962e-12,35,35.763,0.97867,0.99414,0.060914,1.0087,FALSE,FALSE,"no strong pLoF/missense signal","pass","none",FALSE,FALSE,1,59.995,0,0,"[]","[]"
592,48,"MARCHF2",51257,"Q9P0N8","RING","RING","","matched","gene symbol checked fallback","E3 source has NCBI GeneID but no Ensembl gene ID; matched to one selected Ensembl protein-coding gnomAD row by symbol.","MARCHF2","ENSG00000099785","ENST00000215555","ENST00000215555.7","MANE Select","chr19",8413305,8439017,1.3094,1.044e-07,22,23.992,0.91696,0.89763,0.7995,1.0063,FALSE,FALSE,"no strong pLoF/missense signal","pass","none",FALSE,FALSE,1,60,0,0,"[]","[]"
593,70,"MNAT1",4331,"P51948","RING","RING","","matched","gene symbol checked fallback","E3 source has NCBI GeneID but no Ensembl gene ID; matched to one selected Ensembl protein-coding gnomAD row by symbol.","MNAT1","ENSG00000020426","ENST00000261245","ENST00000261245.9","MANE Select","chr14",60734761,60969965,1.3193,1.7468e-15,43,42.03,1.0231,0.87333,1.0113,0.98372,FALSE,FALSE,"no strong pLoF/missense signal","pass","none",FALSE,FALSE,0.98274,59.997,0,0,"[]","[]"
594,635,"ASB18",401036,"Q6ZVZ8","CRL5 substrate receptor (BC-box protein with CUL5 box)","CRL5","","matched","gene symbol checked fallback","E3 source has NCBI GeneID but no Ensembl gene ID; matched to one selected Ensembl protein-coding gnomAD row by symbol.","ASB18","ENSG00000182177","ENST00000409749","ENST00000409749.8","MANE Select","chr2",236193459,236264406,1.3194,9.9406e-12,33,33.443,0.98674,1.0587,-0.64076,0.95894,FALSE,FALSE,"no strong pLoF/missense signal","pass","none",FALSE,FALSE,0.6216,59.998,0,0,"[]","[]"
595,261,"TRIM63",84676,"Q969Q1","RING","RING","","matched","gene symbol checked fallback","E3 source has NCBI GeneID but no Ensembl gene ID; matched to one selected Ensembl protein-coding gnomAD row by symbol.","TRIM63","ENSG00000158022","ENST00000374272","ENST00000374272.4","MANE Select","chr1",26051301,26067630,1.3269,1.7198e-17,48,46.011,1.0432,1.0314,-0.2809,1.0752,FALSE,FALSE,"no strong pLoF/missense signal","pass","none",FALSE,FALSE,0.99245,59.999,0,0,"[]","[]"
596,598,"DCAF4L2",138009,"Q8NA75","CRL4 substrate receptor (DDB1-binding protein)","CRL4","","matched","gene symbol checked fallback","E3 source has NCBI GeneID but no Ensembl gene ID; matched to one selected Ensembl protein-coding gnomAD row by symbol.","DCAF4L2","ENSG00000176566","ENST00000319675","ENST00000319675.5","MANE Select","chr8",87870747,87874015,1.3301,0.00011393,13,15.539,0.83663,1.0185,-0.1783,1.2127,FALSE,FALSE,"no strong pLoF/missense signal","pass","none",FALSE,FALSE,1,59.998,0,0,"[]","[]"
597,537,"KLHL17",339451,"Q6TDP4","CRL3 substrate receptor (BTB protein)","CRL3","","matched","gene symbol checked fallback","E3 source has NCBI GeneID but no Ensembl gene ID; matched to one selected Ensembl protein-coding gnomAD row by symbol.","KLHL17","ENSG00000187961","ENST00000338591","ENST00000338591.8","MANE Select","chr1",960584,965719,1.3386,9.3142e-27,71,64.622,1.0987,1.2192,-2.8586,1.5096,FALSE,FALSE,"missing or flagged constraint","flagged","constraint_flags=[""outlier_syn""]",FALSE,FALSE,0.94444,59.998,0,0,"[]","[""outlier_syn""]"
598,516,"KCTD11",147040,"Q693B1","CRL3 substrate receptor (BTB protein)","CRL3","","matched","gene symbol checked fallback","E3 source has NCBI GeneID but no Ensembl gene ID; matched to one selected Ensembl protein-coding gnomAD row by symbol.","KCTD11","ENSG00000213859","ENST00000333751","ENST00000333751.8","MANE Select","chr17",7352162,7354944,1.3438,0.0050705,8,10.742,0.74474,0.97156,0.22894,0.95149,FALSE,FALSE,"no strong pLoF/missense signal","pass","none",FALSE,FALSE,0.92251,59.997,0,0,"[]","[]"
599,425,"FBXO48",554251,"Q5FWF7","CRL1 substrate receptor (F-box protein)","CRL1","","matched","gene symbol checked fallback","E3 source has NCBI GeneID but no Ensembl gene ID; matched to one selected Ensembl protein-coding gnomAD row by symbol.","FBXO48","ENSG00000204923","ENST00000377957","ENST00000377957.4","MANE Select","chr2",68459422,68467294,1.3567,0.0002123,12,14.33,0.83738,0.98846,0.065844,0.8587,FALSE,FALSE,"no strong pLoF/missense signal","pass","none",FALSE,FALSE,1,60,0,0,"[]","[]"
600,405,"FBXO27",126433,"Q8NI29","CRL1 substrate receptor (F-box protein)","CRL1","","matched","gene symbol checked fallback","E3 source has NCBI GeneID but no Ensembl gene ID; matched to one selected Ensembl protein-coding gnomAD row by symbol.","FBXO27","ENSG00000161243","ENST00000292853","ENST00000292853.9","MANE Select","chr19",39024021,39032549,1.3576,3.9445e-10,28,28.278,0.99017,0.98461,0.13028,1.0461,FALSE,FALSE,"no strong pLoF/missense signal","pass","none",FALSE,FALSE,0.97291,59.997,0,0,"[]","[]"
601,208,"TRIM10",10107,"Q9UDY6","RING","RING","","matched","gene symbol checked fallback","E3 source has NCBI GeneID but no Ensembl gene ID; matched to one selected Ensembl protein-coding gnomAD row by symbol.","TRIM10","ENSG00000204613","ENST00000449742","ENST00000449742.7","MANE Select","chr6",30151943,30161211,1.3588,1.743e-15,42,39.979,1.0506,0.98795,0.12677,1.0855,FALSE,FALSE,"no strong pLoF/missense signal","pass","none",FALSE,FALSE,1,59.999,0,0,"[]","[]"
602,199,"TMEM129",92305,"A0AVI4","RING","RING","","matched","gene symbol checked fallback","E3 source has NCBI GeneID but no Ensembl gene ID; matched to one selected Ensembl protein-coding gnomAD row by symbol.","TMEM129","ENSG00000168936","ENST00000382936","ENST00000382936.8","MANE Select","chr4",1715952,1721323,1.3617,8.4412e-13,35,34.078,1.0271,0.98313,0.16293,1.0997,FALSE,FALSE,"no strong pLoF/missense signal","pass","none",FALSE,FALSE,0.94291,59.999,0,0,"[]","[]"
603,637,"ASB5",140458,"Q8WWX0","CRL5 substrate receptor (BC-box protein with CUL5 box)","CRL5","","matched","gene symbol checked fallback","E3 source has NCBI GeneID but no Ensembl gene ID; matched to one selected Ensembl protein-coding gnomAD row by symbol.","ASB5","ENSG00000164122","ENST00000296525","ENST00000296525.7","MANE Select","chr4",176213673,176269222,1.3717,8.5821e-17,45,42.061,1.0699,1.0055,-0.047187,0.97591,FALSE,FALSE,"no strong pLoF/missense signal","pass","none",FALSE,FALSE,1,59.999,0,0,"[]","[]"
604,469,"PRAMEF12",390999,"O95522","CRL2 substrate receptor (BC-CUL2-box)","CRL2","","matched","gene symbol checked fallback","E3 source has NCBI GeneID but no Ensembl gene ID; matched to one selected Ensembl protein-coding gnomAD row by symbol.","PRAMEF12","ENSG00000116726","ENST00000357726","ENST00000357726.5","MANE Select","chr1",12773738,12777906,1.3734,9.7769e-09,24,24.576,0.97656,1.1133,-1.1636,1.1789,FALSE,FALSE,"no strong pLoF/missense signal","pass","none",FALSE,FALSE,1,59.582,0,0,"[]","[]"
605,271,"TRIM72",493829,"Q6ZMU5","RING","RING","","matched","gene symbol checked fallback","E3 source has NCBI GeneID but no Ensembl gene ID; matched to one selected Ensembl protein-coding gnomAD row by symbol.","TRIM72","ENSG00000177238","ENST00000322122","ENST00000322122.8","MANE Select","chr16",31214119,31231537,1.3953,2.8331e-12,33,31.623,1.0435,0.97558,0.27216,0.95746,FALSE,FALSE,"no strong pLoF/missense signal","pass","none",FALSE,FALSE,0.87491,59.998,0,0,"[]","[]"
606,59,"MEX3B",84206,"Q6ZN04","RING","RING","","matched","gene symbol checked fallback","E3 source has NCBI GeneID but no Ensembl gene ID; matched to one selected Ensembl protein-coding gnomAD row by symbol.","MEX3B","ENSG00000183496","ENST00000329713","ENST00000329713.5","MANE Select","chr15",82041778,82046018,1.396,0.00084099,10,12.15,0.82302,1.0469,-0.56643,1.3978,FALSE,FALSE,"no strong pLoF/missense signal","pass","none",FALSE,FALSE,0.99238,59.996,0,0,"[]","[]"
607,631,"ASB14",142686,"A6NK59","CRL5 substrate receptor (BC-box protein with CUL5 box)","CRL5","","matched","gene symbol checked fallback","E3 source has NCBI GeneID but no Ensembl gene ID; matched to one selected Ensembl protein-coding gnomAD row by symbol.","ASB14","ENSG00000239388","ENST00000487349","ENST00000487349.6","MANE Select","chr3",57268342,57292685,1.3969,2.1979e-24,63,55.625,1.1326,1.0192,-0.21773,0.98485,FALSE,FALSE,"no strong pLoF/missense signal","pass","none",FALSE,FALSE,1,59.999,0,0,"[]","[]"
608,226,"TRIM34",53840,"Q9BYJ4","RING","RING","","matched","gene symbol checked fallback","E3 source has NCBI GeneID but no Ensembl gene ID; matched to one selected Ensembl protein-coding gnomAD row by symbol.","TRIM34","ENSG00000258659","ENST00000429814","ENST00000429814.3","MANE Select","chr11",5625001,5644398,1.398,1.8917e-15,41,38.052,1.0775,0.97311,0.27414,0.98775,FALSE,FALSE,"no strong pLoF/missense signal","pass","none",FALSE,FALSE,0.99863,59.996,0,0,"[]","[]"
609,278,"TRIML1",339976,"Q8N9V2","RING","RING","","matched","gene symbol checked fallback","E3 source has NCBI GeneID but no Ensembl gene ID; matched to one selected Ensembl protein-coding gnomAD row by symbol.","TRIML1","ENSG00000184108","ENST00000332517","ENST00000332517.4","MANE Select","chr4",188139441,188147743,1.4,1.0709e-12,34,32.333,1.0515,1.0349,-0.35716,1.0769,FALSE,FALSE,"no strong pLoF/missense signal","pass","none",FALSE,FALSE,0.96225,59.998,0,0,"[]","[]"
610,634,"ASB17",127247,"Q8WXJ9","CRL5 substrate receptor (BC-box protein with CUL5 box)","CRL5","","matched","gene symbol checked fallback","E3 source has NCBI GeneID but no Ensembl gene ID; matched to one selected Ensembl protein-coding gnomAD row by symbol.","ASB17","ENSG00000154007","ENST00000284142","ENST00000284142.7","MANE Select","chr1",75918873,75932404,1.4045,1.2148e-09,26,25.686,1.0122,0.96295,0.29072,1.0541,FALSE,FALSE,"no strong pLoF/missense signal","pass","none",FALSE,FALSE,1,59.997,0,0,"[]","[]"
611,132,"RNF135",84282,"Q8IUD6","RING","RING","","matched","gene symbol checked fallback","E3 source has NCBI GeneID but no Ensembl gene ID; matched to one selected Ensembl protein-coding gnomAD row by symbol.","RNF135","ENSG00000181481","ENST00000328381","ENST00000328381.10","MANE Select","chr17",30971039,30999911,1.4048,1.587e-17,46,41.867,1.0987,0.98042,0.19581,1.0636,FALSE,FALSE,"no strong pLoF/missense signal","pass","none",FALSE,FALSE,1,59.999,0,0,"[]","[]"
612,312,"NSMCE2",286053,"Q96MF7","Degenerate RING (SP-RING), SUMO E3","degenerate RING","","matched","gene symbol checked fallback","E3 source has NCBI GeneID but no Ensembl gene ID; matched to one selected Ensembl protein-coding gnomAD row by symbol.","NSMCE2","ENSG00000156831","ENST00000287437","ENST00000287437.8","MANE Select","chr8",125091860,125367120,1.4158,6.0982e-09,24,23.839,1.0067,0.95774,0.31039,0.97795,FALSE,FALSE,"no strong pLoF/missense signal","pass","none",FALSE,FALSE,0.99865,59.999,0,0,"[]","[]"
613,141,"RNF151",146310,"Q2KHN1","RING","RING","","matched","gene symbol checked fallback","E3 source has NCBI GeneID but no Ensembl gene ID; matched to one selected Ensembl protein-coding gnomAD row by symbol.","RNF151","ENSG00000179580","ENST00000569714","ENST00000569714.6","MANE Select","chr16",1966856,1968949,1.4169,0.0016946,9,11.084,0.81199,1.0847,-0.66916,1.2227,FALSE,FALSE,"no strong pLoF/missense signal","pass","none",FALSE,FALSE,1,59.999,0,0,"[]","[]"
614,554,"KLHL34",257240,"Q8N239","CRL3 substrate receptor (BTB protein)","CRL3","","matched","gene symbol checked fallback","E3 source has NCBI GeneID but no Ensembl gene ID; matched to one selected Ensembl protein-coding gnomAD row by symbol.","KLHL34","ENSG00000185915","ENST00000379499","ENST00000379499.3","MANE Select","chrX",21654690,21658330,1.4174,5.9958e-09,24,23.813,1.0078,1.0955,-0.99383,1.0526,FALSE,FALSE,"no strong pLoF/missense signal","pass","none",FALSE,FALSE,0.99896,59.997,0,0.027433,"[]","[]"
615,29,"FANCL",55120,"Q9NW38","RING","RING","","matched","gene symbol checked fallback","E3 source has NCBI GeneID but no Ensembl gene ID; matched to one selected Ensembl protein-coding gnomAD row by symbol.","FANCL","ENSG00000115392","ENST00000233741","ENST00000233741.9","MANE Select","chr2",58159247,58241325,1.4194,3.4644e-27,69,59.394,1.1617,1.1606,-1.4482,1.2237,FALSE,FALSE,"no strong pLoF/missense signal","pass","none",FALSE,FALSE,1,59.998,0,0,"[]","[]"
616,241,"TRIM48",79097,"Q8IWZ4","RING","RING","","matched","gene symbol checked fallback","E3 source has NCBI GeneID but no Ensembl gene ID; matched to one selected Ensembl protein-coding gnomAD row by symbol.","TRIM48","ENSG00000150244","ENST00000417545","ENST00000417545.5","MANE Select","chr11",55262155,55271114,1.4198,1.1751e-11,31,29.468,1.052,1.2983,-2.071,1.4122,FALSE,FALSE,"no strong pLoF/missense signal","pass","none",FALSE,FALSE,1,52.19,1,0,"[]","[]"
617,233,"TRIM40",135644,"Q6P9F5","RING","RING","","matched","gene symbol checked fallback","E3 source has NCBI GeneID but no Ensembl gene ID; matched to one selected Ensembl protein-coding gnomAD row by symbol.","TRIM40","ENSG00000204614","ENST00000396581","ENST00000396581.6","MANE Select","chr6",30136140,30148728,1.4275,3.804e-10,27,26.084,1.0351,0.93847,0.46048,0.94997,FALSE,FALSE,"no strong pLoF/missense signal","pass","none",FALSE,FALSE,1,59.995,0,0,"[]","[]"
618,142,"RNF152",220441,"Q8N8N0","RING","RING","","matched","gene symbol checked fallback","E3 source has NCBI GeneID but no Ensembl gene ID; matched to one selected Ensembl protein-coding gnomAD row by symbol.","RNF152","ENSG00000176641","ENST00000312828","ENST00000312828.4","MANE Select","chr18",61808067,61893007,1.4287,0.00031987,11,12.745,0.86311,0.92791,0.5097,0.93939,FALSE,FALSE,"no strong pLoF/missense signal","pass","none",FALSE,FALSE,1,59.993,1,0,"[]","[]"
619,555,"KLHL35",283212,"Q6PF15","CRL3 substrate receptor (BTB protein)","CRL3","","matched","gene symbol checked fallback","E3 source has NCBI GeneID but no Ensembl gene ID; matched to one selected Ensembl protein-coding gnomAD row by symbol.","KLHL35","ENSG00000149243","ENST00000539798","ENST00000539798.3","MANE Select","chr11",75422394,75433203,1.4376,1.6832e-19,50,44.022,1.1358,1.1815,-2.307,1.1452,FALSE,FALSE,"no strong pLoF/missense signal","pass","none",FALSE,FALSE,0.5952,59.998,0,0,"[]","[]"
620,633,"ASB16",92591,"Q96NS5","CRL5 substrate receptor (BC-box protein with CUL5 box)","CRL5","","matched","gene symbol checked fallback","E3 source has NCBI GeneID but no Ensembl gene ID; matched to one selected Ensembl protein-coding gnomAD row by symbol.","ASB16","ENSG00000161664","ENST00000293414","ENST00000293414.6","MANE Select","chr17",44170704,44179084,1.4473,4.124e-17,44,39.087,1.1257,1.1001,-1.0749,1.0638,FALSE,FALSE,"no strong pLoF/missense signal","pass","none",FALSE,FALSE,1,59.998,0,0,"[]","[]"
621,660,"SPSB4",92369,"Q96A44","CRL5 substrate receptor (BC-box protein with CUL5 box)","CRL5","","matched","gene symbol checked fallback","E3 source has NCBI GeneID but no Ensembl gene ID; matched to one selected Ensembl protein-coding gnomAD row by symbol.","SPSB4","ENSG00000175093","ENST00000310546","ENST00000310546.3","MANE Select","chr3",141051347,141148611,1.4499,5.9284e-08,21,20.857,1.0069,0.99947,0.0044798,1.1263,FALSE,FALSE,"no strong pLoF/missense signal","pass","none",FALSE,FALSE,1,59.995,0,0,"[]","[]"
622,61,"MEX3D",399664,"Q86XN8","RING","RING","","matched","gene symbol checked fallback","E3 source has NCBI GeneID but no Ensembl gene ID; matched to one selected Ensembl protein-coding gnomAD row by symbol.","MEX3D","ENSG00000181588","ENST00000402693","ENST00000402693.5","MANE Select","chr19",1554672,1568325,1.4618,0.069402,4,6.2617,0.63881,1.0439,-0.59017,1.2669,FALSE,FALSE,"no strong pLoF/missense signal","pass","none",FALSE,FALSE,0.48336,59.995,0,0.0553,"[]","[]"
623,255,"TRIM58",25893,"Q8NG06","RING","RING","","matched","gene symbol checked fallback","E3 source has NCBI GeneID but no Ensembl gene ID; matched to one selected Ensembl protein-coding gnomAD row by symbol.","TRIM58","ENSG00000162722","ENST00000366481","ENST00000366481.4","MANE Select","chr1",247857187,247880138,1.4618,9.2521e-15,38,34.074,1.1152,1.0546,-0.58978,0.99029,FALSE,FALSE,"no strong pLoF/missense signal","pass","none",FALSE,FALSE,0.78258,59.998,0,0,"[]","[]"
624,152,"RNF181",51255,"Q9P0P0","RING","RING","","matched","gene symbol checked fallback","E3 source has NCBI GeneID but no Ensembl gene ID; matched to one selected Ensembl protein-coding gnomAD row by symbol.","RNF181","ENSG00000168894","ENST00000306368","ENST00000306368.9","MANE Select","chr2",85595745,85597708,1.496,1.051e-09,25,23.34,1.0711,0.87409,0.74223,0.87435,FALSE,FALSE,"no strong pLoF/missense signal","pass","none",FALSE,FALSE,1,59.946,0,0,"[]","[]"
625,567,"LGALS3BP",3959,"Q08380","CRL3 substrate receptor (BTB protein)","CRL3","","matched","gene symbol checked fallback","E3 source has NCBI GeneID but no Ensembl gene ID; matched to one selected Ensembl protein-coding gnomAD row by symbol.","LGALS3BP","ENSG00000108679","ENST00000262776","ENST00000262776.8","MANE Select","chr17",78971255,78979923,1.527,7.583e-10,25,22.866,1.0933,0.95484,0.52812,1.0118,FALSE,FALSE,"no strong pLoF/missense signal","pass","none",FALSE,FALSE,1,59.999,0,0,"[]","[]"
626,645,"NEURL2",140825,"Q9BR09","CRL5 substrate receptor (BC-box protein with CUL5 box)","CRL5","","matched","gene symbol checked fallback","E3 source has NCBI GeneID but no Ensembl gene ID; matched to one selected Ensembl protein-coding gnomAD row by symbol.","NEURL2","ENSG00000124257","ENST00000372518","ENST00000372518.5","MANE Select","chr20",45888634,45891208,1.5324,2.5399e-06,16,15.858,1.009,0.96369,0.31272,1.0545,FALSE,FALSE,"no strong pLoF/missense signal","pass","none",FALSE,FALSE,1,59.998,0,0,"[]","[]"
627,630,"ASB13",79754,"Q8WXK3","CRL5 substrate receptor (BC-box protein with CUL5 box)","CRL5","","matched","gene symbol checked fallback","E3 source has NCBI GeneID but no Ensembl gene ID; matched to one selected Ensembl protein-coding gnomAD row by symbol.","ASB13","ENSG00000196372","ENST00000357700","ENST00000357700.11","MANE Select","chr10",5638867,5666595,1.5327,3.5896e-13,33,28.79,1.1462,1.0614,-0.51683,1.0528,FALSE,FALSE,"no strong pLoF/missense signal","pass","none",FALSE,FALSE,0.94844,59.998,0,0,"[]","[]"
628,449,"ANKRD61",100310846,"A6NGH8","CRL2 substrate receptor (BC-CUL2-box), CRL5 substrate receptor (BC-CUL5-box)","CRL2; CRL5","Yes","matched","gene symbol checked fallback","E3 source has NCBI GeneID but no Ensembl gene ID; matched to one selected Ensembl protein-coding gnomAD row by symbol.","ANKRD61","ENSG00000157999","ENST00000409061","ENST00000409061.2","MANE Select","chr7",6031376,6036552,1.5689,0.0049984,7,8.3803,0.83529,0.98592,0.1374,0.95195,FALSE,FALSE,"no strong pLoF/missense signal","pass","none",FALSE,FALSE,0.99761,59.999,0,0,"[]","[]"
629,413,"FBXO36",130888,"Q8NEA4","CRL1 substrate receptor (F-box protein)","CRL1","","matched","gene symbol checked fallback","E3 source has NCBI GeneID but no Ensembl gene ID; matched to one selected Ensembl protein-coding gnomAD row by symbol.","FBXO36","ENSG00000153832","ENST00000283946","ENST00000283946.8","MANE Select","chr2",229922503,230013119,1.5691,3.3122e-07,18,17.011,1.0581,1.0322,-0.20449,0.97336,FALSE,FALSE,"no strong pLoF/missense signal","pass","none",FALSE,FALSE,1,59.368,0,0,"[]","[]"
630,76,"NEURL3",93082,"Q96EH8","RING","RING","","matched","gene symbol checked fallback","E3 source has NCBI GeneID but no Ensembl gene ID; matched to one selected Ensembl protein-coding gnomAD row by symbol.","NEURL3","ENSG00000163121","ENST00000451794","ENST00000451794.6","MANE Select","chr2",96497646,96505357,1.5814,1.2145e-07,19,17.629,1.0778,0.90092,0.82327,1.115,FALSE,FALSE,"no strong pLoF/missense signal","pass","none",FALSE,FALSE,1,59.999,0,0,"[]","[]"
631,676,"ATG12",9140,"O94817","Atypical E3 (catalytic site formed from multiple interfaces), Ubl E3","Atypical","","matched","gene symbol checked fallback","E3 source has NCBI GeneID but no Ensembl gene ID; matched to one selected Ensembl protein-coding gnomAD row by symbol.","ATG12","ENSG00000145782","ENST00000509910","ENST00000509910.2","MANE Select","chr5",115828200,115841565,1.584,1.1914e-07,19,17.6,1.0795,1.3212,-1.7437,1.2017,FALSE,FALSE,"no strong pLoF/missense signal","pass","none",FALSE,FALSE,0.92619,59.521,0,0,"[]","[]"
632,627,"ASB10",136371,"Q8WXI3","CRL5 substrate receptor (BC-box protein with CUL5 box)","CRL5","","matched","gene symbol checked fallback","E3 source has NCBI GeneID but no Ensembl gene ID; matched to one selected Ensembl protein-coding gnomAD row by symbol.","ASB10","ENSG00000146926","ENST00000420175","ENST00000420175.3","MANE Select","chr7",151175698,151187250,1.5969,2.378e-18,44,35.425,1.242,1.0201,-0.21548,1.0486,FALSE,FALSE,"no strong pLoF/missense signal","pass","none",FALSE,FALSE,1,59.998,0,0,"[]","[]"
633,153,"RNF182",221687,"Q8N6D2","RING","RING","","matched","gene symbol checked fallback","E3 source has NCBI GeneID but no Ensembl gene ID; matched to one selected Ensembl protein-coding gnomAD row by symbol.","RNF182","ENSG00000180537","ENST00000488300","ENST00000488300.6","MANE Select","chr6",13924952,13980310,1.5996,4.1502e-06,15,14.44,1.0388,0.90908,0.66576,1.0415,FALSE,FALSE,"no strong pLoF/missense signal","pass","none",FALSE,FALSE,1,59.999,0,0,"[]","[]"
634,399,"FBXO17",115290,"Q96EF6","CRL1 substrate receptor (F-box protein)","CRL1","","matched","gene symbol checked fallback","E3 source has NCBI GeneID but no Ensembl gene ID; matched to one selected Ensembl protein-coding gnomAD row by symbol.","FBXO17","ENSG00000269190","ENST00000292852","ENST00000292852.9","MANE Select","chr19",38941401,38975742,1.6248,4.1052e-18,43,34.127,1.26,1.0964,-0.80835,1.0181,FALSE,FALSE,"no strong pLoF/missense signal","pass","none",FALSE,FALSE,0.95084,59.995,0,0,"[]","[]"
635,265,"TRIM65",201292,"Q6PJ69","RING","RING","","matched","gene symbol checked fallback","E3 source has NCBI GeneID but no Ensembl gene ID; matched to one selected Ensembl protein-coding gnomAD row by symbol.","TRIM65","ENSG00000141569","ENST00000269383","ENST00000269383.8","MANE Select","chr17",75888963,75896951,1.6299,1.7375e-19,46,36.085,1.2748,1.0164,-0.1845,1.1032,FALSE,FALSE,"no strong pLoF/missense signal","pass","none",FALSE,FALSE,0.86396,59.998,0,0,"[]","[]"
636,170,"RNF224",643596,"P0DH78","RING","RING","","matched","gene symbol checked fallback","E3 source has NCBI GeneID but no Ensembl gene ID; matched to one selected Ensembl protein-coding gnomAD row by symbol.","RNF224","ENSG00000233198","ENST00000445101","ENST00000445101.4","MANE Select","chr9",137227502,137229640,1.6567,0.35334,1,2.8635,0.34923,1.145,-0.92079,1.189,FALSE,FALSE,"no strong pLoF/missense signal","pass","none",FALSE,FALSE,0.90598,59.999,0,0,"[]","[]"
637,470,"PRAMEF17",391004,"Q5VTA0","CRL2 substrate receptor (BC-CUL2-box)","CRL2","","matched","gene symbol checked fallback","E3 source has NCBI GeneID but no Ensembl gene ID; matched to one selected Ensembl protein-coding gnomAD row by symbol.","PRAMEF17","ENSG00000204479","ENST00000376098","ENST00000376098.4","MANE Select","chr1",13389632,13392629,1.6585,1.3336e-20,48,36.812,1.3039,1.1397,-1.4112,1.1161,FALSE,FALSE,"no strong pLoF/missense signal","pass","none",FALSE,FALSE,0.99859,57.479,1,0,"[]","[]"
638,107,"RFPL3",10738,"O75679","RING","RING","","matched","gene symbol checked fallback","E3 source has NCBI GeneID but no Ensembl gene ID; matched to one selected Ensembl protein-coding gnomAD row by symbol.","RFPL3","ENSG00000128276","ENST00000249007","ENST00000249007.4","MANE Select","chr22",32357867,32361161,1.6593,0.0016263,8,8.6994,0.9196,0.86329,1.1588,0.96352,FALSE,FALSE,"no strong pLoF/missense signal","pass","none",FALSE,FALSE,0.9979,54.955,1,0,"[]","[]"
639,508,"KBTBD13",390594,"C9JR72","CRL3 substrate receptor (BTB protein)","CRL3","","matched","gene symbol checked fallback","E3 source has NCBI GeneID but no Ensembl gene ID; matched to one selected Ensembl protein-coding gnomAD row by symbol.","KBTBD13","ENSG00000234438","ENST00000432196","ENST00000432196.5","MANE Select","chr15",65076746,65079948,1.6919,1.2771e-13,32,25.405,1.2596,1.3215,-3.5743,1.322,FALSE,FALSE,"missing or flagged constraint","flagged","constraint_flags=[""outlier_mis""]",FALSE,FALSE,0.89156,59.999,0,0,"[]","[""outlier_mis""]"
640,437,"FBXW5",54461,"Q969U6","CRL1 substrate receptor (F-box protein), CRL4 substrate receptor (DDB1-binding protein)","CRL1; CRL4","","matched","gene symbol checked fallback","E3 source has NCBI GeneID but no Ensembl gene ID; matched to one selected Ensembl protein-coding gnomAD row by symbol.","FBXW5","ENSG00000159069","ENST00000325285","ENST00000325285.8","MANE Select","chr9",136940435,136944738,1.7628,1.6167e-33,74,50.935,1.4528,1.3105,-3.7896,1.4439,FALSE,FALSE,"missing or flagged constraint","flagged","constraint_flags=[""outlier_mis"",""outlier_syn""]",FALSE,FALSE,1,59.999,0,0,"[]","[""outlier_mis"",""outlier_syn""]"
641,389,"FBXL22",283807,"Q6P050","CRL1 substrate receptor (F-box protein)","CRL1","","matched","gene symbol checked fallback","E3 source has NCBI GeneID but no Ensembl gene ID; matched to one selected Ensembl protein-coding gnomAD row by symbol.","FBXL22","ENSG00000197361","ENST00000638704","ENST00000638704.2","MANE Select","chr15",63597387,63601241,1.7727,1.1442e-05,13,11.66,1.115,1.267,-2.0385,1.1101,FALSE,FALSE,"no strong pLoF/missense signal","pass","none",FALSE,FALSE,0.50938,59.997,0,0,"[]","[]"
642,545,"KLHL25",64410,"Q9H0H3","CRL3 substrate receptor (BTB protein)","CRL3","","matched","gene symbol checked fallback","E3 source has NCBI GeneID but no Ensembl gene ID; matched to one selected Ensembl protein-coding gnomAD row by symbol.","KLHL25","ENSG00000183655","ENST00000337975","ENST00000337975.6","MANE Select","chr15",85759326,85794925,1.7753,3.5717e-18,41,29.965,1.3682,1.1777,-2.1758,1.1229,FALSE,FALSE,"no strong pLoF/missense signal","pass","none",FALSE,FALSE,1,59.999,0,0,"[]","[]"
643,658,"SPSB2",84727,"Q99619","CRL5 substrate receptor (BC-box protein with CUL5 box)","CRL5","","matched","gene symbol checked fallback","E3 source has NCBI GeneID but no Ensembl gene ID; matched to one selected Ensembl protein-coding gnomAD row by symbol.","SPSB2","ENSG00000111671","ENST00000524270","ENST00000524270.6","MANE Select","chr12",6870935,6873303,1.8159,5.4436e-11,25,19.228,1.3002,1.1973,-1.5627,0.9878,FALSE,FALSE,"no strong pLoF/missense signal","pass","none",FALSE,FALSE,1,59.999,0,0,"[]","[]"
644,629,"ASB12",142689,"Q8WXK4","CRL5 substrate receptor (BC-box protein with CUL5 box)","CRL5","","matched","gene symbol checked fallback","E3 source has NCBI GeneID but no Ensembl gene ID; matched to one selected Ensembl protein-coding gnomAD row by symbol.","ASB12","ENSG00000198881","ENST00000362002","ENST00000362002.3","MANE Select","chrX",64224194,64230607,1.8616,1.5164e-07,17,13.697,1.2411,1.3132,-2.1142,1.0716,FALSE,FALSE,"no strong pLoF/missense signal","pass","none",FALSE,FALSE,1,59.999,0,0,"[]","[]"
645,168,"RNF222",643904,"A6NCQ9","RING","RING","","matched","gene symbol checked fallback","E3 source has NCBI GeneID but no Ensembl gene ID; matched to one selected Ensembl protein-coding gnomAD row by symbol.","RNF222","ENSG00000189051","ENST00000399398","ENST00000399398.3","MANE Select","chr17",8390702,8397827,2.0267,1.5959e-06,14,10.799,1.2964,1.0075,-0.055228,0.98971,FALSE,FALSE,"no strong pLoF/missense signal","pass","none",FALSE,FALSE,1,59.998,0,0,"[]","[]"
646,63,"MIB1",57534,"Q86YT6","RING","RING","","matched","gene symbol checked fallback","E3 source has NCBI GeneID but no Ensembl gene ID; matched to one selected Ensembl protein-coding gnomAD row by symbol.","MIB1","ENSG00000101752","ENST00000261537","ENST00000261537.7","MANE Select","chr18",21740792,21870953,2.4661,1.0045e-147,278,124.5,2.2329,0.76293,3.5809,1.0387,FALSE,FALSE,"missing or flagged constraint","flagged","constraint_flags=[""outlier_lof""]",FALSE,FALSE,0.99867,59.999,0,0,"[]","[""outlier_lof""]"
647,394,"FBXL8",55336,"Q96CD0","CRL1 substrate receptor (F-box protein)","CRL1","","matched","gene symbol checked fallback","E3 source has NCBI GeneID but no Ensembl gene ID; matched to one selected Ensembl protein-coding gnomAD row by symbol.","FBXL8","ENSG00000135722","ENST00000258200","ENST00000258200.8","MANE Select","chr16",67159957,67164174,2.5109,1.1632e-06,13,8.2314,1.5793,1.0455,-0.45079,1.0402,FALSE,FALSE,"no strong pLoF/missense signal","pass","none",FALSE,FALSE,1,59.998,0,0,"[]","[]"
648,568,"LZTR1",8216,"Q8N653","CRL3 substrate receptor (BTB protein)","CRL3","","matched","gene symbol checked fallback","E3 source has NCBI GeneID but no Ensembl gene ID; matched to one selected Ensembl protein-coding gnomAD row by symbol.","LZTR1","ENSG00000099949","ENST00000646124","ENST00000646124.2","MANE Select","chr22",20982297,20999032,2.7248,7.154e-142,260,105.74,2.4588,1.0403,-0.58755,1.0285,FALSE,FALSE,"missing or flagged constraint","flagged","constraint_flags=[""outlier_lof""]",FALSE,FALSE,1,59.992,0,0,"[]","[""outlier_lof""]"
649,172,"RNF227",284023,"A6NIN4","RING","RING","","matched","gene symbol checked fallback","E3 source has NCBI GeneID but no Ensembl gene ID; matched to one selected Ensembl protein-coding gnomAD row by symbol.","RNF227","ENSG00000179859","ENST00000324348","ENST00000324348.9","MANE Select","chr17",7913339,7916289,2.976,0.00015581,8,4.8504,1.6493,2.0793,-3.7226,2.2456,FALSE,FALSE,"missing or flagged constraint","flagged","gene_flags=[""low_exome_coverage""]; constraint_flags=[""outlier_mis""]",TRUE,FALSE,0,60,0,0,"[""low_exome_coverage""]","[""outlier_mis""]"
650,453,"FEM1A",55527,"Q9BSK4","CRL2 substrate receptor (BC-CUL2-box), CRL5 substrate receptor (BC-CUL5-box)","CRL2; CRL5","","matched","gene symbol checked fallback","E3 source has NCBI GeneID but no Ensembl gene ID; matched to one selected Ensembl protein-coding gnomAD row by symbol.","FEM1A","ENSG00000141965","ENST00000269856","ENST00000269856.5","MANE Select","chr19",4791734,4801273,6.3977,0.14445,1,0.7415,1.3486,0.78481,2.7817,0.92952,FALSE,FALSE,"no strong pLoF/missense signal","pass","none",FALSE,FALSE,1,58.124,1,0,"[]","[]"
